feature,bucket,regime,side,horizon,label,sample_count,cluster_count,raw_expectancy_bps,expectancy_after_5_bps,expectancy_after_7_5_bps,expectancy_after_10_bps,win_rate,profit_factor,average_forward_return,median_forward_return,worst_month_expectancy,worst_symbol_expectancy,leave_one_symbol_out_passed,leave_one_month_out_passed,leave_one_quarter_out_passed,top_symbol_contribution_pct,top_month_contribution_pct,top_quarter_contribution_pct
RealizedVol60,realized_vol_60_mid,trend_down,long,240m,ROBUST_EDGE_CANDIDATE,18013,9618,21.994585,16.994585,14.494585,11.994585,54.993616,1.174282,21.994585,32.100000,-42.937228,-7.524183,true,true,true,23.856618,23.519914,39.363309
ETHContext60,eth_down,compressed_up,short,240m,ROBUST_EDGE_CANDIDATE,1354,1292,20.773165,15.773165,13.273165,10.773165,53.618907,1.220991,20.773165,17.550000,-94.943953,-4.227680,true,true,true,29.123475,20.734026,39.628060
CloseRelativeEMA20,below_ema20_strong,range,long,240m,ROBUST_EDGE_CANDIDATE,6205,5393,19.331404,14.331404,11.831404,9.331404,51.522965,1.159586,19.331404,12.400000,-52.446935,3.400412,true,true,true,22.229962,32.883758,45.539993
CloseRelativeEMA20,above_ema20_strong,range,long,240m,ROBUST_EDGE_CANDIDATE,7404,6323,18.711305,13.711305,11.211305,8.711305,52.404106,1.142121,18.711305,17.400000,-98.136110,6.031416,true,true,true,20.775573,25.388385,48.626628
RealizedVol60,realized_vol_60_mid,compressed_up,long,240m,ROBUST_EDGE_CANDIDATE,9772,6723,17.784558,12.784558,10.284558,7.784558,51.442898,1.138915,17.784558,12.200000,-66.550682,-0.338731,true,true,true,26.238850,30.847264,31.132582
ETHContext60,eth_up_strong,trend_down,short,120m,ROBUST_EDGE_CANDIDATE,1625,1418,14.929237,9.929237,7.429237,4.929237,48.307692,1.186445,14.929237,0.000000,-59.686293,-6.768306,true,true,true,38.465141,24.693967,43.584975
CloseRelativeEMA20,above_ema20_strong,trend_up,long,240m,ROBUST_EDGE_CANDIDATE,12304,9129,14.617760,9.617760,7.117760,4.617760,48.293238,1.109559,14.617760,-2.250000,-23.749628,-2.704220,true,true,true,25.439270,34.054401,42.379904
ETHContext60,eth_down_strong,trend_down,long,240m,ROBUST_EDGE_CANDIDATE,28667,16397,14.138055,9.138055,6.638055,4.138055,54.055185,1.115614,14.138055,20.200000,-37.305177,1.799548,true,true,true,23.224128,18.964453,37.518726
BTCContext60,btc_up_strong,compressed_up,long,240m,ROBUST_EDGE_CANDIDATE,12427,9282,13.458337,8.458337,5.958337,3.458337,50.390279,1.122407,13.458337,6.500000,-41.739451,3.493784,true,true,true,26.324300,13.385499,27.886958
CloseRelativeEMA20,below_ema20_strong,trend_down,long,240m,ROBUST_EDGE_CANDIDATE,13207,9671,13.263914,8.263914,5.763914,3.263914,53.592792,1.085194,13.263914,22.400000,-42.158003,-2.184339,true,true,true,33.886225,27.263132,43.353152
CloseRelativeEMA20,above_ema20_strong,range,long,120m,ROBUST_EDGE_CANDIDATE,7404,6323,12.664527,7.664527,5.164527,2.664527,51.472177,1.105313,12.664527,10.350000,-41.533207,-1.709003,true,true,true,26.524121,23.922755,49.556779
Return15,return15_down_strong,trend_down,long,240m,ROBUST_EDGE_CANDIDATE,29259,20279,11.073773,6.073773,3.573773,1.073773,53.064014,1.070999,11.073773,18.700000,-39.529317,-1.411047,true,true,true,35.359469,24.926561,41.449773
ETHContext60,eth_up_strong,compressed_up,long,240m,ROBUST_EDGE_CANDIDATE,15140,11284,10.839557,5.839557,3.339557,0.839557,50.455746,1.086663,10.839557,6.600000,-24.990241,0.234841,true,true,true,31.756013,23.726565,37.897206
ATRPct14,atr_pct_14_high,trend_up,long,240m,WEAK_EDGE,755,487,107.301970,102.301970,99.801970,97.301970,56.556291,1.866515,107.301970,68.000000,-726.153846,-203.542870,true,true,true,26.765907,24.739622,38.265995
ATRPct14,atr_pct_14_high,range,long,240m,WEAK_EDGE,1007,761,95.489491,90.489491,87.989491,85.489491,58.987090,1.642219,95.489491,82.000000,-184.252529,4.148699,true,true,true,32.450793,27.776768,49.925031
CloseRelativeEMA20,above_ema20_strong,compressed_up,long,240m,WEAK_EDGE,778,699,75.848453,70.848453,68.348453,65.848453,59.125964,1.783058,75.848453,59.450000,-100.637685,41.447438,true,true,true,25.158073,27.020365,39.857903
ATRPct14,atr_pct_14_high,trend_down,long,240m,WEAK_EDGE,1330,925,70.722666,65.722666,63.222666,60.722666,57.819549,1.467161,70.722666,76.600000,-172.565708,0.800844,true,true,true,38.586344,32.209620,43.443595
ATRPct14,atr_pct_14_high,range,long,120m,WEAK_EDGE,1007,761,61.637184,56.637184,54.137184,51.637184,55.908640,1.500939,61.637184,46.100000,-169.889763,22.115099,true,true,true,24.042225,30.372573,34.229870
ATRPct14,atr_pct_14_high,trend_up,long,120m,WEAK_EDGE,755,487,58.909150,53.909150,51.409150,48.909150,53.774834,1.460335,58.909150,33.200000,-511.072874,-97.557592,true,true,true,21.993043,33.331457,54.681071
ATRPct14,atr_pct_14_high,trend_down,long,120m,WEAK_EDGE,1330,925,57.095769,52.095769,49.595769,47.095769,56.992481,1.486237,57.095769,47.500000,-131.959151,2.267488,true,true,true,37.115086,19.183348,24.927252
CloseRelativeEMA20,below_ema20_strong,compressed_down,long,240m,WEAK_EDGE,686,645,55.422200,50.422200,47.922200,45.422200,56.268222,1.469071,55.422200,51.000000,-101.404627,-14.007804,true,true,true,27.244237,21.336696,43.807225
ATRPct14,atr_pct_14_high,trend_down,long,60m,WEAK_EDGE,1330,925,52.635339,47.635339,45.135339,42.635339,59.699248,1.608706,52.635339,52.100000,-100.088423,21.431486,true,true,true,31.464338,21.569258,37.222119
CloseRelativeEMA20,below_ema20_strong,compressed_down,long,120m,WEAK_EDGE,686,645,46.942095,41.942095,39.442095,36.942095,56.268222,1.516073,46.942095,33.850000,-68.292101,2.759658,true,true,true,33.933708,19.198801,35.089172
CloseRelativeEMA20,above_ema20_strong,compressed_up,long,120m,WEAK_EDGE,778,699,41.249935,36.249935,33.749935,31.249935,57.969152,1.481279,41.249935,44.000000,-64.239701,3.789977,true,true,true,26.218670,32.066572,49.602031
Return15,return15_down_strong,compressed_down,long,240m,WEAK_EDGE,1168,1104,39.881080,34.881080,32.381080,29.881080,55.993151,1.341301,39.881080,40.200000,-114.244921,-16.317580,true,true,true,29.024556,33.101077,62.967340
Return15,return15_down_strong,compressed_down,long,120m,WEAK_EDGE,1168,1104,38.935062,33.935062,31.435062,28.935062,55.736301,1.458399,38.935062,27.650000,-95.338183,-18.229097,true,true,true,24.773404,24.947389,42.214527
CloseRelativeEMA20,above_ema20_strong,compressed_up,long,60m,WEAK_EDGE,778,699,36.401513,31.401513,28.901513,26.401513,55.526992,1.610475,36.401513,21.700000,-56.496278,12.380044,true,true,true,25.786204,27.979178,52.742579
Return15,return15_up_strong,compressed_down,long,240m,WEAK_EDGE,918,888,35.092968,30.092968,27.592968,25.092968,53.159041,1.296546,35.092968,25.550000,-101.664180,2.473445,true,true,true,28.561784,31.474216,34.126065
Return15,return15_down_strong,compressed_up,long,240m,WEAK_EDGE,823,788,29.460731,24.460731,21.960731,19.460731,51.275820,1.247688,29.460731,11.400000,-131.507173,-7.698478,true,true,true,35.621110,28.097973,34.085791
ATRPct14,atr_pct_14_high,range,long,60m,WEAK_EDGE,1007,761,26.615735,21.615735,19.115735,16.615735,52.730884,1.213616,26.615735,21.700000,-124.628741,-14.414024,true,true,true,23.928696,32.139430,39.074899
Return15,return15_up_strong,compressed_up,long,240m,WEAK_EDGE,1271,1178,23.873414,18.873414,16.373414,13.873414,51.534225,1.180406,23.873414,17.800000,-91.612480,-6.588443,true,true,true,34.608357,32.385088,49.472442
CloseRelativeEMA20,below_ema20_strong,compressed_down,long,60m,WEAK_EDGE,686,645,22.932610,17.932610,15.432610,12.932610,55.685131,1.243876,22.932610,28.950000,-116.761035,-12.411869,true,true,true,25.409553,18.887468,31.250803
ATRPct14,atr_pct_14_high,trend_down,long,30m,WEAK_EDGE,1330,925,22.567377,17.567377,15.067377,12.567377,58.872180,1.224376,22.567377,42.900000,-86.637815,-1.868739,true,true,true,42.995551,24.932751,44.151225
Return15,return15_down_strong,compressed_up,long,120m,WEAK_EDGE,823,788,22.087125,17.087125,14.587125,12.087125,52.976914,1.237664,22.087125,15.800000,-113.108571,-2.379345,true,true,true,34.860643,25.772462,46.721220
CloseRelativeEMA20,above_ema20_strong,compressed_up,long,30m,WEAK_EDGE,778,699,19.763145,14.763145,12.263145,9.763145,50.899743,1.323832,19.763145,7.050000,-63.352611,0.839250,true,true,true,41.516051,31.517762,60.740731
Return15,return15_down_strong,compressed_down,long,60m,WEAK_EDGE,1168,1104,19.275063,14.275063,11.775063,9.275063,54.195205,1.230799,19.275063,19.250000,-77.759709,-15.540516,true,true,true,22.785229,26.405201,39.318131
Return15,return15_up_strong,compressed_up,long,60m,WEAK_EDGE,1271,1178,18.963986,13.963986,11.463986,8.963986,52.478363,1.267789,18.963986,12.600000,-50.116878,9.704384,true,true,true,17.844713,33.086996,47.488828
Return15,return15_up_strong,compressed_down,long,120m,WEAK_EDGE,918,888,18.382172,13.382172,10.882172,8.382172,50.980392,1.173819,18.382172,8.700000,-72.431310,-18.015506,true,true,true,30.324836,28.571983,34.611396
Return15,return15_down_strong,compressed_up,long,60m,WEAK_EDGE,823,788,18.266678,13.266678,10.766678,8.266678,52.976914,1.240210,18.266678,12.600000,-69.789789,-7.032591,true,true,true,28.428925,29.556894,29.049789
CloseRelativeEMA20,below_ema20_strong,compressed_down,long,30m,WEAK_EDGE,686,645,17.376093,12.376093,9.876093,7.376093,54.373178,1.230061,17.376093,16.400000,-92.968278,-13.024259,true,true,true,31.859478,23.686440,28.327371
Return15,return15_down_strong,compressed_up,long,30m,WEAK_EDGE,823,788,15.467128,10.467128,7.967128,5.467128,51.032807,1.266285,15.467128,6.800000,-100.870119,-1.776538,true,true,true,31.264706,26.756774,31.572537
BTCContext60,btc_down_strong,trend_up,long,120m,WEAK_EDGE,928,814,12.940070,7.940070,5.440070,2.940070,48.168103,1.118450,12.940070,0.150000,-70.674560,-23.243056,true,true,true,42.091244,28.757041,37.046951
ATRPct14,atr_pct_14_high,trend_up,long,15m,WEAK_EDGE,755,487,12.759558,7.759558,5.259558,2.759558,48.079470,1.119633,12.759558,-2.100000,-166.767264,-8.383534,true,true,true,35.792873,23.237412,50.029846
CloseRelativeEMA20,below_ema20_strong,compressed_down,long,15m,WEAK_EDGE,686,645,12.757659,7.757659,5.257659,2.757659,56.559767,1.212142,12.757659,18.050000,-46.692559,-12.352502,true,true,true,26.913349,23.827075,34.472937
Return15,return15_down_strong,compressed_down,long,30m,WEAK_EDGE,1168,1104,10.542746,5.542746,3.042746,0.542746,52.397260,1.117095,10.542746,11.100000,-58.778700,-30.062211,true,true,false,25.646762,26.497747,64.330783
SessionUTC,us,compressed_down,short,240m,WEAK_EDGE,13459,9794,10.004446,5.004446,2.504446,0.004446,48.012482,1.069472,10.004446,-1.600000,-63.227472,-4.333733,true,true,false,34.554895,26.155535,65.322147
SessionUTC,europe,trend_up,short,240m,WEAK_EDGE,30756,15080,9.826132,4.826132,2.326132,-0.173868,52.103655,1.082211,9.826132,10.900000,-32.544559,-9.039371,true,true,true,30.841800,19.147379,32.523034
RealizedVol60,realized_vol_60_mid,trend_down,long,120m,WEAK_EDGE,18013,9618,9.756257,4.756257,2.256257,-0.243743,53.483595,1.061359,9.756257,19.900000,-39.136152,-6.642758,true,true,false,29.924029,26.845775,46.722242
CloseRelativeEMA20,above_ema20,trend_down,long,60m,WEAK_EDGE,2094,2021,9.484620,4.484620,1.984620,-0.515380,53.151862,1.104803,9.484620,12.700000,-59.793459,-9.976685,true,true,true,25.557120,34.315342,48.633531
Return15,return15_up,trend_down,long,240m,WEAK_EDGE,2136,2111,9.250599,4.250599,1.750599,-0.749401,51.591760,1.059614,9.250599,10.250000,-27.016667,-17.415180,true,true,true,32.130223,24.997118,35.872028
SessionUTC,late_us,compressed_down,long,120m,WEAK_EDGE,6263,4772,9.248359,4.248359,1.748359,-0.751641,50.502954,1.096498,9.248359,5.800000,-44.903775,-7.785674,true,true,false,42.961144,19.983160,33.959959
BTCContext60,btc_up_strong,range,long,240m,WEAK_EDGE,10002,7967,8.984027,3.984027,1.484027,-1.015973,50.469906,1.052802,8.984027,6.600000,-45.758747,-2.512677,true,true,true,40.135886,24.112740,41.344590
SessionUTC,asia,trend_up,long,240m,WEAK_EDGE,36588,17818,8.958634,3.958634,1.458634,-1.041366,49.119930,1.079105,8.958634,2.950000,-25.551612,0.526113,true,true,true,21.517904,33.429373,36.434024
BTCContext60,btc_down_strong,trend_down,long,240m,WEAK_EDGE,19720,11580,8.807961,3.807961,1.307961,-1.192039,53.823529,1.045162,8.807961,20.150000,-42.990897,-13.210058,true,true,false,43.385665,22.972930,52.043388
SessionUTC,asia,range,long,240m,WEAK_EDGE,70306,31991,8.714083,3.714083,1.214083,-1.285917,50.058317,1.072381,8.714083,5.100000,-16.357673,-0.294350,true,true,true,24.021019,30.272249,47.390338
CloseRelativeEMA20,above_ema20_strong,trend_up,long,120m,WEAK_EDGE,12304,9129,8.701589,3.701589,1.201589,-1.298411,47.074122,1.054393,8.701589,-5.300000,-26.430876,-2.643399,true,true,true,23.898612,26.273479,30.120023
Return15,return15_up_strong,range,long,240m,WEAK_EDGE,19019,15548,8.548163,3.548163,1.048163,-1.451837,51.769283,1.042766,8.548163,12.100000,-54.920483,-4.727254,true,true,false,42.267889,24.387168,39.535557
ETHContext60,eth_up_strong,trend_down,short,240m,WEAK_EDGE,1625,1418,8.493619,3.493619,0.993619,-1.506381,47.876923,1.045256,8.493619,-3.100000,-80.680216,-18.164152,true,false,false,41.397881,34.862600,51.311070
BTCContext60,btc_up_strong,trend_down,long,240m,WEAK_EDGE,759,705,8.467112,3.467112,0.967112,-1.532888,51.383399,1.042951,8.467112,9.800000,-105.499058,-15.943787,true,false,false,34.113558,28.757947,67.831861
SessionUTC,asia,compressed_up,long,240m,WEAK_EDGE,13062,9148,8.411283,3.411283,0.911283,-1.588717,50.780891,1.059766,8.411283,7.400000,-36.618936,-2.314767,true,true,true,21.086172,16.769990,26.245115
ATRPct14,atr_pct_14_mid,compressed_up,long,240m,WEAK_EDGE,15927,11173,8.077089,3.077089,0.577089,-1.922911,50.122434,1.035885,8.077089,5.500000,-48.321154,-7.988667,true,false,true,26.583202,31.839321,23.126613
CloseRelativeEMA20,below_ema20_strong,range,long,120m,WEAK_EDGE,6205,5393,8.068902,3.068902,0.568902,-1.931098,50.958904,1.043267,8.068902,8.700000,-40.258695,-6.606726,true,false,true,27.573488,34.592796,39.781238
ETHContext60,eth_down_strong,range,long,240m,WEAK_EDGE,16679,12476,7.789712,2.789712,0.289712,-2.210288,51.232088,1.035636,7.789712,9.500000,-46.726362,-2.321753,true,false,false,34.028151,27.147702,42.930857
BTCContext60,btc_up_strong,trend_up,long,240m,WEAK_EDGE,17436,10827,7.762758,2.762758,0.262758,-2.237242,48.491627,1.039880,7.762758,0.000000,-19.394458,-1.325633,true,true,true,23.653432,23.366273,36.654830
BTCContext60,btc_down_strong,range,long,120m,WEAK_EDGE,9567,7600,7.727892,2.727892,0.227892,-2.272108,51.437232,1.044240,7.727892,9.100000,-48.141700,-4.524685,true,true,false,29.780502,25.750743,51.060576
ETHContext60,eth_up_strong,range,long,240m,WEAK_EDGE,17543,13106,7.708880,2.708880,0.208880,-2.291120,49.581029,1.039007,7.708880,3.700000,-25.666872,-6.257383,true,true,true,29.849801,28.710538,49.184282
SessionUTC,asia,trend_down,long,240m,WEAK_EDGE,33470,16334,7.625731,2.625731,0.125731,-2.374269,51.260831,1.045719,7.625731,8.300000,-35.618659,-3.405078,true,true,false,38.581568,17.907549,41.681131
VolumeRatio20,volume_ratio_low,compressed_up,long,240m,WEAK_EDGE,18592,15813,7.548139,2.548139,0.048139,-2.451861,49.688038,1.041018,7.548139,4.100000,-21.688943,-1.879261,true,true,true,23.026554,31.403341,28.023974
SessionUTC,asia,compressed_down,long,240m,WEAK_EDGE,10318,7817,7.443227,2.443227,-0.056773,-2.556773,49.496026,1.039798,7.443227,3.400000,-68.985748,-1.503909,true,false,false,36.170392,24.246467,41.452428
BTCContext60,btc_up_strong,range,long,120m,WEAK_EDGE,10002,7967,6.969783,1.969783,-0.530217,-3.030217,49.400120,1.036278,6.969783,3.600000,-30.397873,-2.187732,true,true,true,32.526870,24.097506,34.824554
CloseRelativeEMA20,below_ema20_strong,trend_down,long,120m,WEAK_EDGE,13207,9671,6.887403,1.887403,-0.612597,-3.112597,53.850231,1.025003,6.887403,17.700000,-38.834945,-3.243333,true,false,false,35.486756,30.719813,50.297891
ETHContext60,eth_down,compressed_down,short,240m,WEAK_EDGE,14985,12760,6.794482,1.794482,-0.705518,-3.205518,48.682015,1.028925,6.794482,0.900000,-37.196893,-4.676083,true,false,false,42.849865,33.337473,72.540357
SessionUTC,late_us,compressed_up,long,240m,WEAK_EDGE,8395,5804,6.791427,1.791427,-0.708573,-3.208573,50.363311,1.029958,6.791427,6.000000,-80.830958,-19.051940,true,false,false,36.340543,31.450774,44.207226
BTCContext60,btc_down_strong,trend_up,long,15m,WEAK_EDGE,928,814,6.764681,1.764681,-0.735319,-3.235319,50.107759,1.065534,6.764681,5.350000,-32.253669,-8.855847,false,true,true,44.362022,24.077230,40.353765
ATRPct14,atr_pct_14_mid,trend_down,long,240m,WEAK_EDGE,44654,24466,6.757906,1.757906,-0.742094,-3.242094,52.725400,1.021152,6.757906,16.400000,-33.555398,-6.763837,true,false,false,43.622378,32.003585,43.916303
RealizedVol60,realized_vol_60_low,compressed_down,short,240m,WEAK_EDGE,28359,21606,6.689873,1.689873,-0.810127,-3.310127,48.594802,1.029999,6.689873,1.300000,-41.039581,-5.709496,true,false,false,32.100596,23.521181,69.472789
BTCContext60,btc_down_strong,trend_up,long,60m,WEAK_EDGE,928,814,6.524005,1.524005,-0.975995,-3.475995,46.228448,1.029600,6.524005,-3.450000,-60.020513,-19.255999,false,false,false,44.628786,24.960021,35.856514
BTCContext60,btc_down_strong,range,long,240m,WEAK_EDGE,9567,7600,5.694398,0.694398,-1.805602,-4.305602,51.395422,1.008355,5.694398,9.300000,-72.498461,-11.657183,false,false,false,28.519451,30.956213,52.590456
SessionUTC,europe,range,short,240m,WEAK_EDGE,61231,27836,5.584769,0.584769,-1.915231,-4.415231,50.489131,1.009975,5.584769,6.400000,-38.978262,-9.713826,false,false,false,35.917446,27.607688,50.724883
BTCContext60,btc_up_strong,compressed_up,long,120m,WEAK_EDGE,12427,9282,5.561348,0.561348,-1.938652,-4.438652,48.555564,1.010663,5.561348,1.600000,-23.596402,-6.982588,false,false,false,41.989686,19.716528,94.169001
Return15,return15_down,trend_up,long,240m,WEAK_EDGE,2286,2245,5.511281,0.511281,-1.988719,-4.488719,49.300087,1.007354,5.511281,2.000000,-66.644663,-18.018063,false,false,false,43.110397,21.969135,31.931882
ETHContext60,eth_up_strong,trend_up,long,240m,WEAK_EDGE,25344,15253,5.446861,0.446861,-2.053139,-4.553139,47.900884,1.006608,5.446861,-1.600000,-25.599500,-2.832950,true,false,false,33.100266,29.921088,49.856772
TakerBuyRatio,taker_balanced,trend_down,long,240m,WEAK_EDGE,15801,13594,5.110466,0.110466,-2.389534,-4.889534,51.117018,1.001563,5.110466,8.700000,-52.795971,-9.766256,false,false,false,37.660641,27.756918,50.427555
SessionUTC,asia,compressed_up,long,120m,WEAK_EDGE,13062,9148,5.031313,0.031313,-2.468687,-4.968687,49.655489,1.000763,5.031313,4.300000,-42.100146,-3.953041,false,false,false,44.494956,23.270462,45.010219
ATRPct14,atr_pct_14_high,trend_up,long,60m,DISCOVERY_REJECTED,755,487,34.531905,29.531905,27.031905,24.531905,51.523179,1.285662,34.531905,12.600000,-344.068826,-50.910628,true,true,true,26.869354,46.827629,66.242340
ATRPct14,atr_pct_14_high,range,long,30m,DISCOVERY_REJECTED,1007,761,21.859908,16.859908,14.359908,11.859908,53.426018,1.243305,21.859908,16.900000,-103.543329,-6.239184,true,true,true,45.240694,37.022086,44.720094
CloseRelativeEMA20,above_ema20,trend_down,long,240m,DISCOVERY_REJECTED,2094,2021,15.876182,10.876182,8.376182,5.876182,52.340019,1.142027,15.876182,13.800000,-40.474390,-31.344387,true,true,true,37.625338,36.574758,41.415626
RealizedVol60,realized_vol_60_mid,range,long,240m,DISCOVERY_REJECTED,31002,16617,14.935552,9.935552,7.435552,4.935552,51.757951,1.103718,14.935552,13.500000,-55.265030,4.363496,true,true,true,28.970324,36.232999,41.004298
RealizedVol60,realized_vol_60_mid,compressed_down,long,240m,DISCOVERY_REJECTED,9381,6861,14.484666,9.484666,6.984666,4.484666,52.158618,1.099142,14.484666,16.000000,-59.242892,-9.028602,true,true,false,31.060828,39.038822,53.104467
BTCContext60,btc_down_strong,trend_up,long,240m,DISCOVERY_REJECTED,928,814,13.523425,8.523425,6.023425,3.523425,45.474138,1.096869,13.523425,-9.650000,-158.812224,-24.918577,true,true,false,45.392397,27.124886,63.463258
RealizedVol60,realized_vol_60_mid,trend_up,long,240m,DISCOVERY_REJECTED,15023,8195,13.499618,8.499618,5.999618,3.499618,48.445717,1.085715,13.499618,-4.000000,-32.943440,-5.059473,true,true,true,25.541918,39.175720,66.434114
ATRPct14,atr_pct_14_high,trend_up,long,30m,DISCOVERY_REJECTED,755,487,12.696366,7.696366,5.196366,2.696366,45.562914,1.088612,12.696366,-11.700000,-142.315816,-41.700741,true,false,false,39.955473,37.263970,55.863329
CloseRelativeEMA20,above_ema20,trend_down,long,120m,DISCOVERY_REJECTED,2094,2021,12.070826,7.070826,4.570826,2.070826,52.674308,1.117897,12.070826,13.800000,-43.028494,-13.977157,true,true,true,52.797776,20.506163,40.786994
Return15,return15_down_strong,range,long,240m,DISCOVERY_REJECTED,16644,13830,10.418106,5.418106,2.918106,0.418106,50.288392,1.065886,10.418106,6.100000,-35.009227,-0.181135,true,true,true,35.475771,36.019699,45.352508
Return15,return15_up_strong,compressed_up,long,30m,DISCOVERY_REJECTED,1271,1178,9.379691,4.379691,1.879691,-0.620309,47.442958,1.097562,9.379691,0.700000,-39.866614,-1.708075,true,false,false,38.379100,50.573770,63.958741
ATRPct14,atr_pct_14_high,trend_down,short,5m,DISCOVERY_REJECTED,1330,925,9.138430,4.138430,1.638430,-0.861570,40.827068,1.079311,9.138430,-14.500000,-75.805902,-13.247361,true,false,false,30.758864,78.288138,83.263202
ETHContext60,eth_down,compressed_up,short,120m,DISCOVERY_REJECTED,1354,1292,9.079909,4.079909,1.579909,-0.920091,51.550960,1.081543,9.079909,8.850000,-103.377131,-6.908666,true,true,false,45.115082,21.310211,38.742734
Return15,return15_up_strong,trend_up,long,240m,DISCOVERY_REJECTED,27060,19225,8.074130,3.074130,0.574130,-1.925870,47.572062,1.038182,8.074130,-4.300000,-30.874291,-4.313111,true,false,false,27.145487,46.828199,72.122154
RealizedVol60,realized_vol_60_mid,compressed_down,long,120m,DISCOVERY_REJECTED,9381,6861,7.956811,2.956811,0.456811,-2.043189,50.442384,1.040581,7.956811,6.300000,-42.877173,-6.960747,true,false,false,29.364042,38.821195,63.963150
ATRPct14,atr_pct_14_high,trend_down,long,15m,DISCOVERY_REJECTED,1330,925,7.689913,2.689913,0.189913,-2.310087,58.045113,1.037280,7.689913,31.650000,-111.707774,-12.638495,false,false,false,50.482658,27.055412,80.900470
ETHContext60,eth_up,compressed_down,short,240m,DISCOVERY_REJECTED,1561,1464,7.611413,2.611413,0.111413,-2.388587,49.775785,1.034319,7.611413,4.200000,-202.779458,-16.111175,false,false,false,73.451906,24.020654,41.619190
RealizedVol60,realized_vol_60_mid,range,long,120m,DISCOVERY_REJECTED,31002,16617,7.533456,2.533456,0.033456,-2.466544,51.077350,1.034868,7.533456,9.550000,-36.386103,-0.464159,true,false,false,38.668230,43.316055,52.849974
ETHContext60,eth_up,compressed_down,long,60m,DISCOVERY_REJECTED,1561,1464,7.457912,2.457912,-0.042088,-2.542088,50.160154,1.066289,7.457912,5.200000,-73.582398,-8.027485,false,false,false,66.637723,59.060823,78.135804
TrendSlope20,slope_down,compressed_down,short,240m,DISCOVERY_REJECTED,3761,3427,7.071656,2.071656,-0.428344,-2.928344,48.976336,1.028512,7.071656,1.400000,-90.648293,-231.695266,false,false,false,65.163054,21.504939,77.826425
Return15,return15_up_strong,compressed_down,long,60m,DISCOVERY_REJECTED,918,888,6.877554,1.877554,-0.622446,-3.122446,48.474946,1.032901,6.877554,0.000000,-65.620779,-5.723354,false,false,false,54.455739,25.739838,51.434394
Return15,return15_down_strong,compressed_up,long,15m,DISCOVERY_REJECTED,823,788,6.740165,1.740165,-0.759835,-3.259835,47.995140,1.058212,6.740165,1.400000,-61.946157,-7.265698,false,false,false,47.542441,30.987112,41.580501
CloseRelativeEMA20,above_ema20_strong,range,long,60m,DISCOVERY_REJECTED,7404,6323,6.685648,1.685648,-0.814352,-3.314352,48.608860,1.031651,6.685648,1.800000,-27.432696,-5.068589,true,true,false,51.273372,19.869067,40.801693
CloseRelativeEMA20,above_ema20_strong,compressed_up,long,15m,DISCOVERY_REJECTED,778,699,6.674029,1.674029,-0.825971,-3.325971,48.843188,1.048067,6.674029,3.250000,-60.949764,-10.335247,false,false,false,76.362737,30.491665,51.407191
TakerBuyRatio,taker_sell_heavy,compressed_up,long,240m,DISCOVERY_REJECTED,9060,8314,6.451872,1.451872,-1.048128,-3.548128,49.205298,1.021699,6.451872,2.800000,-23.865431,-3.387537,false,false,true,62.697512,28.836345,39.128226
BTCContext60,btc_up,trend_down,short,240m,DISCOVERY_REJECTED,9157,7754,6.342305,1.342305,-1.157695,-3.657695,48.574861,1.021497,6.342305,1.300000,-51.227669,-5.872677,true,false,false,44.682194,38.461245,78.418457
ETHContext60,eth_down_strong,range,long,120m,DISCOVERY_REJECTED,16679,12476,6.211129,1.211129,-1.288871,-3.788871,51.399964,1.021276,6.211129,8.500000,-22.744729,-2.420620,true,false,false,51.667562,24.538077,34.205090
TakerBuyRatio,taker_balanced,compressed_up,long,240m,DISCOVERY_REJECTED,6687,6271,6.205930,1.205930,-1.294070,-3.794070,49.364438,1.017705,6.205930,3.000000,-19.348263,-15.601546,false,false,false,51.231216,23.562097,30.682617
ATRPct14,atr_pct_14_mid,range,long,240m,DISCOVERY_REJECTED,68277,38332,6.059458,1.059458,-1.440542,-3.940542,50.381534,1.012643,6.059458,6.600000,-29.499282,-4.128269,true,false,false,42.222654,43.994128,45.969846
ETHContext60,eth_down_strong,trend_down,long,120m,DISCOVERY_REJECTED,28667,16397,6.055041,1.055041,-1.444959,-3.944959,52.597063,1.017426,6.055041,12.100000,-47.365400,-3.865722,true,false,false,47.792313,19.130633,36.800703
Return15,return15_down_strong,compressed_down,long,15m,DISCOVERY_REJECTED,1168,1104,5.812327,0.812327,-1.687673,-4.187673,51.027397,1.022463,5.812327,6.850000,-45.564970,-5.132680,false,false,false,57.362414,29.634199,62.182382
CloseRelativeEMA20,above_ema20,compressed_up,long,240m,DISCOVERY_REJECTED,10988,9527,5.688611,0.688611,-1.811389,-4.311389,49.772479,1.009649,5.688611,4.400000,-37.453423,-6.494261,false,false,false,52.559350,27.716083,54.448353
SessionUTC,late_us,compressed_down,long,240m,DISCOVERY_REJECTED,6263,4772,5.574395,0.574395,-1.925605,-4.425605,50.518921,1.008906,5.574395,6.000000,-61.678399,-17.926898,false,false,false,61.188846,30.125158,42.146477
Return15,return15_up_strong,range,long,120m,DISCOVERY_REJECTED,19019,15548,5.539334,0.539334,-1.960666,-4.460666,50.449550,1.008689,5.539334,6.100000,-19.434793,-4.441181,false,false,false,67.143912,27.481697,39.371533
ETHContext60,eth_down_strong,compressed_down,long,240m,DISCOVERY_REJECTED,11580,9296,5.398041,0.398041,-2.101959,-4.601959,50.276339,1.004882,5.398041,5.750000,-65.256052,-6.114659,false,false,false,49.530394,38.171827,54.323857
TakerBuyRatio,taker_sell_heavy,trend_down,long,240m,DISCOVERY_REJECTED,21957,18023,5.397970,0.397970,-2.102030,-4.602030,51.300269,1.005897,5.397970,8.400000,-35.123496,-8.259764,false,false,false,48.886975,28.604927,38.373470
SessionUTC,asia,compressed_up,long,60m,DISCOVERY_REJECTED,13062,9148,5.368855,0.368855,-2.131145,-4.631145,48.759761,1.012869,5.368855,3.100000,-11.559449,-1.650712,false,false,false,47.808683,17.967722,45.819910
TrendSlope20,slope_down,trend_down,long,240m,DISCOVERY_REJECTED,19465,12644,5.354970,0.354970,-2.145030,-4.645030,50.685846,1.005044,5.354970,7.300000,-22.983690,-21.789343,false,false,false,54.564643,41.404357,53.795650
TrendSlope20,slope_down_strong,compressed_up,long,240m,DISCOVERY_REJECTED,9108,7921,5.334695,0.334695,-2.165305,-4.665305,49.297321,1.005566,5.334695,3.400000,-22.551680,-4.534294,false,false,false,48.046361,21.167223,40.563716
Return15,return15_down_strong,trend_down,long,120m,DISCOVERY_REJECTED,29259,20279,5.261435,0.261435,-2.238565,-4.738565,52.681226,1.003992,5.261435,12.900000,-39.950848,-4.810018,false,false,false,52.230863,30.101846,51.626984
ATRPct14,atr_pct_14_low,compressed_down,short,240m,DISCOVERY_REJECTED,22712,17912,5.210648,0.210648,-2.289352,-4.789352,48.419338,1.004122,5.210648,1.200000,-35.785467,-5.471324,false,false,false,52.335260,17.043673,61.445189
BTCContext60,btc_up,trend_down,short,120m,DISCOVERY_REJECTED,9157,7754,5.135351,0.135351,-2.364649,-4.864649,46.652834,1.003059,5.135351,-2.200000,-26.485359,-2.814419,false,false,false,48.222577,25.269345,58.602465
Return15,return15_up_strong,compressed_down,short,5m,DISCOVERY_REJECTED,918,888,5.098068,0.098068,-2.401932,-4.901932,50.544662,1.004788,5.098068,5.550000,-42.838393,-7.355644,false,false,false,51.345877,28.669098,50.910217
SessionUTC,late_us,trend_up,long,240m,DISCOVERY_REJECTED,20591,10345,5.092985,0.092985,-2.407015,-4.907015,46.126949,1.001646,5.092985,-4.600000,-73.443780,-10.726708,false,false,false,47.880949,40.044731,74.441864
RealizedVol60,realized_vol_60_mid,compressed_up,long,60m,DISCOVERY_REJECTED,9772,6723,5.081394,0.081394,-2.418606,-4.918606,49.079001,1.001567,5.081394,2.600000,-28.576781,-7.867081,false,false,false,36.215415,41.550322,72.966620
CloseRelativeEMA20,above_ema20,compressed_down,long,120m,DISCOVERY_REJECTED,4917,4574,5.078067,0.078067,-2.421933,-4.921933,49.318690,1.001354,5.078067,2.500000,-42.058596,-7.969755,false,false,false,61.272281,27.598058,41.812293
TakerBuyRatio,taker_sell_heavy_strong,compressed_down,short,240m,DISCOVERY_REJECTED,9624,8842,5.006546,0.006546,-2.493454,-4.993454,48.285536,1.000104,5.006546,0.000000,-32.934850,-6.228167,false,false,false,73.761849,27.204916,49.390817
CloseRelativeEMA20,near_ema20,compressed_down,short,240m,DISCOVERY_REJECTED,22983,18922,4.967037,-0.032963,-2.532963,-5.032963,48.427098,0.999446,4.967037,0.500000,-42.021523,-3.840506,false,false,false,72.990362,21.794925,83.354101
SessionUTC,late_us,trend_down,long,240m,DISCOVERY_REJECTED,18635,9488,4.948726,-0.051274,-2.551274,-5.051274,54.322511,0.999177,4.948726,16.900000,-62.485214,-15.120176,false,false,false,50.391603,14.351874,42.730711
SessionUTC,europe,compressed_down,short,120m,DISCOVERY_REJECTED,7860,6073,4.923506,-0.076494,-2.576494,-5.076494,48.651399,0.998281,4.923506,2.250000,-37.446098,-9.969269,false,false,false,67.399584,24.422892,33.097370
ETHContext60,eth_up_strong,range,long,120m,DISCOVERY_REJECTED,17543,13106,4.846411,-0.153589,-2.653589,-5.153589,48.976800,0.997002,4.846411,2.400000,-39.520047,-4.408985,false,false,false,54.066745,28.566307,52.010640
CloseRelativeEMA20,above_ema20,compressed_down,long,240m,DISCOVERY_REJECTED,4917,4574,4.812325,-0.187675,-2.687675,-5.187675,49.806793,0.997648,4.812325,3.600000,-68.372246,-13.301499,false,false,false,44.022551,27.143841,52.876616
TrendSlope20,slope_down,range,long,240m,DISCOVERY_REJECTED,19673,14407,4.810046,-0.189954,-2.689954,-5.189954,48.187872,0.997049,4.810046,0.000000,-34.706562,-13.654522,false,false,false,65.335491,49.508014,63.518581
BTCContext60,btc_down,trend_down,long,240m,DISCOVERY_REJECTED,43741,28130,4.783592,-0.216408,-2.716408,-5.216408,51.267689,0.996525,4.783592,8.600000,-36.701187,-5.223949,false,false,false,42.614618,19.589003,41.210617
RealizedVol60,realized_vol_60_mid,trend_down,long,60m,DISCOVERY_REJECTED,18013,9618,4.721905,-0.278095,-2.778095,-5.278095,53.639038,0.995351,4.721905,16.100000,-20.894427,-7.427803,false,false,false,34.497541,23.210896,59.329408
ETHContext60,eth_up_strong,compressed_up,long,120m,DISCOVERY_REJECTED,15140,11284,4.657503,-0.342497,-2.842497,-5.342497,48.652576,0.993143,4.657503,1.700000,-22.840289,-5.462906,false,false,false,42.588197,29.880607,54.263803
SessionUTC,asia,range,long,120m,DISCOVERY_REJECTED,70306,31991,4.639366,-0.360634,-2.860634,-5.360634,49.358518,0.990461,4.639366,3.900000,-16.489096,-3.602491,false,false,false,30.327606,35.390693,74.384436
CloseRelativeEMA20,above_ema20_strong,trend_up,long,60m,DISCOVERY_REJECTED,12304,9129,4.608427,-0.391573,-2.891573,-5.391573,44.692783,0.992591,4.608427,-8.250000,-21.834885,-4.661192,false,false,false,32.713074,21.524059,54.230552
ATRPct14,atr_pct_14_high,range,long,15m,DISCOVERY_REJECTED,1007,761,4.597425,-0.402575,-2.902575,-5.402575,52.631579,0.992852,4.597425,10.600000,-123.576021,-27.277582,false,false,false,50.842512,33.114052,48.098156
TrendSlope20,slope_up,compressed_down,long,240m,DISCOVERY_REJECTED,3139,2893,4.577572,-0.422428,-2.922428,-5.422428,49.410640,0.994167,4.577572,3.000000,-62.324839,-34.300082,false,false,false,33.075719,23.516040,33.918527
Return15,return15_up,trend_down,long,120m,DISCOVERY_REJECTED,2136,2111,4.547461,-0.452539,-2.952539,-5.452539,51.170412,0.991308,4.547461,9.400000,-23.890324,-12.587256,false,false,false,43.083377,23.084092,41.312740
BTCContext60,btc_up_strong,compressed_up,long,60m,DISCOVERY_REJECTED,12427,9282,4.526918,-0.473082,-2.973082,-5.473082,46.922025,0.987841,4.526918,-0.700000,-13.143625,-4.547616,false,false,false,91.459515,26.947529,43.718379
SessionUTC,late_us,compressed_down,long,60m,DISCOVERY_REJECTED,6263,4772,4.516025,-0.483975,-2.983975,-5.483975,49.273511,0.984524,4.516025,4.200000,-23.997511,-6.904031,false,false,false,54.972880,18.149365,46.001576
RealizedVol60,realized_vol_60_mid,compressed_up,long,120m,DISCOVERY_REJECTED,9772,6723,4.503600,-0.496400,-2.996400,-5.496400,49.805567,0.993084,4.503600,4.500000,-40.808560,-11.882499,false,false,false,26.768495,46.121443,80.463950
Return15,return15_down,trend_up,long,120m,DISCOVERY_REJECTED,2286,2245,4.497401,-0.502599,-3.002599,-5.502599,48.993876,0.989956,4.497401,2.750000,-41.888104,-20.622381,false,false,false,35.827703,35.129694,42.625512
SessionUTC,europe,trend_up,short,120m,DISCOVERY_REJECTED,30756,15080,4.474389,-0.525611,-3.025611,-5.525611,51.199766,0.986725,4.474389,7.000000,-19.930771,-7.194813,false,false,false,43.900594,21.095246,41.865837
Return15,return15_up_strong,compressed_up,long,5m,DISCOVERY_REJECTED,1271,1178,4.386930,-0.613070,-3.113070,-5.613070,46.498820,0.972455,4.386930,1.000000,-23.495360,-4.808249,false,false,false,36.801911,42.773670,78.983689
CloseRelativeEMA20,above_ema20_strong,compressed_up,long,5m,DISCOVERY_REJECTED,778,699,4.345418,-0.654582,-3.154582,-5.654582,45.244216,0.975073,4.345418,-2.200000,-34.973890,-17.681296,false,false,false,86.525854,29.864167,52.154455
TrendSlope20,slope_flat,compressed_up,long,240m,DISCOVERY_REJECTED,17276,12403,4.328028,-0.671972,-3.171972,-5.671972,48.830748,0.989757,4.328028,1.700000,-25.410504,-15.045500,false,false,false,64.500261,59.039995,71.347253
BTCContext60,btc_up_strong,trend_down,long,5m,DISCOVERY_REJECTED,759,705,4.305162,-0.694838,-3.194838,-5.694838,49.407115,0.952908,4.305162,3.800000,-20.770873,-5.748835,false,false,false,45.119959,36.314028,45.881216
ETHContext60,eth_up,compressed_down,short,120m,DISCOVERY_REJECTED,1561,1464,4.272670,-0.727330,-3.227330,-5.727330,49.519539,0.987518,4.272670,3.900000,-225.011402,-20.814358,false,false,false,72.202980,25.991957,35.857889
CloseRelativeEMA20,below_ema20_strong,compressed_down,long,5m,DISCOVERY_REJECTED,686,645,4.201607,-0.798393,-3.298393,-5.798393,51.603499,0.969791,4.201607,6.800000,-33.697795,-14.897633,false,false,false,55.175430,25.284677,53.698284
SessionUTC,asia,trend_up,long,120m,DISCOVERY_REJECTED,36588,17818,4.152418,-0.847582,-3.347582,-5.847582,46.908823,0.977320,4.152418,0.000000,-17.320733,-4.036443,false,false,false,56.068932,47.231350,64.819658
Return15,return15_up_strong,trend_up,long,120m,DISCOVERY_REJECTED,27060,19225,4.148362,-0.851638,-3.351638,-5.851638,46.130820,0.985942,4.148362,-6.400000,-19.531808,-5.506906,false,false,false,39.709410,39.266979,45.574463
CloseRelativeEMA20,above_ema20_strong,range,long,30m,DISCOVERY_REJECTED,7404,6323,4.116314,-0.883686,-3.383686,-5.883686,46.704484,0.977607,4.116314,-1.100000,-21.203624,-7.625901,false,false,false,38.648932,27.571303,27.114185
CloseRelativeEMA20,below_ema20_strong,range,long,15m,DISCOVERY_REJECTED,6205,5393,4.109922,-0.890078,-3.390078,-5.890078,51.216761,0.969018,4.109922,6.600000,-13.553424,-5.864243,false,false,false,70.433511,29.460607,67.202215
SessionUTC,us,trend_up,long,240m,DISCOVERY_REJECTED,32725,16493,4.080539,-0.919461,-3.419461,-5.919461,47.694423,0.986215,4.080539,-1.600000,-35.620437,-6.140785,false,false,false,42.906280,14.701975,51.543738
SessionUTC,late_us,trend_up,long,120m,DISCOVERY_REJECTED,20591,10345,4.078338,-0.921662,-3.421662,-5.921662,45.359623,0.976695,4.078338,-3.300000,-26.445946,-9.412551,false,false,false,60.666538,31.184674,46.667741
Return15,return15_down,compressed_down,short,240m,DISCOVERY_REJECTED,11217,10153,4.043675,-0.956325,-3.456325,-5.956325,47.668717,0.986872,4.043675,-3.000000,-48.943834,-11.854931,false,false,false,38.902572,29.860713,85.171682
ATRPct14,atr_pct_14_high,trend_up,long,5m,DISCOVERY_REJECTED,755,487,4.032412,-0.967588,-3.467588,-5.967588,47.284768,0.978798,4.032412,-3.500000,-101.578818,-10.462298,false,false,false,97.001578,33.057381,38.473255
ATRPct14,atr_pct_14_mid,trend_up,long,240m,DISCOVERY_REJECTED,39048,22034,3.976738,-1.023262,-3.523262,-6.023262,47.495390,0.987585,3.976738,-5.400000,-27.580828,-6.974447,false,false,false,45.021471,44.829149,71.154533
TrendSlope20,slope_down_strong,range,long,240m,DISCOVERY_REJECTED,63457,36606,3.959468,-1.040532,-3.540532,-6.040532,49.110421,0.981528,3.959468,2.800000,-24.248911,-2.645152,false,false,false,51.347092,30.777286,33.425058
Return15,return15_down,compressed_up,long,240m,DISCOVERY_REJECTED,10593,9639,3.956432,-1.043568,-3.543568,-6.043568,49.306146,0.984833,3.956432,2.900000,-28.025216,-7.541390,false,false,false,63.922998,47.751718,79.084072
BTCContext60,btc_up_strong,trend_down,long,15m,DISCOVERY_REJECTED,759,705,3.931348,-1.068652,-3.568652,-6.068652,49.275362,0.954713,3.931348,4.100000,-32.146665,-9.698225,false,false,false,36.579167,22.430410,35.366603
RealizedVol60,realized_vol_60_mid,compressed_down,long,60m,DISCOVERY_REJECTED,9381,6861,3.927429,-1.072571,-3.572571,-6.072571,49.845432,0.980079,3.927429,4.700000,-23.465025,-3.835868,false,false,false,86.722432,37.123991,77.571157
Return15,return15_down_strong,range,long,120m,DISCOVERY_REJECTED,16644,13830,3.919754,-1.080246,-3.580246,-6.080246,49.489305,0.982319,3.919754,3.300000,-21.136348,-5.426599,false,false,false,39.893358,37.002223,42.114098
TakerBuyRatio,taker_sell_heavy_strong,compressed_down,short,120m,DISCOVERY_REJECTED,9624,8842,3.883086,-1.116914,-3.616914,-6.116914,46.768495,0.975076,3.883086,-1.900000,-21.092547,-5.173479,false,false,false,48.713318,33.690421,48.890598
CloseRelativeEMA20,above_ema20,trend_down,long,30m,DISCOVERY_REJECTED,2094,2021,3.871890,-1.128110,-3.628110,-6.128110,51.432665,0.966681,3.871890,7.750000,-54.777191,-12.935422,false,false,false,37.479924,30.463023,47.210001
SessionUTC,us,compressed_down,short,120m,DISCOVERY_REJECTED,13459,9794,3.854716,-1.145284,-3.645284,-6.145284,47.039156,0.978659,3.854716,-2.200000,-33.557623,-5.607076,false,false,false,44.138221,27.704440,70.331796
TakerBuyRatio,taker_buy_heavy_strong,compressed_up,long,240m,DISCOVERY_REJECTED,11361,10313,3.774330,-1.225670,-3.725670,-6.225670,48.930552,0.979222,3.774330,2.500000,-32.384643,-5.940046,false,false,false,90.328609,30.041676,41.952563
BBWidthPctRank60,bb_width_low,compressed_up,long,240m,DISCOVERY_REJECTED,47721,32604,3.747518,-1.252482,-3.752482,-6.252482,48.873661,0.980425,3.747518,2.000000,-25.404300,-4.924128,false,false,false,82.071998,38.044421,52.582247
CompositeRegime,compressed_up,compressed_up,long,240m,DISCOVERY_REJECTED,47721,32604,3.747518,-1.252482,-3.752482,-6.252482,48.873661,0.980425,3.747518,2.000000,-25.404300,-4.924128,false,false,false,82.071998,38.044421,52.582247
BTCContext60,btc_down,trend_down,long,120m,DISCOVERY_REJECTED,43741,28130,3.746715,-1.253285,-3.753285,-6.253285,51.400288,0.971094,3.746715,7.800000,-20.683076,-4.449359,false,false,false,73.759903,20.778947,51.494480
TakerBuyRatio,taker_buy_heavy_strong,compressed_up,long,120m,DISCOVERY_REJECTED,11361,10313,3.733582,-1.266418,-3.766418,-6.266418,48.155972,0.968846,3.733582,1.600000,-21.889161,-4.763282,false,false,false,74.661726,18.432039,51.824247
Return15,return15_up_strong,compressed_up,long,15m,DISCOVERY_REJECTED,1271,1178,3.684885,-1.315115,-3.815115,-6.315115,47.128245,0.960493,3.684885,0.000000,-60.680037,-5.694967,false,false,false,34.970515,48.204893,78.695912
TrendSlope20,slope_down,compressed_down,short,120m,DISCOVERY_REJECTED,3761,3427,3.656766,-1.343234,-3.843234,-6.343234,47.434193,0.974755,3.656766,-1.400000,-56.221750,-165.961508,false,false,false,68.673931,23.949707,86.942385
Return15,return15_up,compressed_down,short,240m,DISCOVERY_REJECTED,8811,8194,3.623030,-1.376970,-3.876970,-6.376970,48.621042,0.981179,3.623030,0.000000,-45.387935,-9.841173,false,false,false,40.548486,21.706251,70.742993
SessionUTC,late_us,trend_down,long,120m,DISCOVERY_REJECTED,18635,9488,3.590115,-1.409885,-3.909885,-6.409885,52.192112,0.968288,3.590115,8.900000,-36.218552,-10.262862,false,false,false,48.964415,20.006640,39.917300
TrendSlope20,slope_up,trend_up,long,240m,DISCOVERY_REJECTED,18838,12454,3.583736,-1.416264,-3.916264,-6.416264,46.894575,0.979508,3.583736,-4.400000,-25.609126,-35.205981,false,false,false,100.000000,69.746225,97.478602
CloseRelativeEMA20,below_ema20_strong,trend_down,long,60m,DISCOVERY_REJECTED,13207,9671,3.567784,-1.432216,-3.932216,-6.432216,53.880518,0.975774,3.567784,15.100000,-38.025757,-5.647991,false,false,false,51.341986,29.989582,74.206191
TrendSlope20,slope_down,trend_down,long,120m,DISCOVERY_REJECTED,19465,12644,3.565014,-1.434986,-3.934986,-6.434986,50.300539,0.971834,3.565014,5.700000,-17.180791,-19.844594,false,false,false,59.045717,44.635152,61.340425
TakerBuyRatio,taker_buy_heavy_strong,compressed_up,long,60m,DISCOVERY_REJECTED,11361,10313,3.526791,-1.473209,-3.973209,-6.473209,46.791656,0.948267,3.526791,0.700000,-11.712045,-3.485638,false,false,false,97.563051,26.537705,55.098854
Return15,return15_up_strong,compressed_up,long,120m,DISCOVERY_REJECTED,1271,1178,3.517469,-1.482531,-3.982531,-6.482531,50.511408,0.982418,3.517469,8.200000,-69.681195,-13.254309,false,false,false,43.090904,46.956267,51.399724
TakerBuyRatio,taker_buy_heavy,compressed_up,long,240m,DISCOVERY_REJECTED,8839,8142,3.483762,-1.516238,-4.016238,-6.516238,48.625410,0.977686,3.483762,1.500000,-46.679643,-11.571303,false,false,false,67.891005,32.449917,47.315681
SessionUTC,late_us,trend_down,long,60m,DISCOVERY_REJECTED,18635,9488,3.469830,-1.530170,-4.030170,-6.530170,50.898846,0.951555,3.469830,6.200000,-19.406118,-5.777658,false,false,false,45.349348,25.092702,44.778797
BBWidthPctRank60,bb_width_high,trend_down,long,240m,DISCOVERY_REJECTED,48250,34344,3.452668,-1.547332,-4.047332,-6.547332,51.185492,0.976843,3.452668,8.400000,-49.397503,-8.736517,false,false,false,36.782286,22.719704,45.625430
TakerBuyRatio,taker_balanced,compressed_up,long,60m,DISCOVERY_REJECTED,6687,6271,3.440122,-1.559878,-4.059878,-6.559878,46.642740,0.955574,3.440122,-0.700000,-14.282376,-11.512087,false,false,false,82.954190,26.223808,44.678017
BBWidthPctRank60,bb_width_low,range,long,240m,DISCOVERY_REJECTED,52222,39805,3.404282,-1.595718,-4.095718,-6.595718,49.008081,0.970211,3.404282,2.800000,-28.733231,-4.901486,false,false,false,100.000000,33.151792,44.296173
ATRPct14,atr_pct_14_mid,range,long,120m,DISCOVERY_REJECTED,68277,38332,3.397927,-1.602073,-4.102073,-6.602073,49.864522,0.974005,3.397927,4.600000,-15.698898,-5.623824,false,false,false,64.469478,53.932960,55.362541
ETHContext60,eth_down_strong,trend_down,long,60m,DISCOVERY_REJECTED,28667,16397,3.382655,-1.617345,-4.117345,-6.617345,52.743573,0.964456,3.382655,10.600000,-22.320559,-4.386085,false,false,false,96.808093,23.009427,47.083474
SessionUTC,late_us,trend_down,long,30m,DISCOVERY_REJECTED,18635,9488,3.382209,-1.617791,-4.117791,-6.617791,50.292460,0.931553,3.382209,5.300000,-11.983575,-4.495228,false,false,false,0.000000,29.086096,66.320733
RealizedVol60,realized_vol_60_low,compressed_down,short,120m,DISCOVERY_REJECTED,28359,21606,3.364702,-1.635298,-4.135298,-6.635298,46.669488,0.958859,3.364702,-1.200000,-24.791933,-5.833704,false,false,false,74.899510,18.472839,96.781456
TakerBuyRatio,taker_buy_heavy,trend_up,long,240m,DISCOVERY_REJECTED,22883,18806,3.356758,-1.643242,-4.143242,-6.643242,47.253420,0.974370,3.356758,-2.400000,-25.046268,-7.254771,false,false,false,76.312958,32.902574,40.385445
TakerBuyRatio,taker_sell_heavy,compressed_down,long,120m,DISCOVERY_REJECTED,7551,7017,3.352465,-1.647535,-4.147535,-6.647535,49.172295,0.968624,3.352465,3.300000,-36.081613,-11.118220,false,false,false,50.124338,28.090301,57.190570
SessionUTC,asia,compressed_up,long,30m,DISCOVERY_REJECTED,13062,9148,3.296391,-1.703609,-4.203609,-6.703609,46.195070,0.920736,3.296391,1.200000,-11.503514,-3.879077,false,false,false,100.000000,31.970282,100.000000
SessionUTC,europe,compressed_up,short,240m,DISCOVERY_REJECTED,10335,7460,3.257628,-1.742372,-4.242372,-6.742372,50.778907,0.973124,3.257628,7.500000,-46.230788,-16.802172,false,false,false,45.267417,17.142646,46.816636
ETHContext60,eth_down_strong,trend_up,short,120m,DISCOVERY_REJECTED,1665,1438,3.188352,-1.811648,-4.311648,-6.811648,50.150150,0.972422,3.188352,5.600000,-42.496834,-8.973640,false,false,false,76.372091,23.694169,51.158622
TakerBuyRatio,taker_balanced,trend_up,long,240m,DISCOVERY_REJECTED,15926,13764,3.176000,-1.824000,-4.324000,-6.824000,47.067688,0.971869,3.176000,-2.800000,-27.422863,-14.016296,false,false,false,45.628850,34.798903,64.356400
TakerBuyRatio,taker_buy_heavy,compressed_down,long,120m,DISCOVERY_REJECTED,7157,6698,3.163033,-1.836967,-4.336967,-6.836967,48.903172,0.965238,3.163033,2.100000,-30.973129,-8.473833,false,false,false,40.152807,44.280698,66.536967
RealizedVol60,realized_vol_60_mid,compressed_up,long,30m,DISCOVERY_REJECTED,9772,6723,3.160615,-1.839385,-4.339385,-6.839385,47.267704,0.951809,3.160615,-0.400000,-26.493557,-7.466463,false,false,false,50.319533,38.774948,87.271639
SessionUTC,europe,compressed_down,short,240m,DISCOVERY_REJECTED,7860,6073,3.129713,-1.870287,-4.370287,-6.870287,50.547074,0.972932,3.129713,6.750000,-50.193552,-19.109490,false,false,false,67.882003,32.246663,48.719087
Return15,return15_flat,compressed_down,short,240m,DISCOVERY_REJECTED,15786,13763,3.107423,-1.892577,-4.392577,-6.892577,48.232611,0.967181,3.107423,0.500000,-35.609675,-6.765138,false,false,false,47.007251,22.992645,97.444277
BTCContext60,btc_down_strong,trend_up,long,30m,DISCOVERY_REJECTED,928,814,3.105908,-1.894092,-4.394092,-6.894092,46.443966,0.953615,3.105908,0.400000,-73.872514,-24.581151,false,false,false,50.865119,26.302734,90.244501
TakerBuyRatio,taker_sell_heavy,compressed_down,long,240m,DISCOVERY_REJECTED,7551,7017,3.077266,-1.922734,-4.422734,-6.922734,49.662296,0.974378,3.077266,3.900000,-70.124662,-22.017324,false,false,false,60.672873,42.087908,49.799777
CloseRelativeEMA20,below_ema20,compressed_up,long,240m,DISCOVERY_REJECTED,5531,5079,3.052045,-1.947955,-4.447955,-6.947955,48.309528,0.974933,3.052045,0.000000,-63.089457,-13.605089,false,false,false,54.745672,42.552560,59.172022
VolumeRatio20,volume_ratio_low,trend_down,long,240m,DISCOVERY_REJECTED,40070,29660,3.032663,-1.967337,-4.467337,-6.967337,50.364362,0.967353,3.032663,6.000000,-32.800281,-6.311072,false,false,false,69.753030,25.033702,36.788907
TakerBuyRatio,taker_buy_heavy_strong,compressed_down,short,240m,DISCOVERY_REJECTED,8318,7729,3.025969,-1.974031,-4.474031,-6.974031,47.968262,0.968451,3.025969,0.000000,-49.179169,-16.788326,false,false,false,50.279802,20.108664,51.365843
ATRPct14,atr_pct_14_mid,trend_down,long,120m,DISCOVERY_REJECTED,44654,24466,3.021413,-1.978587,-4.478587,-6.978587,52.051328,0.968257,3.021413,11.200000,-31.526742,-6.114092,false,false,false,76.844214,37.977416,64.133228
TakerBuyRatio,taker_sell_heavy,trend_up,long,240m,DISCOVERY_REJECTED,21621,17988,3.011977,-1.988023,-4.488023,-6.988023,47.111604,0.969048,3.011977,-3.700000,-30.019589,-6.436789,false,false,false,49.174999,47.366471,79.334219
CloseRelativeEMA20,below_ema20_strong,range,long,5m,DISCOVERY_REJECTED,6205,5393,3.004478,-1.995522,-4.495522,-6.995522,49.540693,0.898505,3.004478,4.500000,-12.743895,-3.132861,false,false,false,0.000000,22.694596,69.561212
CloseRelativeEMA20,above_ema20_strong,trend_up,long,30m,DISCOVERY_REJECTED,12304,9129,2.982839,-2.017161,-4.517161,-7.017161,44.107607,0.950313,2.982839,-6.500000,-13.729517,-6.287922,false,false,false,100.000000,18.987651,64.989199
BTCContext60,btc_up_strong,trend_up,long,120m,DISCOVERY_REJECTED,17436,10827,2.981179,-2.018821,-4.518821,-7.018821,45.601055,0.961834,2.981179,-5.400000,-24.504058,-5.026902,false,false,false,100.000000,23.743029,53.540400
TrendSlope20,slope_down,compressed_up,long,120m,DISCOVERY_REJECTED,4016,3655,2.912502,-2.087498,-4.587498,-7.087498,48.306773,0.956797,2.912502,0.200000,-23.140270,-6.955095,false,false,false,46.952478,23.174043,50.255135
Return15,return15_down,compressed_up,long,120m,DISCOVERY_REJECTED,10593,9639,2.897739,-2.102261,-4.602261,-7.102261,48.692533,0.956770,2.897739,1.700000,-19.583471,-6.588728,false,false,false,45.126271,40.722309,37.534726
CloseRelativeEMA20,above_ema20,trend_down,short,5m,DISCOVERY_REJECTED,2094,2021,2.889212,-2.110788,-4.610788,-7.110788,46.227316,0.870465,2.889212,2.000000,-12.488452,-4.841070,false,false,false,73.725009,26.272320,68.868752
Return15,return15_flat,compressed_up,long,240m,DISCOVERY_REJECTED,20805,17343,2.886601,-2.113399,-4.613399,-7.113399,48.531603,0.962028,2.886601,1.600000,-35.237814,-9.065418,false,false,false,100.000000,25.152732,50.071773
ATRPct14,atr_pct_14_high,range,short,5m,DISCOVERY_REJECTED,1007,761,2.876882,-2.123118,-4.623118,-7.123118,48.063555,0.945618,2.876882,1.200000,-92.523723,-20.964965,false,false,false,53.716335,21.837190,39.941130
VolumeRatio20,volume_ratio_low,compressed_up,long,120m,DISCOVERY_REJECTED,18592,15813,2.873436,-2.126564,-4.626564,-7.126564,48.257315,0.952140,2.873436,1.500000,-20.435324,-4.237199,false,false,false,100.000000,35.518483,59.680222
SessionUTC,us,compressed_up,long,240m,DISCOVERY_REJECTED,15929,10923,2.864002,-2.135998,-4.635998,-7.135998,48.697344,0.969051,2.864002,1.700000,-55.771479,-9.476184,false,false,false,84.228738,21.705464,40.259602
BTCContext60,btc_up_strong,trend_down,long,60m,DISCOVERY_REJECTED,759,705,2.861648,-2.138352,-4.638352,-7.138352,49.275362,0.952892,2.861648,3.600000,-42.445313,-12.649136,false,false,false,49.815856,26.973553,75.677795
VolumeRatio20,volume_ratio_low,compressed_down,short,240m,DISCOVERY_REJECTED,15215,13295,2.846387,-2.153613,-4.653613,-7.153613,48.649359,0.968821,2.846387,0.900000,-64.966216,-5.842248,false,false,false,83.402947,18.619640,84.056756
ATRPct14,atr_pct_14_low,compressed_down,short,120m,DISCOVERY_REJECTED,22712,17912,2.843926,-2.156074,-4.656074,-7.156074,46.138605,0.939889,2.843926,-1.600000,-16.550407,-6.001345,false,false,false,99.484135,19.852394,74.164180
SessionUTC,late_us,range,long,120m,DISCOVERY_REJECTED,39572,18660,2.841513,-2.158487,-4.658487,-7.158487,48.440817,0.945130,2.841513,2.300000,-22.675386,-12.101835,false,false,false,62.829688,38.393316,47.267103
TrendSlope20,slope_up,compressed_down,long,120m,DISCOVERY_REJECTED,3139,2893,2.835218,-2.164782,-4.664782,-7.164782,48.869067,0.958642,2.835218,2.200000,-36.304303,-62.354022,false,false,false,47.004886,23.166972,35.654198
BTCContext60,btc_up_strong,trend_down,long,30m,DISCOVERY_REJECTED,759,705,2.817257,-2.182743,-4.682743,-7.182743,48.616601,0.935775,2.817257,3.000000,-78.415864,-10.394343,false,false,false,54.860874,20.930716,48.089513
TrendSlope20,slope_up_strong,compressed_up,long,240m,DISCOVERY_REJECTED,12648,10219,2.814793,-2.185207,-4.685207,-7.185207,48.956357,0.964216,2.814793,2.600000,-22.652964,-14.532471,false,false,false,73.679119,28.736073,45.222776
VolumeRatio20,volume_ratio_high,trend_up,long,240m,DISCOVERY_REJECTED,36160,27339,2.796997,-2.203003,-4.703003,-7.203003,46.902655,0.963996,2.796997,-2.900000,-32.959602,-5.418491,false,false,false,84.669893,34.259348,43.785525
CloseRelativeEMA20,near_ema20,compressed_down,short,120m,DISCOVERY_REJECTED,22983,18922,2.793488,-2.206512,-4.706512,-7.206512,46.556150,0.947639,2.793488,-1.500000,-20.072985,-5.632716,false,false,false,82.788334,27.064272,96.330865
BTCContext60,btc_up_strong,range,long,60m,DISCOVERY_REJECTED,10002,7967,2.779481,-2.220519,-4.720519,-7.220519,47.760448,0.945575,2.779481,1.150000,-20.368009,-5.631054,false,false,false,88.471850,21.984802,64.971771
RealizedVol60,realized_vol_60_mid,trend_up,long,120m,DISCOVERY_REJECTED,15023,8195,2.764909,-2.235091,-4.735091,-7.235091,46.741663,0.971426,2.764909,-9.100000,-35.455179,-13.105316,false,false,false,48.383501,32.422529,59.296799
Return15,return15_up,trend_down,long,60m,DISCOVERY_REJECTED,2136,2111,2.763640,-2.236360,-4.736360,-7.236360,50.187266,0.940800,2.763640,5.750000,-24.036850,-6.655399,false,false,false,95.636266,20.442747,97.830182
ETHContext60,eth_down_strong,range,long,60m,DISCOVERY_REJECTED,16679,12476,2.759645,-2.240355,-4.740355,-7.240355,50.548594,0.947684,2.759645,6.100000,-18.598806,-4.843673,false,false,false,100.000000,26.132076,38.517451
SessionUTC,late_us,range,long,240m,DISCOVERY_REJECTED,39572,18660,2.750671,-2.249329,-4.749329,-7.249329,49.954513,0.960518,2.750671,4.900000,-32.782574,-15.783591,false,false,false,48.486098,34.796801,55.932954
BBWidthPctRank60,bb_width_high,trend_up,long,240m,DISCOVERY_REJECTED,46994,34217,2.739561,-2.260439,-4.760439,-7.260439,46.891092,0.963720,2.739561,-3.400000,-29.776995,-5.542011,false,false,false,100.000000,34.214538,53.885975
TakerBuyRatio,taker_balanced,trend_down,long,120m,DISCOVERY_REJECTED,15801,13594,2.722637,-2.277363,-4.777363,-7.277363,50.946143,0.955499,2.722637,7.100000,-35.581371,-6.638292,false,false,false,64.823620,37.011343,59.972625
TakerBuyRatio,taker_sell_heavy,trend_down,long,120m,DISCOVERY_REJECTED,21957,18023,2.704523,-2.295477,-4.795477,-7.295477,50.976909,0.953262,2.704523,7.100000,-20.225073,-6.715438,false,false,false,100.000000,38.766740,70.267546
CloseRelativeEMA20,above_ema20,compressed_up,long,60m,DISCOVERY_REJECTED,10988,9527,2.686286,-2.313714,-4.813714,-7.313714,48.052421,0.937501,2.686286,1.600000,-30.010602,-10.117860,false,false,false,63.295409,26.844505,73.433938
TakerBuyRatio,taker_buy_heavy,range,long,240m,DISCOVERY_REJECTED,41156,33832,2.682548,-2.317452,-4.817452,-7.317452,48.452231,0.963557,2.682548,0.800000,-21.969813,-4.859436,false,false,false,0.000000,35.336170,51.595966
ETHContext60,eth_up,compressed_down,long,15m,DISCOVERY_REJECTED,1561,1464,2.673666,-2.326334,-4.826334,-7.326334,44.650865,0.885079,2.673666,0.000000,-19.061853,-8.855189,false,false,false,100.000000,79.266544,87.186555
SessionUTC,us,trend_down,short,240m,DISCOVERY_REJECTED,35007,17366,2.664755,-2.335245,-4.835245,-7.335245,45.987945,0.966565,2.664755,-6.600000,-66.497886,-18.156147,false,false,false,56.569524,33.888956,49.952508
TrendSlope20,slope_up_strong,trend_up,long,240m,DISCOVERY_REJECTED,68487,34304,2.645284,-2.354716,-4.854716,-7.354716,47.489305,0.959458,2.645284,-1.100000,-23.380101,-5.332130,false,false,false,57.555288,24.106835,69.892051
VolumeRatio20,volume_ratio_low,compressed_up,long,60m,DISCOVERY_REJECTED,18592,15813,2.637727,-2.362273,-4.862273,-7.362273,46.530766,0.926348,2.637727,0.000000,-16.790785,-4.536528,false,false,false,100.000000,38.553729,83.491263
TrendSlope20,slope_down_strong,compressed_up,long,60m,DISCOVERY_REJECTED,9108,7921,2.629564,-2.370436,-4.870436,-7.370436,47.573562,0.924009,2.629564,1.400000,-26.289257,-5.676610,false,false,false,62.785441,18.648316,79.191380
TakerBuyRatio,taker_balanced,compressed_up,long,120m,DISCOVERY_REJECTED,6687,6271,2.624951,-2.375049,-4.875049,-7.375049,47.839091,0.950860,2.624951,0.200000,-25.741600,-15.323850,false,false,false,49.135881,22.523790,82.972817
ETHContext60,eth_up_strong,compressed_up,long,60m,DISCOVERY_REJECTED,15140,11284,2.623547,-2.376453,-4.876453,-7.376453,46.829590,0.936726,2.623547,-0.250000,-20.947999,-5.372917,false,false,false,77.088212,32.386478,41.044159
TrendSlope20,slope_down_strong,compressed_down,short,240m,DISCOVERY_REJECTED,9731,8341,2.620348,-2.379652,-4.879652,-7.379652,47.251053,0.964045,2.620348,-2.200000,-31.207324,-77.760643,false,false,false,100.000000,23.264454,52.015158
TrendSlope20,slope_down_strong,compressed_up,long,120m,DISCOVERY_REJECTED,9108,7921,2.613139,-2.386861,-4.886861,-7.386861,48.671498,0.944567,2.613139,2.500000,-23.037600,-7.556491,false,false,false,63.052177,24.837310,100.000000
Return15,return15_up,trend_down,short,5m,DISCOVERY_REJECTED,2136,2111,2.602143,-2.397857,-4.897857,-7.397857,43.445693,0.830128,2.602143,0.800000,-14.054257,-3.492168,false,false,false,100.000000,66.746720,82.169473
BBWidthPctRank60,bb_width_mid,trend_down,long,240m,DISCOVERY_REJECTED,54405,35906,2.589870,-2.410130,-4.910130,-7.410130,50.513740,0.962283,2.589870,6.300000,-33.966877,-7.259534,false,false,false,74.441547,27.254007,45.458103
ATRPct14,atr_pct_14_mid,compressed_down,long,60m,DISCOVERY_REJECTED,14955,11158,2.582517,-2.417483,-4.917483,-7.417483,49.782681,0.949973,2.582517,4.600000,-24.329235,-4.958539,false,false,false,100.000000,47.968702,100.000000
CompositeRegime,trend_down,trend_down,long,240m,DISCOVERY_REJECTED,117282,55506,2.581119,-2.418881,-4.918881,-7.418881,50.609642,0.962212,2.581119,6.700000,-30.530657,-6.926808,false,false,false,100.000000,26.587672,45.233772
BTCContext60,btc_down_strong,compressed_down,short,240m,DISCOVERY_REJECTED,9137,7263,2.560820,-2.439180,-4.939180,-7.439180,47.433512,0.971939,2.560820,-3.600000,-106.701113,-8.007512,false,false,false,58.758344,21.644295,75.960793
ATRPct14,atr_pct_14_mid,compressed_up,long,60m,DISCOVERY_REJECTED,15927,11173,2.540581,-2.459419,-4.959419,-7.459419,48.395806,0.947549,2.540581,1.300000,-24.335673,-5.923370,false,false,false,60.528555,38.977023,100.000000
VolumeRatio20,volume_ratio_high,trend_down,long,240m,DISCOVERY_REJECTED,33415,25511,2.517126,-2.482874,-4.982874,-7.482874,50.788568,0.961747,2.517126,7.100000,-26.746664,-9.736988,false,false,false,79.545711,21.632475,60.458616
TrendSlope20,slope_up,compressed_up,long,240m,DISCOVERY_REJECTED,4673,4171,2.514762,-2.485238,-4.985238,-7.485238,48.191740,0.964173,2.514762,0.400000,-36.448395,-243.880862,false,false,false,54.641625,19.462101,57.246217
TakerBuyRatio,taker_buy_heavy_strong,compressed_down,short,120m,DISCOVERY_REJECTED,8318,7729,2.497265,-2.502735,-5.002735,-7.502735,46.237076,0.943280,2.497265,-1.650000,-32.935060,-10.283590,false,false,false,83.840727,28.867994,36.629136
ETHContext60,eth_down_strong,trend_up,long,240m,DISCOVERY_REJECTED,1665,1438,2.487787,-2.512213,-5.012213,-7.512213,46.846847,0.971040,2.487787,-7.600000,-76.889031,-19.389125,false,false,false,47.177089,24.928914,68.571995
CloseRelativeEMA20,above_ema20,compressed_down,long,60m,DISCOVERY_REJECTED,4917,4574,2.466971,-2.533029,-5.033029,-7.533029,48.383160,0.937741,2.466971,1.300000,-27.707810,-9.654346,false,false,false,56.986676,21.587992,42.703989
SessionUTC,europe,compressed_down,short,60m,DISCOVERY_REJECTED,7860,6073,2.443079,-2.556921,-5.056921,-7.556921,46.106870,0.918498,2.443079,-0.600000,-37.161953,-6.408097,false,false,false,91.813133,28.100936,33.114616
Return15,return15_up,compressed_down,short,120m,DISCOVERY_REJECTED,8811,8194,2.423208,-2.576792,-5.076792,-7.576792,48.167064,0.950790,2.423208,0.300000,-24.355792,-10.088646,false,false,false,88.485398,24.266086,58.884834
Return15,return15_down_strong,trend_down,long,60m,DISCOVERY_REJECTED,29259,20279,2.415157,-2.584843,-5.084843,-7.584843,52.325780,0.948394,2.415157,10.400000,-17.163832,-5.984483,false,false,false,100.000000,40.537678,75.876346
SessionUTC,asia,trend_down,long,120m,DISCOVERY_REJECTED,33470,16334,2.413479,-2.586521,-5.086521,-7.586521,50.887362,0.941458,2.413479,6.600000,-37.743588,-5.232789,false,false,false,100.000000,33.737208,77.442584
BTCContext60,btc_down_strong,range,long,60m,DISCOVERY_REJECTED,9567,7600,2.373673,-2.626327,-5.126327,-7.626327,51.113202,0.945202,2.373673,7.600000,-37.690634,-6.683051,false,false,false,100.000000,25.506938,63.295578
TrendSlope20,slope_down,range,long,120m,DISCOVERY_REJECTED,19673,14407,2.369190,-2.630810,-5.130810,-7.630810,47.649062,0.942775,2.369190,0.000000,-22.803196,-9.630556,false,false,false,86.265471,58.178545,87.160706
CloseRelativeEMA20,below_ema20,compressed_down,short,240m,DISCOVERY_REJECTED,8958,8058,2.365695,-2.634305,-5.134305,-7.634305,47.544095,0.966559,2.365695,-3.900000,-58.742864,-19.723503,false,false,false,36.189223,33.579367,89.270463
BTCContext60,btc_up_strong,compressed_up,long,30m,DISCOVERY_REJECTED,12427,9282,2.353313,-2.646687,-5.146687,-7.646687,45.626459,0.907251,2.353313,-0.900000,-10.698057,-4.741312,false,false,false,100.000000,35.416299,55.472401
TakerBuyRatio,taker_balanced,compressed_down,short,240m,DISCOVERY_REJECTED,5250,4978,2.318146,-2.681854,-5.181854,-7.681854,48.095238,0.964576,2.318146,-0.800000,-59.689773,-19.361030,false,false,false,48.297381,20.893294,94.526294
ETHContext60,eth_down,trend_up,long,240m,DISCOVERY_REJECTED,11162,8904,2.310732,-2.689268,-5.189268,-7.689268,46.900197,0.958249,2.310732,-3.600000,-38.810861,-11.662044,false,false,false,81.668783,34.654285,64.245717
Return15,return15_up_strong,trend_up,long,60m,DISCOVERY_REJECTED,27060,19225,2.310612,-2.689388,-5.189388,-7.689388,44.501109,0.941057,2.310612,-6.800000,-15.385608,-5.337921,false,false,false,0.000000,32.225322,100.000000
BTCContext60,btc_down_strong,compressed_down,short,30m,DISCOVERY_REJECTED,9137,7263,2.292188,-2.707812,-5.207812,-7.707812,46.043559,0.920994,2.292188,-1.000000,-27.428882,-5.450826,false,false,false,100.000000,26.150922,45.817262
TakerBuyRatio,taker_sell_heavy,range,long,240m,DISCOVERY_REJECTED,41900,34274,2.289128,-2.710872,-5.210872,-7.710872,49.202864,0.957522,2.289128,2.600000,-30.260743,-9.848509,false,false,false,100.000000,40.739098,42.003773
VolumeRatio20,volume_ratio_low,trend_down,long,120m,DISCOVERY_REJECTED,40070,29660,2.287376,-2.712624,-5.212624,-7.712624,50.042426,0.937055,2.287376,5.100000,-12.630583,-4.349439,false,false,false,100.000000,35.336907,43.003459
Return15,return15_up_strong,compressed_down,short,30m,DISCOVERY_REJECTED,918,888,2.263474,-2.736526,-5.236526,-7.736526,48.583878,0.940644,2.263474,1.850000,-83.943858,-23.103350,false,false,false,48.626310,25.033445,52.260049
TrendSlope20,slope_down_strong,compressed_up,long,30m,DISCOVERY_REJECTED,9108,7921,2.260509,-2.739491,-5.239491,-7.739491,46.288977,0.877850,2.260509,1.500000,-12.833413,-48.790941,false,false,false,92.658286,33.424754,100.000000
SessionUTC,asia,compressed_down,long,120m,DISCOVERY_REJECTED,10318,7817,2.255170,-2.744830,-5.244830,-7.744830,48.953286,0.941191,2.255170,2.800000,-61.152661,-6.611223,false,false,false,50.415971,32.263946,48.639686
TrendSlope20,slope_down_strong,range,long,120m,DISCOVERY_REJECTED,63457,36606,2.255069,-2.744931,-5.244931,-7.744931,48.194841,0.930889,2.255069,1.900000,-11.769828,-3.622209,false,false,false,73.053309,37.264861,100.000000
VolumeRatio20,volume_ratio_normal,trend_down,long,240m,DISCOVERY_REJECTED,43789,30955,2.253256,-2.746744,-5.246744,-7.746744,50.706799,0.958842,2.253256,7.100000,-32.523081,-8.222528,false,false,false,83.636491,27.440998,44.120839
Return15,return15_up,compressed_down,short,5m,DISCOVERY_REJECTED,8811,8194,2.247112,-2.752888,-5.252888,-7.752888,43.332198,0.780502,2.247112,0.900000,-8.534612,-4.044618,false,false,false,0.000000,57.837718,0.000000
TrendSlope20,slope_down,compressed_up,long,60m,DISCOVERY_REJECTED,4016,3655,2.225355,-2.774645,-5.274645,-7.774645,45.816733,0.921540,2.225355,-1.450000,-27.146956,-9.176899,false,false,false,47.013085,21.197996,78.480000
BBWidthPctRank60,bb_width_low,range,long,120m,DISCOVERY_REJECTED,52222,39805,2.215184,-2.784816,-5.284816,-7.784816,47.893608,0.925684,2.215184,1.600000,-17.118494,-4.197379,false,false,false,0.000000,30.650833,81.624694
BTCContext60,btc_up_strong,trend_up,long,60m,DISCOVERY_REJECTED,17436,10827,2.202377,-2.797623,-5.297623,-7.797623,43.937830,0.929655,2.202377,-5.450000,-20.047672,-5.513303,false,false,false,0.000000,38.514218,44.172035
TrendSlope20,slope_up_strong,compressed_up,long,60m,DISCOVERY_REJECTED,12648,10219,2.199255,-2.800745,-5.300745,-7.800745,46.141682,0.908519,2.199255,0.000000,-17.790301,-3.503728,false,false,false,53.832951,59.653167,100.000000
VolumeRatio20,volume_ratio_normal,trend_up,long,240m,DISCOVERY_REJECTED,45584,32228,2.191049,-2.808951,-5.308951,-7.808951,46.919972,0.954773,2.191049,-3.300000,-26.144538,-5.455754,false,false,false,100.000000,50.150034,59.972549
CompositeRegime,trend_up,trend_up,long,240m,DISCOVERY_REJECTED,120660,57289,2.187728,-2.812272,-5.312272,-7.812272,46.965026,0.953498,2.187728,-2.800000,-27.506124,-4.972317,false,false,false,0.000000,50.468754,62.229431
VolumeRatio20,volume_ratio_normal,range,long,240m,DISCOVERY_REJECTED,87721,59480,2.170840,-2.829160,-5.329160,-7.829160,48.761414,0.953718,2.170840,1.700000,-23.994868,-5.280293,false,false,false,0.000000,41.465513,53.753244
ETHContext60,eth_down_strong,trend_up,short,30m,DISCOVERY_REJECTED,1665,1438,2.166716,-2.833284,-5.333284,-7.833284,48.768769,0.918491,2.166716,3.200000,-38.180797,-12.624297,false,false,false,65.354489,15.157301,40.246092
TakerBuyRatio,taker_balanced,trend_down,long,30m,DISCOVERY_REJECTED,15801,13594,2.155422,-2.844578,-5.344578,-7.844578,50.319600,0.898799,2.155422,5.400000,-26.618588,-6.569561,false,false,false,0.000000,25.495714,100.000000
Return15,return15_down,range,long,240m,DISCOVERY_REJECTED,68379,46101,2.152725,-2.847275,-5.347275,-7.847275,48.321853,0.950963,2.152725,0.600000,-28.615160,-6.602470,false,false,false,0.000000,37.493778,43.601361
ATRPct14,atr_pct_14_mid,compressed_down,long,240m,DISCOVERY_REJECTED,14955,11158,2.149064,-2.850936,-5.350936,-7.850936,50.618522,0.969504,2.149064,7.500000,-64.049001,-12.070021,false,false,false,56.981811,49.434533,47.255662
CloseRelativeEMA20,above_ema20,trend_up,long,240m,DISCOVERY_REJECTED,54940,35721,2.119557,-2.880443,-5.380443,-7.880443,46.998544,0.953444,2.119557,-3.600000,-32.995395,-5.472803,false,false,false,80.829237,37.199687,57.757939
Return15,return15_up_strong,compressed_down,short,15m,DISCOVERY_REJECTED,918,888,2.102865,-2.897135,-5.397135,-7.897135,46.514161,0.917820,2.102865,-0.100000,-63.407978,-12.259872,false,false,false,67.355648,22.347448,41.759861
Return15,return15_down,compressed_down,short,120m,DISCOVERY_REJECTED,11217,10153,2.102274,-2.897726,-5.397726,-7.897726,47.053579,0.944707,2.102274,-2.500000,-28.966662,-8.650040,false,false,false,100.000000,21.576700,79.481913
SessionUTC,europe,compressed_down,short,30m,DISCOVERY_REJECTED,7860,6073,2.101642,-2.898358,-5.398358,-7.898358,44.796438,0.876307,2.101642,-0.200000,-20.680239,-4.800397,false,false,false,0.000000,58.643783,71.595391
SessionUTC,asia,compressed_down,long,60m,DISCOVERY_REJECTED,10318,7817,2.095864,-2.904136,-5.404136,-7.904136,48.429928,0.915429,2.095864,2.600000,-48.377337,-7.169214,false,false,false,62.297889,28.587461,92.121619
VolumeRatio20,volume_ratio_normal,compressed_up,long,240m,DISCOVERY_REJECTED,19087,16220,2.090896,-2.909104,-5.409104,-7.909104,48.394195,0.956280,2.090896,0.200000,-23.978554,-8.740862,false,false,false,100.000000,26.558077,63.226211
TakerBuyRatio,taker_balanced,compressed_up,long,30m,DISCOVERY_REJECTED,6687,6271,2.074305,-2.925695,-5.425695,-7.925695,44.878122,0.885943,2.074305,-1.000000,-12.742244,-5.319835,false,false,false,100.000000,30.181195,0.000000
TrendSlope20,slope_down_strong,trend_down,long,240m,DISCOVERY_REJECTED,65376,32832,2.068889,-2.931111,-5.431111,-7.931111,50.669971,0.954045,2.068889,6.800000,-35.180373,-6.641078,false,false,false,76.564134,21.030618,49.624726
CloseRelativeEMA20,below_ema20,compressed_down,short,30m,DISCOVERY_REJECTED,8958,8058,2.068732,-2.931268,-5.431268,-7.931268,45.021210,0.903674,2.068732,-2.500000,-16.038486,-4.869597,false,false,false,100.000000,23.354430,68.226721
TakerBuyRatio,taker_buy_heavy,compressed_down,long,240m,DISCOVERY_REJECTED,7157,6698,2.060793,-2.939207,-5.439207,-7.939207,49.196591,0.960535,2.060793,2.500000,-48.523724,-8.084455,false,false,false,100.000000,40.552516,67.942963
Return15,return15_up,compressed_down,short,30m,DISCOVERY_REJECTED,8811,8194,2.049443,-2.950557,-5.450557,-7.950557,46.328453,0.890676,2.049443,0.300000,-12.857221,-4.956787,false,false,false,0.000000,52.310054,100.000000
TakerBuyRatio,taker_buy_heavy,trend_down,long,240m,DISCOVERY_REJECTED,21255,17602,2.049151,-2.950849,-5.450849,-7.950849,50.980946,0.957204,2.049151,8.400000,-25.463002,-9.028647,false,false,false,62.222915,18.044256,71.074320
TrendSlope20,slope_down,compressed_up,long,240m,DISCOVERY_REJECTED,4016,3655,2.022638,-2.977362,-5.477362,-7.977362,48.630478,0.956638,2.022638,0.300000,-43.181613,-20.072544,false,false,false,70.855707,25.485584,33.175370
CloseRelativeEMA20,below_ema20,trend_up,short,30m,DISCOVERY_REJECTED,1748,1700,2.006009,-2.993991,-5.493991,-7.993991,47.711670,0.904550,2.006009,2.250000,-20.106673,-11.962989,false,false,false,57.694743,26.380476,56.023096
RealizedVol60,realized_vol_60_mid,compressed_down,long,15m,DISCOVERY_REJECTED,9381,6861,1.992300,-3.007700,-5.507700,-8.007700,49.024624,0.900986,1.992300,3.400000,-14.799102,-5.587417,false,false,false,0.000000,62.341202,67.480242
SessionUTC,us,range,short,120m,DISCOVERY_REJECTED,66624,31478,1.980341,-3.019659,-5.519659,-8.019659,47.157181,0.936900,1.980341,-0.700000,-26.105614,-8.770936,false,false,false,100.000000,30.296715,60.180242
VolumeRatio20,volume_ratio_low,trend_down,long,60m,DISCOVERY_REJECTED,40070,29660,1.978063,-3.021937,-5.521937,-8.021937,49.568256,0.902924,1.978063,4.400000,-9.542648,-3.817773,false,false,false,0.000000,33.369868,54.652247
Return15,return15_up,trend_down,short,15m,DISCOVERY_REJECTED,2136,2111,1.964947,-3.035053,-5.535053,-8.035053,45.084270,0.859020,1.964947,0.000000,-26.526223,-7.247971,false,false,false,100.000000,32.094472,90.562347
ETHContext60,eth_down,compressed_down,short,120m,DISCOVERY_REJECTED,14985,12760,1.959411,-3.040589,-5.540589,-8.040589,46.286286,0.932672,1.959411,-2.000000,-22.793432,-6.683488,false,false,false,89.096524,21.972985,64.177451
ETHContext60,eth_down_strong,range,long,30m,DISCOVERY_REJECTED,16679,12476,1.954462,-3.045538,-5.545538,-8.045538,49.085677,0.903451,1.954462,3.800000,-23.954133,-4.076088,false,false,false,0.000000,32.661874,62.355895
TrendSlope20,slope_flat,trend_down,long,240m,DISCOVERY_REJECTED,32441,17055,1.949035,-3.050965,-5.550965,-8.050965,50.442341,0.949698,1.949035,6.000000,-36.245169,-136.253877,false,false,false,0.000000,17.294513,36.619816
SessionUTC,late_us,compressed_up,long,120m,DISCOVERY_REJECTED,8395,5804,1.947388,-3.052612,-5.552612,-8.052612,48.624181,0.930553,1.947388,2.200000,-46.512609,-15.195158,false,false,false,77.634261,26.136855,44.722769
TakerBuyRatio,taker_sell_heavy,compressed_up,long,30m,DISCOVERY_REJECTED,9060,8314,1.928877,-3.071123,-5.571123,-8.071123,45.375276,0.879993,1.928877,0.000000,-12.375105,-4.709846,false,false,false,0.000000,41.774264,0.000000
Return15,return15_up,compressed_up,short,120m,DISCOVERY_REJECTED,14229,12419,1.922407,-3.077593,-5.577593,-8.077593,47.965423,0.934958,1.922407,0.900000,-25.290258,-7.145460,false,false,false,100.000000,18.875436,57.200029
CloseRelativeEMA20,below_ema20,trend_up,short,120m,DISCOVERY_REJECTED,1748,1700,1.915527,-3.084473,-5.584473,-8.084473,50.457666,0.947728,1.915527,5.750000,-60.106019,-14.993912,false,false,false,63.902778,31.621601,54.671049
TakerBuyRatio,taker_sell_heavy,range,long,120m,DISCOVERY_REJECTED,41900,34274,1.896752,-3.103248,-5.603248,-8.103248,48.451074,0.930873,1.896752,1.900000,-10.866519,-6.234891,false,false,false,0.000000,63.323735,85.028653
CloseRelativeEMA20,above_ema20,compressed_down,short,5m,DISCOVERY_REJECTED,4917,4574,1.896331,-3.103669,-5.603669,-8.103669,43.969900,0.784953,1.896331,0.500000,-13.497997,-6.352569,false,false,false,0.000000,43.734245,0.000000
TakerBuyRatio,taker_sell_heavy,compressed_up,long,60m,DISCOVERY_REJECTED,9060,8314,1.894032,-3.105968,-5.605968,-8.105968,46.578366,0.912479,1.894032,0.000000,-13.770907,-6.620696,false,false,false,61.670733,34.833803,100.000000
ETHContext60,eth_down,compressed_up,long,30m,DISCOVERY_REJECTED,1354,1292,1.893440,-3.106560,-5.606560,-8.106560,46.750369,0.885274,1.893440,0.850000,-34.333215,-7.175741,false,false,false,100.000000,27.244108,82.667877
Return15,return15_down,trend_up,long,60m,DISCOVERY_REJECTED,2286,2245,1.889913,-3.110087,-5.610087,-8.110087,47.637795,0.911622,1.889913,0.850000,-27.406711,-15.664395,false,false,false,41.944244,22.721798,47.386428
BTCContext60,btc_flat,trend_up,long,240m,DISCOVERY_REJECTED,48622,30859,1.883545,-3.116455,-5.616455,-8.116455,46.927317,0.944256,1.883545,-2.200000,-39.836465,-7.441443,false,false,false,0.000000,49.699476,56.413594
ATRPct14,atr_pct_14_mid,compressed_down,long,120m,DISCOVERY_REJECTED,14955,11158,1.883141,-3.116859,-5.616859,-8.116859,49.388164,0.954220,1.883141,3.000000,-35.087855,-8.799387,false,false,false,100.000000,41.774334,52.700504
BBWidthPctRank60,bb_width_mid,trend_up,long,240m,DISCOVERY_REJECTED,57180,37750,1.881653,-3.118347,-5.618347,-8.118347,46.995453,0.948550,1.881653,-2.600000,-23.305311,-6.216540,false,false,false,100.000000,50.601595,62.606864
TakerBuyRatio,taker_balanced,trend_down,long,60m,DISCOVERY_REJECTED,15801,13594,1.881599,-3.118401,-5.618401,-8.118401,50.433517,0.918133,1.881599,5.600000,-33.311623,-7.903802,false,false,false,0.000000,36.330107,53.349167
ETHContext60,eth_up,trend_down,long,240m,DISCOVERY_REJECTED,10576,8702,1.877203,-3.122797,-5.622797,-8.122797,49.177383,0.949043,1.877203,2.700000,-38.767080,-10.561430,false,false,false,47.213317,21.016924,72.309498
SessionUTC,late_us,trend_up,long,60m,DISCOVERY_REJECTED,20591,10345,1.872390,-3.127610,-5.627610,-8.127610,42.790540,0.890887,1.872390,-3.600000,-20.597192,-9.386644,false,false,false,100.000000,22.125419,63.142966
BBWidthPctRank60,bb_width_low,compressed_up,long,60m,DISCOVERY_REJECTED,47721,32604,1.857126,-3.142874,-5.642874,-8.142874,46.478490,0.904043,1.857126,0.000000,-14.123274,-4.123308,false,false,false,0.000000,44.601040,0.000000
CompositeRegime,compressed_up,compressed_up,long,60m,DISCOVERY_REJECTED,47721,32604,1.857126,-3.142874,-5.642874,-8.142874,46.478490,0.904043,1.857126,0.000000,-14.123274,-4.123308,false,false,false,0.000000,44.601040,0.000000
TakerBuyRatio,taker_buy_heavy_strong,trend_up,long,240m,DISCOVERY_REJECTED,31671,23959,1.843220,-3.156780,-5.656780,-8.156780,46.629409,0.943764,1.843220,-2.800000,-30.153448,-5.521810,false,false,false,0.000000,35.413749,64.020578
TakerBuyRatio,taker_sell_heavy_strong,trend_down,long,240m,DISCOVERY_REJECTED,32354,24211,1.827372,-3.172628,-5.672628,-8.172628,50.120542,0.946512,1.827372,5.300000,-34.518623,-8.650597,false,false,false,100.000000,21.744822,47.546525
SessionUTC,us,compressed_down,short,30m,DISCOVERY_REJECTED,13459,9794,1.816877,-3.183123,-5.683123,-8.183123,45.055353,0.891138,1.816877,-1.700000,-22.929365,-5.661795,false,false,false,0.000000,27.626928,82.449778
VolumeRatio20,volume_ratio_high,compressed_up,long,60m,DISCOVERY_REJECTED,10023,9362,1.803684,-3.196316,-5.696316,-8.196316,46.892148,0.899382,1.803684,0.600000,-16.582745,-5.366368,false,false,false,0.000000,48.383941,85.809332
TakerBuyRatio,taker_buy_heavy_strong,compressed_up,long,30m,DISCOVERY_REJECTED,11361,10313,1.799130,-3.200870,-5.700870,-8.200870,44.168647,0.850364,1.799130,0.000000,-10.404372,-5.543629,false,false,false,0.000000,50.499013,0.000000
BTCContext60,btc_down_strong,trend_down,short,5m,DISCOVERY_REJECTED,19720,11580,1.797930,-3.202070,-5.702070,-8.202070,42.038540,0.843252,1.797930,-2.200000,-14.431138,-4.440385,false,false,false,0.000000,80.503364,96.990563
CloseRelativeEMA20,below_ema20,compressed_up,long,60m,DISCOVERY_REJECTED,5531,5079,1.792451,-3.207549,-5.707549,-8.207549,47.966010,0.923162,1.792451,0.600000,-28.595191,-6.326629,false,false,false,100.000000,41.238111,72.311161
VolumeRatio20,volume_ratio_low,trend_down,long,30m,DISCOVERY_REJECTED,40070,29660,1.779679,-3.220321,-5.720321,-8.220321,49.006738,0.859877,1.779679,3.900000,-8.034031,-3.814351,false,false,false,0.000000,0.000000,0.000000
VolumeRatio20,volume_ratio_low,compressed_down,short,30m,DISCOVERY_REJECTED,15215,13295,1.770735,-3.229265,-5.729265,-8.229265,45.060795,0.877317,1.770735,-0.800000,-16.575408,-4.096009,false,false,false,0.000000,22.414838,63.302485
ETHContext60,eth_down_strong,compressed_down,long,120m,DISCOVERY_REJECTED,11580,9296,1.745256,-3.254744,-5.754744,-8.254744,49.274611,0.945309,1.745256,2.700000,-48.049578,-5.772132,false,false,false,100.000000,39.501822,64.505588
BTCContext60,btc_down,range,long,240m,DISCOVERY_REJECTED,48253,34843,1.743258,-3.256742,-5.756742,-8.256742,49.373096,0.947816,1.743258,3.200000,-25.124356,-5.555597,false,false,false,100.000000,22.082546,47.974339
ETHContext60,eth_up_strong,trend_down,short,60m,DISCOVERY_REJECTED,1625,1418,1.732940,-3.267060,-5.767060,-8.267060,46.830769,0.924156,1.732940,-1.100000,-46.991565,-16.704608,false,false,false,100.000000,34.821392,35.845681
BTCContext60,btc_flat,range,long,240m,DISCOVERY_REJECTED,119071,68033,1.730485,-3.269515,-5.769515,-8.269515,48.529029,0.939934,1.730485,1.700000,-23.549525,-4.600501,false,false,false,0.000000,42.675824,67.462459
ETHContext60,eth_up,compressed_up,long,60m,DISCOVERY_REJECTED,18939,15533,1.725032,-3.274968,-5.774968,-8.274968,46.095359,0.891644,1.725032,0.000000,-12.021840,-5.231548,false,false,false,0.000000,40.971300,0.000000
SessionUTC,us,compressed_down,short,5m,DISCOVERY_REJECTED,13459,9794,1.717463,-3.282537,-5.782537,-8.282537,43.235010,0.764215,1.717463,0.600000,-12.864236,-4.138549,false,false,false,0.000000,62.700144,0.000000
BBWidthPctRank60,bb_width_high,trend_up,long,120m,DISCOVERY_REJECTED,46994,34217,1.712129,-3.287871,-5.787871,-8.287871,45.439843,0.926904,1.712129,-3.800000,-15.906017,-5.989820,false,false,false,0.000000,33.694762,0.000000
ETHContext60,eth_down,trend_down,short,240m,DISCOVERY_REJECTED,36425,24133,1.711322,-3.288678,-5.788678,-8.288678,47.280714,0.945261,1.711322,-2.400000,-34.371959,-7.741211,false,false,false,100.000000,38.423169,54.973428
Return15,return15_down,compressed_up,long,30m,DISCOVERY_REJECTED,10593,9639,1.710548,-3.289452,-5.789452,-8.289452,46.964977,0.871874,1.710548,1.200000,-13.865878,-6.389490,false,false,false,0.000000,47.621470,100.000000
CloseRelativeEMA20,below_ema20,compressed_down,short,120m,DISCOVERY_REJECTED,8958,8058,1.710398,-3.289602,-5.789602,-8.289602,47.354320,0.941811,1.710398,-1.950000,-33.305588,-7.539925,false,false,false,63.034259,35.268411,82.131756
TakerBuyRatio,taker_balanced,compressed_down,short,5m,DISCOVERY_REJECTED,5250,4978,1.710000,-3.290000,-5.790000,-8.290000,41.733333,0.772523,1.710000,0.000000,-11.743265,-4.643825,false,false,false,0.000000,70.740769,100.000000
CompositeRegime,range,range,long,240m,DISCOVERY_REJECTED,237733,104960,1.705354,-3.294646,-5.794646,-8.294646,48.705481,0.944741,1.705354,1.700000,-25.118126,-5.708523,false,false,false,0.000000,45.071501,55.596566
VolumeRatio20,volume_ratio_low,compressed_up,long,30m,DISCOVERY_REJECTED,18592,15813,1.700715,-3.299285,-5.799285,-8.299285,44.793460,0.858178,1.700715,0.000000,-9.558403,-4.799157,false,false,false,0.000000,46.055892,0.000000
CloseRelativeEMA20,below_ema20_strong,range,long,30m,DISCOVERY_REJECTED,6205,5393,1.698638,-3.301362,-5.801362,-8.301362,48.960516,0.917222,1.698638,2.700000,-33.138568,-7.958666,false,false,false,54.032793,38.233154,58.910284
RealizedVol60,realized_vol_60_mid,range,long,60m,DISCOVERY_REJECTED,31002,16617,1.698364,-3.301636,-5.801636,-8.301636,49.529063,0.940056,1.698364,3.600000,-20.167044,-8.370521,false,false,false,0.000000,40.465951,40.127952
Return15,return15_flat,compressed_down,short,120m,DISCOVERY_REJECTED,15786,13763,1.698148,-3.301852,-5.801852,-8.301852,46.009122,0.919075,1.698148,-2.000000,-21.409033,-8.192480,false,false,false,51.854502,31.443318,100.000000
Return15,return15_down_strong,range,long,15m,DISCOVERY_REJECTED,16644,13830,1.695203,-3.304797,-5.804797,-8.304797,48.245614,0.863044,1.695203,3.000000,-9.000518,-4.759940,false,false,false,0.000000,35.687467,0.000000
SessionUTC,us,range,short,60m,DISCOVERY_REJECTED,66624,31478,1.693976,-3.306024,-5.806024,-8.306024,46.346662,0.903821,1.693976,-0.200000,-16.939091,-6.206997,false,false,false,0.000000,28.625661,100.000000
TrendSlope20,slope_up,compressed_down,short,5m,DISCOVERY_REJECTED,3139,2893,1.678993,-3.321007,-5.821007,-8.321007,42.752469,0.759166,1.678993,0.500000,-11.118645,-6.443567,false,false,false,100.000000,72.153826,0.000000
BBWidthPctRank60,bb_width_low,trend_up,long,240m,DISCOVERY_REJECTED,16486,13976,1.676296,-3.323704,-5.823704,-8.323704,47.070241,0.939356,1.676296,-1.900000,-37.013881,-8.850849,false,false,false,74.104888,38.753646,38.330488
SessionUTC,asia,range,long,60m,DISCOVERY_REJECTED,70306,31991,1.668573,-3.331427,-5.831427,-8.331427,47.419850,0.882778,1.668573,1.800000,-11.548936,-5.369989,false,false,false,0.000000,53.830065,100.000000
ETHContext60,eth_down_strong,trend_down,long,30m,DISCOVERY_REJECTED,28667,16397,1.667139,-3.332861,-5.832861,-8.332861,52.216835,0.904508,1.667139,8.300000,-20.976138,-5.057710,false,false,false,0.000000,26.672842,87.702126
Return15,return15_down,range,long,30m,DISCOVERY_REJECTED,68379,46101,1.649091,-3.350909,-5.850909,-8.350909,45.785987,0.835450,1.649091,1.100000,-7.046189,-4.753185,false,false,false,0.000000,63.774884,0.000000
TakerBuyRatio,taker_sell_heavy,compressed_down,long,15m,DISCOVERY_REJECTED,7551,7017,1.640563,-3.359437,-5.859437,-8.359437,47.013641,0.841876,1.640563,2.200000,-12.540913,-5.228936,false,false,false,100.000000,40.005604,100.000000
SessionUTC,europe,trend_down,long,240m,DISCOVERY_REJECTED,30170,14730,1.609252,-3.390748,-5.890748,-8.390748,47.673185,0.946003,1.609252,-1.900000,-42.572238,-6.370148,false,false,false,100.000000,34.951672,45.949436
TrendSlope20,slope_down,compressed_up,long,30m,DISCOVERY_REJECTED,4016,3655,1.604489,-3.395511,-5.895511,-8.395511,45.393426,0.866465,1.604489,-0.350000,-17.434161,-8.779777,false,false,false,41.485680,23.415791,80.618318
SessionUTC,late_us,compressed_up,long,30m,DISCOVERY_REJECTED,8395,5804,1.601937,-3.398063,-5.898063,-8.398063,44.740917,0.852278,1.601937,0.000000,-25.834601,-5.856673,false,false,false,0.000000,48.489111,100.000000
BBWidthPctRank60,bb_width_mid,trend_down,long,120m,DISCOVERY_REJECTED,54405,35906,1.600237,-3.399763,-5.899763,-8.399763,50.061575,0.925939,1.600237,5.100000,-22.826058,-6.701841,false,false,false,100.000000,30.632139,49.047781
RealizedVol60,realized_vol_60_low,trend_down,short,240m,DISCOVERY_REJECTED,99011,47972,1.597497,-3.402503,-5.902503,-8.402503,46.427165,0.939670,1.597497,-4.300000,-24.929544,-5.917947,false,false,false,100.000000,35.146158,52.813412
ETHContext60,eth_down,range,long,240m,DISCOVERY_REJECTED,50385,34896,1.593447,-3.406553,-5.906553,-8.406553,49.346036,0.944826,1.593447,3.200000,-41.991583,-6.695126,false,false,false,0.000000,44.680325,43.302706
TrendSlope20,slope_up_strong,compressed_down,short,30m,DISCOVERY_REJECTED,7930,6987,1.591579,-3.408421,-5.908421,-8.408421,44.602774,0.862948,1.591579,-0.650000,-12.048346,-54.155264,false,false,false,100.000000,43.381071,77.022066
VolumeRatio20,volume_ratio_high,range,long,240m,DISCOVERY_REJECTED,55634,43212,1.590744,-3.409256,-5.909256,-8.409256,48.506309,0.941829,1.590744,1.300000,-25.662879,-5.733688,false,false,false,0.000000,48.427713,77.089148
VolumeRatio20,volume_ratio_low,trend_up,long,240m,DISCOVERY_REJECTED,38909,29272,1.590438,-3.409562,-5.909562,-8.409562,47.066231,0.941130,1.590438,-2.200000,-33.563062,-8.373288,false,false,false,100.000000,35.722017,52.754099
BTCContext60,btc_down_strong,trend_down,long,60m,DISCOVERY_REJECTED,19720,11580,1.587106,-3.412894,-5.912894,-8.412894,52.444219,0.933569,1.587106,10.600000,-30.303020,-6.190554,false,false,false,100.000000,21.969451,59.859484
Return15,return15_down,compressed_up,long,60m,DISCOVERY_REJECTED,10593,9639,1.585485,-3.414515,-5.914515,-8.414515,47.776834,0.905450,1.585485,0.900000,-18.938128,-7.486516,false,false,false,100.000000,43.384398,100.000000
BBWidthPctRank60,bb_width_mid,range,long,240m,DISCOVERY_REJECTED,124950,76776,1.575722,-3.424278,-5.924278,-8.424278,48.613045,0.943782,1.575722,1.500000,-28.751025,-5.685948,false,false,false,0.000000,40.328728,51.798555
BTCContext60,btc_down,trend_down,long,30m,DISCOVERY_REJECTED,43741,28130,1.573381,-3.426619,-5.926619,-8.426619,49.493610,0.851437,1.573381,4.400000,-10.969352,-4.252115,false,false,false,0.000000,42.842877,0.000000
SessionUTC,late_us,range,long,60m,DISCOVERY_REJECTED,39572,18660,1.572185,-3.427815,-5.927815,-8.427815,46.537956,0.880183,1.572185,0.800000,-21.839291,-8.417668,false,false,false,0.000000,36.352076,59.475797
VolumeRatio20,volume_ratio_high,compressed_down,short,240m,DISCOVERY_REJECTED,7944,7486,1.572060,-3.427940,-5.927940,-8.427940,47.230614,0.947276,1.572060,-1.900000,-54.153413,-10.655941,false,false,false,98.411621,23.283706,80.184797
SessionUTC,asia,compressed_up,long,15m,DISCOVERY_REJECTED,13062,9148,1.569544,-3.430456,-5.930456,-8.430456,43.301179,0.790064,1.569544,0.000000,-8.899701,-4.446890,false,false,false,0.000000,100.000000,0.000000
Return15,return15_flat,compressed_up,long,120m,DISCOVERY_REJECTED,20805,17343,1.568361,-3.431639,-5.931639,-8.431639,47.464552,0.911139,1.568361,0.500000,-21.369909,-5.546339,false,false,false,0.000000,25.150358,82.479849
Return15,return15_up,compressed_up,long,240m,DISCOVERY_REJECTED,14229,12419,1.565803,-3.434197,-5.934197,-8.434197,48.675241,0.948688,1.565803,1.500000,-31.045056,-7.613959,false,false,false,58.916902,28.830395,91.068336
CloseRelativeEMA20,near_ema20,trend_up,short,120m,DISCOVERY_REJECTED,51603,33500,1.565124,-3.434876,-5.934876,-8.434876,48.305331,0.900484,1.565124,2.500000,-15.913581,-6.075684,false,false,false,0.000000,35.992182,100.000000
TakerBuyRatio,taker_sell_heavy,compressed_down,long,60m,DISCOVERY_REJECTED,7551,7017,1.564157,-3.435843,-5.935843,-8.435843,48.695537,0.910334,1.564157,2.700000,-28.580971,-9.309172,false,false,false,100.000000,21.755987,90.693425
TakerBuyRatio,taker_sell_heavy_strong,compressed_down,short,60m,DISCOVERY_REJECTED,9624,8842,1.558539,-3.441461,-5.941461,-8.441461,45.230673,0.894751,1.558539,-1.700000,-20.655916,-5.611523,false,false,false,0.000000,55.316712,81.017689
SessionUTC,late_us,compressed_up,long,60m,DISCOVERY_REJECTED,8395,5804,1.552997,-3.447003,-5.947003,-8.447003,46.432400,0.890991,1.552997,0.000000,-30.160693,-10.286635,false,false,false,100.000000,35.665308,70.089534
VolumeRatio20,volume_ratio_normal,trend_down,long,120m,DISCOVERY_REJECTED,43789,30955,1.545797,-3.454203,-5.954203,-8.454203,50.284318,0.927064,1.545797,5.500000,-20.037764,-9.195895,false,false,false,80.152032,37.137806,57.831138
Return15,return15_up_strong,range,long,60m,DISCOVERY_REJECTED,19019,15548,1.542875,-3.457125,-5.957125,-8.457125,48.530417,0.924672,1.542875,1.700000,-18.360222,-5.484946,false,false,false,100.000000,30.421665,39.403345
CloseRelativeEMA20,above_ema20,compressed_up,long,30m,DISCOVERY_REJECTED,10988,9527,1.535065,-3.464935,-5.964935,-8.464935,45.167455,0.874645,1.535065,-1.100000,-14.783659,-8.508357,false,false,false,100.000000,37.353368,89.595136
ETHContext60,eth_up,trend_down,long,120m,DISCOVERY_REJECTED,10576,8702,1.534421,-3.465579,-5.965579,-8.465579,49.215204,0.919199,1.534421,3.600000,-29.508294,-8.465711,false,false,false,100.000000,26.723088,80.734731
RealizedVol60,realized_vol_60_mid,trend_down,long,30m,DISCOVERY_REJECTED,18013,9618,1.521213,-3.478787,-5.978787,-8.478787,52.395492,0.925274,1.521213,10.600000,-23.319823,-6.706101,false,false,false,55.324549,24.351132,73.169136
TrendSlope20,slope_down,range,long,60m,DISCOVERY_REJECTED,19673,14407,1.514569,-3.485431,-5.985431,-8.485431,46.637524,0.894551,1.514569,0.000000,-12.797243,-15.068213,false,false,false,100.000000,77.528545,0.000000
Return15,return15_down_strong,trend_down,long,30m,DISCOVERY_REJECTED,29259,20279,1.503893,-3.496107,-5.996107,-8.496107,51.625141,0.907413,1.503893,7.700000,-16.136814,-5.720692,false,false,false,0.000000,37.486063,60.785898
VolumeRatio20,volume_ratio_high,trend_up,long,120m,DISCOVERY_REJECTED,36160,27339,1.495166,-3.504834,-6.004834,-8.504834,45.107854,0.920316,1.495166,-3.800000,-27.888897,-5.835104,false,false,false,0.000000,38.955950,100.000000
TakerBuyRatio,taker_buy_heavy,range,long,120m,DISCOVERY_REJECTED,41156,33832,1.489663,-3.510337,-6.010337,-8.510337,48.034308,0.922639,1.489663,1.400000,-18.919773,-4.980710,false,false,false,0.000000,30.512356,100.000000
RealizedVol60,realized_vol_60_mid,trend_down,short,5m,DISCOVERY_REJECTED,18013,9618,1.487146,-3.512854,-6.012854,-8.512854,44.323544,0.849524,1.487146,-1.900000,-14.383257,-4.739922,false,false,false,0.000000,52.893425,100.000000
RealizedVol60,realized_vol_60_mid,range,long,30m,DISCOVERY_REJECTED,31002,16617,1.486987,-3.513013,-6.013013,-8.513013,48.400103,0.911411,1.486987,1.700000,-17.922298,-5.775070,false,false,false,0.000000,47.342554,96.374945
TrendSlope20,slope_down,range,long,30m,DISCOVERY_REJECTED,19673,14407,1.486036,-3.513964,-6.013964,-8.513964,45.219336,0.851672,1.486036,0.000000,-11.511591,-13.287622,false,false,false,0.000000,92.760797,0.000000
ETHContext60,eth_up,compressed_up,long,30m,DISCOVERY_REJECTED,18939,15533,1.473577,-3.526423,-6.026423,-8.526423,44.648609,0.839615,1.473577,0.000000,-10.769063,-4.410175,false,false,false,0.000000,74.194227,0.000000
SessionUTC,late_us,trend_down,short,5m,DISCOVERY_REJECTED,18635,9488,1.473452,-3.526548,-6.026548,-8.526548,36.860746,0.741551,1.473452,-1.300000,-8.671068,-5.041765,false,false,false,0.000000,89.783435,100.000000
VolumeRatio20,volume_ratio_low,compressed_down,short,120m,DISCOVERY_REJECTED,15215,13295,1.468003,-3.531997,-6.031997,-8.531997,47.282287,0.929625,1.468003,-0.500000,-44.042802,-6.374290,false,false,false,100.000000,22.854955,69.359886
Return15,return15_up,range,short,240m,DISCOVERY_REJECTED,64270,43953,1.463943,-3.536057,-6.036057,-8.536057,47.969504,0.939309,1.463943,-0.400000,-35.021077,-5.302415,false,false,false,0.000000,23.419976,44.490616
TakerBuyRatio,taker_sell_heavy,trend_down,long,60m,DISCOVERY_REJECTED,21957,18023,1.461759,-3.538241,-6.038241,-8.538241,50.325636,0.902236,1.461759,5.500000,-15.734897,-5.071279,false,false,false,0.000000,60.355014,82.802739
CloseRelativeEMA20,below_ema20_strong,trend_down,short,5m,DISCOVERY_REJECTED,13207,9671,1.461437,-3.538563,-6.038563,-8.538563,42.401757,0.857951,1.461437,-4.300000,-19.113624,-8.265159,false,false,false,0.000000,78.927366,100.000000
TrendSlope20,slope_down,range,long,15m,DISCOVERY_REJECTED,19673,14407,1.458009,-3.541991,-6.041991,-8.541991,44.431454,0.798492,1.458009,0.800000,-7.350621,-9.479928,false,false,false,0.000000,100.000000,0.000000
BTCContext60,btc_down_strong,trend_up,long,5m,DISCOVERY_REJECTED,928,814,1.451674,-3.548326,-6.048326,-8.548326,44.827586,0.799528,1.451674,1.150000,-28.145526,-7.998288,false,false,false,79.524554,38.173397,79.926812
ETHContext60,eth_up,compressed_up,long,240m,DISCOVERY_REJECTED,18939,15533,1.441076,-3.558924,-6.058924,-8.558924,48.217963,0.942941,1.441076,0.000000,-42.268016,-6.545852,false,false,false,0.000000,31.560167,51.924052
RealizedVol60,realized_vol_60_mid,compressed_down,long,30m,DISCOVERY_REJECTED,9381,6861,1.438020,-3.561980,-6.061980,-8.561980,49.504317,0.913273,1.438020,4.000000,-20.476496,-6.608657,false,false,false,0.000000,40.664696,73.478485
CloseRelativeEMA20,below_ema20,compressed_up,long,120m,DISCOVERY_REJECTED,5531,5079,1.437159,-3.562841,-6.062841,-8.562841,48.345688,0.935747,1.437159,0.000000,-36.149637,-8.499225,false,false,false,55.068806,51.666307,83.918166
TrendSlope20,slope_flat,compressed_up,long,30m,DISCOVERY_REJECTED,17276,12403,1.427172,-3.572828,-6.072828,-8.572828,44.501042,0.851656,1.427172,-0.800000,-12.526259,-13.909813,false,false,false,0.000000,75.654584,100.000000
TakerBuyRatio,taker_buy_heavy_strong,range,long,240m,DISCOVERY_REJECTED,60588,45105,1.414918,-3.585082,-6.085082,-8.585082,48.635043,0.934724,1.414918,1.900000,-30.594018,-7.427032,false,false,false,0.000000,45.893812,55.762005
ETHContext60,eth_up,compressed_down,short,5m,DISCOVERY_REJECTED,1561,1464,1.413858,-3.586142,-6.086142,-8.586142,42.280589,0.726563,1.413858,0.800000,-14.475998,-5.934542,false,false,false,100.000000,40.076401,78.252388
ETHContext60,eth_up_strong,trend_down,long,30m,DISCOVERY_REJECTED,1625,1418,1.412883,-3.587117,-6.087117,-8.587117,47.446154,0.884351,1.412883,1.800000,-23.963834,-10.362841,false,false,false,100.000000,30.884401,100.000000
ATRPct14,atr_pct_14_low,compressed_down,short,60m,DISCOVERY_REJECTED,22712,17912,1.398156,-3.601844,-6.101844,-8.601844,44.540331,0.861320,1.398156,-1.900000,-19.406222,-5.199807,false,false,false,0.000000,33.150532,100.000000
SessionUTC,us,compressed_down,short,60m,DISCOVERY_REJECTED,13459,9794,1.386597,-3.613403,-6.113403,-8.613403,45.597741,0.909202,1.386597,-3.200000,-25.268643,-7.136376,false,false,false,0.000000,26.715979,81.565986
BBWidthPctRank60,bb_width_low,trend_up,short,120m,DISCOVERY_REJECTED,16486,13976,1.385548,-3.614452,-6.114452,-8.614452,48.635206,0.903906,1.385548,2.700000,-22.571571,-6.715216,false,false,false,0.000000,42.522298,84.319659
TakerBuyRatio,taker_sell_heavy_strong,compressed_down,short,30m,DISCOVERY_REJECTED,9624,8842,1.382218,-3.617782,-6.117782,-8.617782,43.744805,0.851822,1.382218,-1.600000,-12.766025,-5.440690,false,false,false,0.000000,82.587515,86.587839
ETHContext60,eth_down_strong,trend_down,short,5m,DISCOVERY_REJECTED,28667,16397,1.381826,-3.618174,-6.118174,-8.618174,41.322775,0.805655,1.381826,-1.900000,-9.720794,-4.632174,false,false,false,0.000000,84.045383,100.000000
SessionUTC,late_us,compressed_up,long,15m,DISCOVERY_REJECTED,8395,5804,1.377660,-3.622340,-6.122340,-8.622340,43.275759,0.788223,1.377660,0.000000,-18.580424,-6.736751,false,false,false,0.000000,49.284624,100.000000
TrendSlope20,slope_flat,compressed_up,long,60m,DISCOVERY_REJECTED,17276,12403,1.373746,-3.626254,-6.126254,-8.626254,46.550127,0.892329,1.373746,0.000000,-17.812377,-12.058696,false,false,false,0.000000,75.578822,100.000000
BBWidthPctRank60,bb_width_high,trend_down,long,120m,DISCOVERY_REJECTED,48250,34344,1.373225,-3.626775,-6.126775,-8.626775,51.189637,0.925991,1.373225,7.500000,-28.893123,-7.993803,false,false,false,0.000000,27.872007,34.966990
Return15,return15_down,range,long,120m,DISCOVERY_REJECTED,68379,46101,1.371637,-3.628363,-6.128363,-8.628363,47.750040,0.910377,1.371637,0.800000,-13.723040,-5.245884,false,false,false,0.000000,53.653903,100.000000
CloseRelativeEMA20,near_ema20,compressed_up,long,240m,DISCOVERY_REJECTED,30161,23507,1.358680,-3.641320,-6.141320,-8.641320,48.406883,0.936599,1.358680,1.000000,-34.744333,-7.813417,false,false,false,100.000000,34.391421,48.770305
TrendSlope20,slope_down,trend_down,long,60m,DISCOVERY_REJECTED,19465,12644,1.358314,-3.641686,-6.141686,-8.641686,49.987156,0.904241,1.358314,5.000000,-14.527584,-12.728686,false,false,false,90.645706,69.385193,100.000000
RealizedVol60,realized_vol_60_low,compressed_down,short,30m,DISCOVERY_REJECTED,28359,21606,1.356278,-3.643722,-6.143722,-8.643722,43.742727,0.827117,1.356278,-1.200000,-11.172928,-4.478131,false,false,false,0.000000,30.989437,0.000000
TakerBuyRatio,taker_sell_heavy,compressed_up,long,120m,DISCOVERY_REJECTED,9060,8314,1.353963,-3.646037,-6.146037,-8.646037,48.145695,0.925598,1.353963,1.200000,-28.191452,-8.252506,false,false,false,0.000000,37.605857,100.000000
CloseRelativeEMA20,below_ema20,compressed_up,long,30m,DISCOVERY_REJECTED,5531,5079,1.353743,-3.646257,-6.146257,-8.646257,46.754656,0.876764,1.353743,0.300000,-24.874078,-6.906171,false,false,false,100.000000,33.860911,71.257508
Return15,return15_down_strong,trend_down,long,15m,DISCOVERY_REJECTED,29259,20279,1.343784,-3.656216,-6.156216,-8.656216,50.876653,0.871071,1.343784,6.100000,-12.347518,-5.839079,false,false,false,0.000000,66.877032,0.000000
ATRPct14,atr_pct_14_mid,trend_down,short,5m,DISCOVERY_REJECTED,44654,24466,1.340432,-3.659568,-6.159568,-8.659568,43.104761,0.791188,1.340432,-0.900000,-8.151916,-4.597971,false,false,false,0.000000,72.196274,0.000000
ETHContext60,eth_flat,compressed_up,long,60m,DISCOVERY_REJECTED,12086,9678,1.329170,-3.670830,-6.170830,-8.670830,46.558001,0.875616,1.329170,0.450000,-22.174028,-9.816873,false,false,false,100.000000,49.822917,100.000000
CompositeRegime,trend_down,trend_down,long,120m,DISCOVERY_REJECTED,117282,55506,1.323781,-3.676219,-6.176219,-8.676219,50.324005,0.920350,1.323781,5.600000,-16.428880,-6.460478,false,false,false,0.000000,36.777076,46.268816
Return15,return15_down,trend_up,long,30m,DISCOVERY_REJECTED,2286,2245,1.319556,-3.680444,-6.180444,-8.680444,47.419073,0.861500,1.319556,1.850000,-25.438495,-16.531819,false,false,false,36.688260,26.416862,38.845232
ETHContext60,eth_up,trend_up,long,240m,DISCOVERY_REJECTED,38223,25072,1.316200,-3.683800,-6.183800,-8.683800,46.775502,0.938851,1.316200,-3.300000,-33.427335,-7.958328,false,false,false,100.000000,33.031659,100.000000
ATRPct14,atr_pct_14_low,trend_down,short,240m,DISCOVERY_REJECTED,71298,37426,1.305926,-3.694074,-6.194074,-8.694074,46.542680,0.925294,1.305926,-3.150000,-26.991174,-5.926110,false,false,false,0.000000,32.130451,55.507150
TrendSlope20,slope_down_strong,trend_down,long,120m,DISCOVERY_REJECTED,65376,32832,1.303882,-3.696118,-6.196118,-8.696118,50.500184,0.919497,1.303882,6.000000,-18.938039,-5.889043,false,false,false,65.239055,25.802893,44.479012
BTCContext60,btc_down_strong,range,short,5m,DISCOVERY_REJECTED,9567,7600,1.299635,-3.700365,-6.200365,-8.700365,42.845197,0.787792,1.299635,-0.500000,-16.151722,-5.093426,false,false,false,0.000000,47.216163,0.000000
VolumeRatio20,volume_ratio_low,range,long,240m,DISCOVERY_REJECTED,94356,64836,1.299541,-3.700459,-6.200459,-8.700459,48.758955,0.937104,1.299541,1.900000,-34.228148,-8.293757,false,false,false,0.000000,41.939937,47.670169
SessionUTC,late_us,compressed_down,long,30m,DISCOVERY_REJECTED,6263,4772,1.298342,-3.701658,-6.201658,-8.701658,47.565065,0.849197,1.298342,2.500000,-16.035088,-7.189070,false,false,false,0.000000,42.337361,82.869099
SessionUTC,europe,trend_down,long,120m,DISCOVERY_REJECTED,30170,14730,1.292290,-3.707710,-6.207710,-8.707710,48.269804,0.909489,1.292290,1.800000,-25.384249,-6.777339,false,false,false,100.000000,25.851443,0.000000
TakerBuyRatio,taker_sell_heavy_strong,range,long,240m,DISCOVERY_REJECTED,64482,47166,1.290158,-3.709842,-6.209842,-8.709842,48.470891,0.933853,1.290158,1.400000,-23.998763,-6.656105,false,false,false,0.000000,45.818708,82.294633
BTCContext60,btc_down,trend_down,long,60m,DISCOVERY_REJECTED,43741,28130,1.289882,-3.710118,-6.210118,-8.710118,50.577262,0.883588,1.289882,5.700000,-15.680859,-5.223495,false,false,false,0.000000,50.443469,100.000000
BTCContext60,btc_up,trend_down,short,60m,DISCOVERY_REJECTED,9157,7754,1.284312,-3.715688,-6.215688,-8.715688,44.665283,0.887151,1.284312,-2.500000,-20.664404,-6.542786,false,false,false,100.000000,37.025436,86.464990
VolumeRatio20,volume_ratio_normal,compressed_down,long,60m,DISCOVERY_REJECTED,14733,12999,1.282001,-3.717999,-6.217999,-8.717999,48.903821,0.899103,1.282001,3.300000,-17.774575,-9.640004,false,false,false,100.000000,32.923007,95.252416
Return15,return15_up,range,short,30m,DISCOVERY_REJECTED,64270,43953,1.280893,-3.719107,-6.219107,-8.719107,45.224833,0.822043,1.280893,0.400000,-7.547767,-4.491258,false,false,false,0.000000,0.000000,0.000000
TrendSlope20,slope_flat,compressed_up,long,120m,DISCOVERY_REJECTED,17276,12403,1.269483,-3.730517,-6.230517,-8.730517,47.991433,0.920390,1.269483,0.000000,-21.751589,-16.480098,false,false,false,100.000000,64.986645,88.021392
CloseRelativeEMA20,below_ema20,range,long,240m,DISCOVERY_REJECTED,51248,36653,1.269056,-3.730944,-6.230944,-8.730944,48.374571,0.943365,1.269056,0.000000,-28.404908,-9.637514,false,false,false,100.000000,38.445411,35.716488
TrendSlope20,slope_down_strong,range,long,30m,DISCOVERY_REJECTED,63457,36606,1.266281,-3.733719,-6.233719,-8.733719,45.493799,0.819337,1.266281,1.200000,-7.140130,-5.179714,false,false,false,100.000000,0.000000,0.000000
TrendSlope20,slope_down_strong,range,long,60m,DISCOVERY_REJECTED,63457,36606,1.258297,-3.741703,-6.241703,-8.741703,46.601636,0.869084,1.258297,1.100000,-10.961823,-6.353427,false,false,false,100.000000,51.272747,0.000000
CloseRelativeEMA20,below_ema20_strong,range,long,60m,DISCOVERY_REJECTED,6205,5393,1.255658,-3.744342,-6.244342,-8.744342,49.492345,0.930831,1.255658,3.700000,-33.693333,-13.011595,false,false,false,100.000000,25.390908,57.917519
BBWidthPctRank60,bb_width_low,compressed_down,short,240m,DISCOVERY_REJECTED,37900,27941,1.254294,-3.745706,-6.245706,-8.745706,47.902375,0.946721,1.254294,-1.300000,-60.628445,-7.156451,false,false,false,100.000000,27.712191,98.565598
CompositeRegime,compressed_down,compressed_down,short,240m,DISCOVERY_REJECTED,37900,27941,1.254294,-3.745706,-6.245706,-8.745706,47.902375,0.946721,1.254294,-1.300000,-60.628445,-7.156451,false,false,false,100.000000,27.712191,98.565598
BTCContext60,btc_up,trend_down,short,5m,DISCOVERY_REJECTED,9157,7754,1.246622,-3.753378,-6.253378,-8.753378,39.619963,0.681553,1.246622,0.000000,-9.392239,-4.660111,false,false,false,0.000000,62.486108,0.000000
ATRPct14,atr_pct_14_mid,compressed_up,long,30m,DISCOVERY_REJECTED,15927,11173,1.245424,-3.754576,-6.254576,-8.754576,46.562441,0.890076,1.245424,-1.200000,-19.196064,-6.352453,false,false,false,100.000000,33.005700,0.000000
CloseRelativeEMA20,above_ema20,range,short,5m,DISCOVERY_REJECTED,50321,36553,1.244938,-3.755062,-6.255062,-8.755062,42.924425,0.674889,1.244938,1.400000,-6.844543,-4.297123,false,false,false,0.000000,0.000000,0.000000
VolumeRatio20,volume_ratio_low,trend_down,long,15m,DISCOVERY_REJECTED,40070,29660,1.237122,-3.762878,-6.262878,-8.762878,46.234090,0.785009,1.237122,2.300000,-8.564847,-4.430799,false,false,false,0.000000,100.000000,0.000000
BTCContext60,btc_down_strong,trend_down,long,120m,DISCOVERY_REJECTED,19720,11580,1.233909,-3.766091,-6.266091,-8.766091,51.967546,0.944605,1.233909,10.750000,-52.770735,-11.082588,false,false,false,71.648666,25.383680,60.004174
Return15,return15_down,compressed_down,long,15m,DISCOVERY_REJECTED,11217,10153,1.230536,-3.769464,-6.269464,-8.769464,47.303200,0.820613,1.230536,2.500000,-11.865954,-5.305114,false,false,false,0.000000,55.916278,0.000000
BBWidthPctRank60,bb_width_low,compressed_up,long,120m,DISCOVERY_REJECTED,47721,32604,1.228389,-3.771611,-6.271611,-8.771611,47.882484,0.917666,1.228389,0.500000,-20.412631,-5.652327,false,false,false,0.000000,39.165225,100.000000
CompositeRegime,compressed_up,compressed_up,long,120m,DISCOVERY_REJECTED,47721,32604,1.228389,-3.771611,-6.271611,-8.771611,47.882484,0.917666,1.228389,0.500000,-20.412631,-5.652327,false,false,false,0.000000,39.165225,100.000000
VolumeRatio20,volume_ratio_low,range,long,120m,DISCOVERY_REJECTED,94356,64836,1.222939,-3.777061,-6.277061,-8.777061,48.021323,0.908412,1.222939,1.400000,-16.519009,-6.755215,false,false,false,0.000000,48.367082,100.000000
Return15,return15_flat,trend_up,long,240m,DISCOVERY_REJECTED,24361,18680,1.219526,-3.780474,-6.280474,-8.780474,46.677066,0.921727,1.219526,-1.600000,-31.126695,-7.745595,false,false,false,0.000000,39.172894,73.117214
CompositeRegime,range,range,long,120m,DISCOVERY_REJECTED,237733,104960,1.215025,-3.784975,-6.284975,-8.784975,48.047179,0.910046,1.215025,1.500000,-14.709831,-4.910153,false,false,false,0.000000,64.253109,100.000000
BTCContext60,btc_up,trend_up,short,120m,DISCOVERY_REJECTED,43361,28304,1.212258,-3.787742,-6.287742,-8.787742,49.482254,0.908678,1.212258,3.900000,-21.389688,-7.130480,false,false,false,0.000000,34.388978,100.000000
BTCContext60,btc_down_strong,compressed_down,short,120m,DISCOVERY_REJECTED,9137,7263,1.207883,-3.792117,-6.292117,-8.792117,47.794681,0.940563,1.207883,-1.400000,-67.140904,-7.935050,false,false,false,100.000000,36.120819,72.507202
VolumeRatio20,volume_ratio_normal,range,long,120m,DISCOVERY_REJECTED,87721,59480,1.204688,-3.795312,-6.295312,-8.795312,48.207385,0.912289,1.204688,1.700000,-13.266857,-5.824757,false,false,false,0.000000,63.087266,100.000000
Return15,return15_down_strong,compressed_up,long,5m,DISCOVERY_REJECTED,823,788,1.187807,-3.812193,-6.312193,-8.812193,46.294046,0.823976,1.187807,0.000000,-44.964759,-11.966284,false,false,false,68.199059,23.804382,60.046274
BBWidthPctRank60,bb_width_mid,trend_down,long,60m,DISCOVERY_REJECTED,54405,35906,1.184855,-3.815145,-6.315145,-8.815145,49.817112,0.885325,1.184855,4.700000,-20.260460,-5.654142,false,false,false,0.000000,36.515508,51.375832
TrendSlope20,slope_down_strong,trend_down,long,60m,DISCOVERY_REJECTED,65376,32832,1.176832,-3.823168,-6.323168,-8.823168,49.966349,0.886129,1.176832,5.000000,-13.993909,-5.314210,false,false,false,72.486841,35.819027,83.494389
Return15,return15_up,compressed_down,short,15m,DISCOVERY_REJECTED,8811,8194,1.174471,-3.825529,-6.325529,-8.825529,44.682783,0.808836,1.174471,0.000000,-16.690747,-5.170034,false,false,false,0.000000,68.230030,0.000000
Return15,return15_down_strong,trend_down,short,5m,DISCOVERY_REJECTED,29259,20279,1.171692,-3.828308,-6.328308,-8.828308,41.542773,0.808675,1.171692,-2.700000,-11.656009,-5.000977,false,false,false,0.000000,89.899500,100.000000
VolumeRatio20,volume_ratio_high,range,long,120m,DISCOVERY_REJECTED,55634,43212,1.170672,-3.829328,-6.329328,-8.829328,47.821476,0.908013,1.170672,1.300000,-21.451014,-5.097025,false,false,false,0.000000,63.520006,72.935156
CloseRelativeEMA20,near_ema20,trend_up,short,60m,DISCOVERY_REJECTED,51603,33500,1.166578,-3.833422,-6.333422,-8.833422,47.584443,0.842494,1.166578,2.600000,-7.917856,-5.529011,false,false,false,0.000000,67.099438,0.000000
VolumeRatio20,volume_ratio_high,compressed_up,short,120m,DISCOVERY_REJECTED,10023,9362,1.164904,-3.835096,-6.335096,-8.835096,47.081712,0.913753,1.164904,-0.200000,-29.924721,-8.748152,false,false,false,100.000000,35.992040,64.931549
ETHContext60,eth_flat,trend_down,short,240m,DISCOVERY_REJECTED,39989,25593,1.157646,-3.842354,-6.342354,-8.842354,45.960139,0.929149,1.157646,-5.000000,-32.791186,-6.686584,false,false,false,0.000000,30.444518,64.877157
TakerBuyRatio,taker_buy_heavy_strong,trend_down,short,5m,DISCOVERY_REJECTED,25915,20568,1.155789,-3.844211,-6.344211,-8.844211,37.595987,0.648284,1.155789,-0.200000,-6.311482,-4.970853,false,false,false,0.000000,0.000000,0.000000
CloseRelativeEMA20,above_ema20,range,short,15m,DISCOVERY_REJECTED,50321,36553,1.153539,-3.846461,-6.346461,-8.846461,45.418414,0.777613,1.153539,1.400000,-6.373570,-4.847557,false,false,false,0.000000,100.000000,0.000000
TakerBuyRatio,taker_sell_heavy_strong,trend_down,long,120m,DISCOVERY_REJECTED,32354,24211,1.150862,-3.849138,-6.349138,-8.849138,50.241083,0.909736,1.150862,5.400000,-16.241021,-7.034823,false,false,false,0.000000,31.159617,49.449394
Return15,return15_flat,compressed_up,long,60m,DISCOVERY_REJECTED,20805,17343,1.142123,-3.857877,-6.357877,-8.857877,45.152608,0.860159,1.142123,-0.700000,-14.603169,-5.656170,false,false,false,0.000000,54.347475,100.000000
SessionUTC,late_us,trend_down,long,15m,DISCOVERY_REJECTED,18635,9488,1.138826,-3.861174,-6.361174,-8.861174,47.389321,0.798959,1.138826,2.900000,-9.814577,-4.799101,false,false,false,0.000000,67.806182,0.000000
CloseRelativeEMA20,below_ema20_strong,trend_down,long,15m,DISCOVERY_REJECTED,13207,9671,1.132764,-3.867236,-6.367236,-8.867236,52.086015,0.889044,1.132764,8.700000,-19.108103,-6.979790,false,false,false,0.000000,39.948564,93.295176
CloseRelativeEMA20,below_ema20_strong,trend_down,long,30m,DISCOVERY_REJECTED,13207,9671,1.130733,-3.869267,-6.369267,-8.869267,53.047626,0.916044,1.130733,11.500000,-23.789172,-7.135840,false,false,false,100.000000,29.500999,81.317994
ETHContext60,eth_down_strong,trend_up,short,60m,DISCOVERY_REJECTED,1665,1438,1.128040,-3.871960,-6.371960,-8.871960,50.750751,0.920122,1.128040,6.600000,-44.819433,-16.607225,false,false,false,90.960608,22.857391,57.654068
RealizedVol60,realized_vol_60_mid,compressed_up,long,15m,DISCOVERY_REJECTED,9772,6723,1.123758,-3.876242,-6.376242,-8.876242,45.558739,0.862797,1.123758,-1.000000,-14.634919,-6.771195,false,false,false,100.000000,38.660931,100.000000
TakerBuyRatio,taker_sell_heavy_strong,range,long,120m,DISCOVERY_REJECTED,64482,47166,1.120750,-3.879250,-6.379250,-8.879250,47.543501,0.901552,1.120750,0.900000,-13.359248,-5.497823,false,false,false,0.000000,65.944330,100.000000
TakerBuyRatio,taker_buy_heavy,compressed_down,long,60m,DISCOVERY_REJECTED,7157,6698,1.117731,-3.882269,-6.382269,-8.882269,49.014950,0.897351,1.117731,3.300000,-13.724611,-12.088068,false,false,false,64.519026,55.854068,100.000000
TakerBuyRatio,taker_balanced,compressed_down,long,60m,DISCOVERY_REJECTED,5250,4978,1.115176,-3.884824,-6.384824,-8.884824,48.266667,0.901228,1.115176,2.300000,-31.491410,-10.047909,false,false,false,100.000000,35.975951,100.000000
BBWidthPctRank60,bb_width_low,compressed_up,long,30m,DISCOVERY_REJECTED,47721,32604,1.114368,-3.885632,-6.385632,-8.885632,44.477274,0.837892,1.114368,-0.600000,-9.311570,-4.899897,false,false,false,0.000000,49.513928,0.000000
CompositeRegime,compressed_up,compressed_up,long,30m,DISCOVERY_REJECTED,47721,32604,1.114368,-3.885632,-6.385632,-8.885632,44.477274,0.837892,1.114368,-0.600000,-9.311570,-4.899897,false,false,false,0.000000,49.513928,0.000000
ATRPct14,atr_pct_14_mid,trend_down,long,60m,DISCOVERY_REJECTED,44654,24466,1.112514,-3.887486,-6.387486,-8.887486,52.040131,0.917273,1.112514,9.600000,-21.669993,-5.409015,false,false,false,0.000000,37.649029,59.908047
Return15,return15_down,range,long,15m,DISCOVERY_REJECTED,68379,46101,1.112231,-3.887769,-6.387769,-8.887769,44.054461,0.745874,1.112231,1.000000,-6.558026,-5.165120,false,false,false,0.000000,0.000000,0.000000
Return15,return15_down,trend_up,long,15m,DISCOVERY_REJECTED,2286,2245,1.109931,-3.890069,-6.390069,-8.890069,43.438320,0.805583,1.109931,-0.150000,-16.891064,-10.988429,false,false,false,72.255728,24.853822,43.582825
VolumeRatio20,volume_ratio_normal,compressed_up,long,60m,DISCOVERY_REJECTED,19087,16220,1.105401,-3.894599,-6.394599,-8.894599,46.209462,0.885312,1.105401,-0.400000,-12.668005,-6.164884,false,false,false,0.000000,39.906662,0.000000
CloseRelativeEMA20,above_ema20,compressed_down,short,30m,DISCOVERY_REJECTED,4917,4574,1.102899,-3.897101,-6.397101,-8.897101,46.044336,0.870570,1.102899,-0.700000,-17.257748,-9.071121,false,false,false,100.000000,42.305685,100.000000
VolumeRatio20,volume_ratio_low,compressed_up,long,15m,DISCOVERY_REJECTED,18592,15813,1.102003,-3.897997,-6.397997,-8.897997,43.411145,0.775806,1.102003,0.000000,-7.706487,-4.643041,false,false,false,0.000000,59.575806,0.000000
BBWidthPctRank60,bb_width_mid,range,long,120m,DISCOVERY_REJECTED,124950,76776,1.101884,-3.898116,-6.398116,-8.898116,48.057623,0.909286,1.101884,1.400000,-15.646842,-4.817365,false,false,false,0.000000,51.990258,57.733259
CloseRelativeEMA20,near_ema20,trend_down,long,240m,DISCOVERY_REJECTED,47739,31374,1.097349,-3.902651,-6.402651,-8.902651,49.753870,0.924018,1.097349,4.500000,-27.667272,-5.556686,false,false,false,0.000000,19.633733,59.202872
BBWidthPctRank60,bb_width_high,trend_up,long,60m,DISCOVERY_REJECTED,46994,34217,1.086718,-3.913282,-6.413282,-8.913282,43.609823,0.881506,1.086718,-3.600000,-10.724383,-4.845798,false,false,false,0.000000,39.086174,0.000000
Return15,return15_up_strong,range,short,5m,DISCOVERY_REJECTED,19019,15548,1.085101,-3.914899,-6.414899,-8.914899,45.748988,0.760129,1.085101,1.800000,-7.941989,-5.677821,false,false,false,0.000000,83.064124,0.000000
TakerBuyRatio,taker_sell_heavy,compressed_up,long,15m,DISCOVERY_REJECTED,9060,8314,1.082838,-3.917162,-6.417162,-8.917162,43.741722,0.793652,1.082838,-0.100000,-15.061027,-6.259163,false,false,false,0.000000,74.177608,0.000000
ATRPct14,atr_pct_14_mid,trend_down,long,30m,DISCOVERY_REJECTED,44654,24466,1.082259,-3.917741,-6.417741,-8.917741,51.663905,0.887400,1.082259,7.800000,-14.982476,-4.710250,false,false,false,0.000000,32.220668,100.000000
TrendSlope20,slope_flat,compressed_down,long,60m,DISCOVERY_REJECTED,13339,10268,1.079574,-3.920426,-6.420426,-8.920426,48.271984,0.892285,1.079574,2.200000,-16.686901,-7.199814,false,false,false,96.902804,44.686532,86.369235
ETHContext60,eth_flat,compressed_down,short,30m,DISCOVERY_REJECTED,9366,7741,1.076629,-3.923371,-6.423371,-8.923371,43.209481,0.823113,1.076629,-2.050000,-13.903001,-7.989980,false,false,false,0.000000,55.230609,0.000000
ATRPct14,atr_pct_14_low,compressed_down,short,30m,DISCOVERY_REJECTED,22712,17912,1.076345,-3.923655,-6.423655,-8.923655,42.937654,0.794440,1.076345,-1.500000,-9.518290,-5.044561,false,false,false,0.000000,62.526234,0.000000
BTCContext60,btc_up,trend_up,short,60m,DISCOVERY_REJECTED,43361,28304,1.074538,-3.925462,-6.425462,-8.925462,49.731325,0.866655,1.074538,4.700000,-11.769198,-6.592682,false,false,false,0.000000,43.094887,0.000000
TrendSlope20,slope_down_strong,compressed_down,short,30m,DISCOVERY_REJECTED,9731,8341,1.071573,-3.928427,-6.428427,-8.928427,43.417943,0.847576,1.071573,-1.900000,-13.891481,-4.922232,false,false,false,100.000000,68.487425,100.000000
ATRPct14,atr_pct_14_mid,compressed_up,long,120m,DISCOVERY_REJECTED,15927,11173,1.069350,-3.930650,-6.430650,-8.930650,48.722295,0.939274,1.069350,1.400000,-28.097523,-8.307786,false,false,false,60.916333,36.881308,88.873201
TakerBuyRatio,taker_buy_heavy,trend_down,long,30m,DISCOVERY_REJECTED,21255,17602,1.067186,-3.932814,-6.432814,-8.932814,49.447189,0.853781,1.067186,4.200000,-15.726394,-5.304301,false,false,false,0.000000,51.238007,100.000000
BTCContext60,btc_down_strong,compressed_down,short,5m,DISCOVERY_REJECTED,9137,7263,1.067170,-3.932830,-6.432830,-8.932830,43.219875,0.765411,1.067170,0.000000,-16.578090,-5.455943,false,false,false,0.000000,46.580417,100.000000
BTCContext60,btc_down,trend_up,short,30m,DISCOVERY_REJECTED,10313,8385,1.065561,-3.934439,-6.434439,-8.934439,47.192863,0.844462,1.065561,1.900000,-13.380767,-6.016351,false,false,false,0.000000,62.472393,100.000000
TakerBuyRatio,taker_balanced,compressed_down,short,30m,DISCOVERY_REJECTED,5250,4978,1.065040,-3.934960,-6.434960,-8.934960,46.019048,0.868390,1.065040,-0.700000,-34.290721,-5.676793,false,false,false,0.000000,27.621554,100.000000
SessionUTC,europe,compressed_up,short,120m,DISCOVERY_REJECTED,10335,7460,1.064679,-3.935321,-6.435321,-8.935321,48.911466,0.907033,1.064679,3.200000,-26.570670,-11.808240,false,false,false,87.061434,23.120183,70.240805
TrendSlope20,slope_up,trend_up,long,120m,DISCOVERY_REJECTED,18838,12454,1.064230,-3.935770,-6.435770,-8.935770,45.031320,0.922043,1.064230,-5.600000,-25.486043,-31.311592,false,false,false,0.000000,66.194026,90.306946
TrendSlope20,slope_up_strong,range,short,30m,DISCOVERY_REJECTED,60984,35788,1.063589,-3.936411,-6.436411,-8.936411,44.757641,0.818490,1.063589,0.200000,-8.218343,-4.462187,false,false,false,100.000000,0.000000,0.000000
TakerBuyRatio,taker_balanced,trend_down,long,15m,DISCOVERY_REJECTED,15801,13594,1.059570,-3.940430,-6.440430,-8.940430,47.718499,0.817691,1.059570,3.000000,-22.245360,-5.458218,false,false,false,0.000000,100.000000,0.000000
TrendSlope20,slope_down_strong,compressed_up,long,15m,DISCOVERY_REJECTED,9108,7921,1.059167,-3.940833,-6.440833,-8.940833,43.774704,0.768746,1.059167,0.350000,-10.192259,-22.237715,false,false,false,0.000000,96.324511,0.000000
BTCContext60,btc_flat,range,long,120m,DISCOVERY_REJECTED,119071,68033,1.047390,-3.952610,-6.452610,-8.952610,47.617808,0.895618,1.047390,1.100000,-15.468110,-5.212669,false,false,false,0.000000,65.860240,63.980426
CloseRelativeEMA20,above_ema20,range,long,240m,DISCOVERY_REJECTED,50321,36553,1.045117,-3.954883,-6.454883,-8.954883,49.498221,0.938356,1.045117,3.500000,-30.332401,-6.985333,false,false,false,100.000000,41.613612,50.002536
BTCContext60,btc_flat,trend_up,long,120m,DISCOVERY_REJECTED,48622,30859,1.041799,-3.958201,-6.458201,-8.958201,45.349842,0.898493,1.041799,-2.400000,-21.726035,-5.302050,false,false,false,0.000000,64.987151,96.369897
CloseRelativeEMA20,near_ema20,trend_up,short,30m,DISCOVERY_REJECTED,51603,33500,1.041516,-3.958484,-6.458484,-8.958484,45.842296,0.776430,1.041516,1.900000,-7.373346,-5.484249,false,false,false,0.000000,0.000000,0.000000
Return15,return15_down_strong,range,long,5m,DISCOVERY_REJECTED,16644,13830,1.040161,-3.959839,-6.459839,-8.959839,46.046623,0.761817,1.040161,1.800000,-7.458109,-4.685073,false,false,false,0.000000,77.925257,0.000000
ATRPct14,atr_pct_14_mid,compressed_down,long,15m,DISCOVERY_REJECTED,14955,11158,1.035944,-3.964056,-6.464056,-8.964056,47.977265,0.855050,1.035944,2.300000,-15.042170,-6.432620,false,false,false,0.000000,70.661155,100.000000
SessionUTC,asia,compressed_down,long,15m,DISCOVERY_REJECTED,10318,7817,1.035308,-3.964692,-6.464692,-8.964692,45.997286,0.790483,1.035308,1.700000,-19.804836,-6.360929,false,false,false,0.000000,72.548625,100.000000
TakerBuyRatio,taker_buy_heavy,compressed_down,short,30m,DISCOVERY_REJECTED,7157,6698,1.032822,-3.967178,-6.467178,-8.967178,45.382143,0.857780,1.032822,-0.700000,-13.567919,-8.604012,false,false,false,100.000000,55.910678,100.000000
ETHContext60,eth_flat,trend_up,long,240m,DISCOVERY_REJECTED,44266,27627,1.031997,-3.968003,-6.468003,-8.968003,46.613654,0.927332,1.031997,-2.600000,-27.299501,-8.700796,false,false,false,0.000000,35.598008,56.449856
ETHContext60,eth_down,compressed_down,short,5m,DISCOVERY_REJECTED,14985,12760,1.030136,-3.969864,-6.469864,-8.969864,39.853187,0.657850,1.030136,0.000000,-8.675343,-5.190297,false,false,false,0.000000,75.157611,0.000000
SessionUTC,us,trend_up,short,120m,DISCOVERY_REJECTED,32725,16493,1.027307,-3.972693,-6.472693,-8.972693,49.313980,0.921579,1.027307,3.400000,-20.543878,-7.306271,false,false,false,0.000000,36.363189,100.000000
TakerBuyRatio,taker_buy_heavy,compressed_up,long,60m,DISCOVERY_REJECTED,8839,8142,1.025753,-3.974247,-6.474247,-8.974247,46.487159,0.887370,1.025753,-0.200000,-15.482795,-9.635667,false,false,false,100.000000,31.748588,0.000000
BBWidthPctRank60,bb_width_low,trend_up,short,60m,DISCOVERY_REJECTED,16486,13976,1.025259,-3.974741,-6.474741,-8.974741,47.664685,0.848871,1.025259,2.700000,-14.992816,-5.682333,false,false,false,0.000000,74.448190,100.000000
TakerBuyRatio,taker_balanced,range,long,240m,DISCOVERY_REJECTED,29607,25604,1.019437,-3.980563,-6.480563,-8.980563,49.008680,0.939218,1.019437,2.100000,-26.162577,-6.427672,false,false,false,100.000000,34.570956,72.448053
TakerBuyRatio,taker_buy_heavy_strong,range,long,120m,DISCOVERY_REJECTED,60588,45105,1.017111,-3.982889,-6.482889,-8.982889,48.120090,0.896541,1.017111,1.800000,-16.148326,-7.770221,false,false,false,0.000000,54.548468,53.268577
CloseRelativeEMA20,above_ema20,range,long,120m,DISCOVERY_REJECTED,50321,36553,1.016715,-3.983285,-6.483285,-8.983285,48.955704,0.913492,1.016715,2.700000,-17.610627,-7.482973,false,false,false,0.000000,44.182568,54.582633
TrendSlope20,slope_up,compressed_up,short,15m,DISCOVERY_REJECTED,4673,4171,1.016107,-3.983893,-6.483893,-8.983893,47.699551,0.786676,1.016107,3.200000,-11.255648,-6.138315,false,false,false,100.000000,0.000000,0.000000
BTCContext60,btc_up_strong,range,long,30m,DISCOVERY_REJECTED,10002,7967,1.004760,-3.995240,-6.495240,-8.995240,45.660868,0.868795,1.004760,-1.200000,-19.616441,-6.977277,false,false,false,0.000000,31.196609,78.854667
BBWidthPctRank60,bb_width_mid,trend_down,long,30m,DISCOVERY_REJECTED,54405,35906,1.003714,-3.996286,-6.496286,-8.996286,48.725301,0.838284,1.003714,3.700000,-13.437350,-4.613987,false,false,false,0.000000,75.213919,0.000000
BBWidthPctRank60,bb_width_low,trend_up,short,30m,DISCOVERY_REJECTED,16486,13976,0.994933,-4.005067,-6.505067,-9.005067,46.675967,0.794813,0.994933,2.100000,-10.331120,-4.945584,false,false,false,0.000000,51.726970,0.000000
ETHContext60,eth_down_strong,range,long,15m,DISCOVERY_REJECTED,16679,12476,0.991911,-4.008089,-6.508089,-9.008089,47.478866,0.831939,0.991911,2.300000,-14.212455,-4.710437,false,false,false,0.000000,29.166752,100.000000
TakerBuyRatio,taker_buy_heavy_strong,trend_up,short,5m,DISCOVERY_REJECTED,31671,23959,0.988632,-4.011368,-6.511368,-9.011368,40.860724,0.622524,0.988632,1.300000,-6.352220,-4.962133,false,false,false,0.000000,0.000000,0.000000
ETHContext60,eth_up_strong,compressed_up,long,30m,DISCOVERY_REJECTED,15140,11284,0.987932,-4.012068,-6.512068,-9.012068,44.451783,0.855201,0.987932,-1.800000,-14.385261,-5.688784,false,false,false,0.000000,35.576749,100.000000
RealizedVol60,realized_vol_60_low,compressed_down,short,60m,DISCOVERY_REJECTED,28359,21606,0.981031,-4.018969,-6.518969,-9.018969,44.733594,0.861559,0.981031,-2.100000,-16.780893,-5.683609,false,false,false,0.000000,33.795454,100.000000
SessionUTC,europe,trend_down,long,60m,DISCOVERY_REJECTED,30170,14730,0.975873,-4.024127,-6.524127,-9.024127,48.558170,0.863877,0.975873,3.200000,-20.575482,-5.676429,false,false,false,0.000000,36.438337,0.000000
Return15,return15_down,range,long,60m,DISCOVERY_REJECTED,68379,46101,0.975784,-4.024216,-6.524216,-9.024216,46.642975,0.860050,0.975784,0.800000,-12.407154,-5.066746,false,false,false,0.000000,49.680429,0.000000
VolumeRatio20,volume_ratio_high,trend_up,long,60m,DISCOVERY_REJECTED,36160,27339,0.975070,-4.024930,-6.524930,-9.024930,43.238385,0.874538,0.975070,-3.800000,-19.993893,-6.298611,false,false,false,0.000000,39.220187,100.000000
ETHContext60,eth_down_strong,trend_down,long,15m,DISCOVERY_REJECTED,28667,16397,0.973087,-4.026913,-6.526913,-9.026913,50.695922,0.851580,0.973087,5.800000,-13.786045,-4.813697,false,false,false,0.000000,43.838720,0.000000
TrendSlope20,slope_down_strong,trend_down,long,30m,DISCOVERY_REJECTED,65376,32832,0.968586,-4.031414,-6.531414,-9.031414,48.835964,0.839041,0.968586,3.800000,-11.979038,-4.941423,false,false,false,63.595974,77.379278,0.000000
Return15,return15_up,range,short,15m,DISCOVERY_REJECTED,64270,43953,0.968038,-4.031962,-6.531962,-9.031962,43.785592,0.740699,0.968038,0.600000,-7.027640,-4.419521,false,false,false,0.000000,0.000000,0.000000
TrendSlope20,slope_flat,trend_up,short,15m,DISCOVERY_REJECTED,33335,17630,0.967312,-4.032688,-6.532688,-9.032688,46.584671,0.751430,0.967312,2.500000,-7.031547,-13.000038,false,false,false,100.000000,0.000000,0.000000
SessionUTC,asia,trend_up,long,60m,DISCOVERY_REJECTED,36588,17818,0.965945,-4.034055,-6.534055,-9.034055,43.899639,0.860658,0.965945,-2.600000,-19.401325,-4.937147,false,false,false,0.000000,50.422719,0.000000
TrendSlope20,slope_down,compressed_down,long,15m,DISCOVERY_REJECTED,3761,3427,0.964330,-4.035670,-6.535670,-9.035670,46.184525,0.807628,0.964330,1.300000,-14.362779,-6.842428,false,false,false,100.000000,50.188103,80.657874
TakerBuyRatio,taker_buy_heavy_strong,trend_up,long,120m,DISCOVERY_REJECTED,31671,23959,0.962431,-4.037569,-6.537569,-9.037569,45.186448,0.898374,0.962431,-3.200000,-19.988191,-5.784265,false,false,false,0.000000,36.507251,100.000000
CloseRelativeEMA20,below_ema20,range,long,15m,DISCOVERY_REJECTED,51248,36653,0.962011,-4.037989,-6.537989,-9.037989,45.199813,0.768514,0.962011,1.200000,-6.295052,-5.039449,false,false,false,0.000000,0.000000,0.000000
CloseRelativeEMA20,above_ema20_strong,trend_up,short,5m,DISCOVERY_REJECTED,12304,9129,0.958515,-4.041485,-6.541485,-9.041485,48.041287,0.807236,0.958515,3.000000,-9.099175,-6.215541,false,false,false,0.000000,45.946161,0.000000
CloseRelativeEMA20,above_ema20,range,short,30m,DISCOVERY_REJECTED,50321,36553,0.954384,-4.045616,-6.545616,-9.045616,45.730411,0.829813,0.954384,0.400000,-9.537352,-5.058422,false,false,false,0.000000,100.000000,0.000000
Return15,return15_flat,compressed_down,short,30m,DISCOVERY_REJECTED,15786,13763,0.952464,-4.047536,-6.547536,-9.047536,43.354871,0.813621,0.952464,-1.450000,-10.683585,-5.304092,false,false,false,0.000000,49.973258,100.000000
SessionUTC,us,trend_up,short,60m,DISCOVERY_REJECTED,32725,16493,0.951701,-4.048299,-6.548299,-9.048299,49.090909,0.889055,0.951701,3.700000,-18.531133,-6.386242,false,false,false,0.000000,37.143150,0.000000
BBWidthPctRank60,bb_width_high,trend_down,short,5m,DISCOVERY_REJECTED,48250,34344,0.951674,-4.048326,-6.548326,-9.048326,38.429016,0.718007,0.951674,-1.300000,-8.518070,-4.692123,false,false,false,0.000000,78.648134,0.000000
ETHContext60,eth_down_strong,compressed_down,long,15m,DISCOVERY_REJECTED,11580,9296,0.950474,-4.049526,-6.549526,-9.049526,47.651123,0.836666,0.950474,2.100000,-11.917932,-5.341202,false,false,false,0.000000,56.681510,100.000000
ETHContext60,eth_down,trend_down,long,30m,DISCOVERY_REJECTED,36425,24133,0.950289,-4.049711,-6.549711,-9.049711,48.214139,0.820863,0.950289,3.300000,-12.811500,-4.593579,false,false,false,0.000000,63.501343,0.000000
CloseRelativeEMA20,near_ema20,compressed_down,short,30m,DISCOVERY_REJECTED,22983,18922,0.948602,-4.051398,-6.551398,-9.051398,43.745377,0.820356,0.948602,-1.100000,-16.349715,-4.813375,false,false,false,0.000000,69.565857,100.000000
CloseRelativeEMA20,below_ema20,range,long,120m,DISCOVERY_REJECTED,51248,36653,0.945231,-4.054769,-6.554769,-9.054769,48.337496,0.912274,0.945231,1.500000,-16.566339,-7.598490,false,false,false,100.000000,44.175270,71.885943
Return15,return15_down_strong,range,long,60m,DISCOVERY_REJECTED,16644,13830,0.942765,-4.057235,-6.557235,-9.057235,48.996635,0.910229,0.942765,2.700000,-16.059336,-6.849697,false,false,false,0.000000,38.467379,83.798244
ETHContext60,eth_up_strong,trend_up,long,120m,DISCOVERY_REJECTED,25344,15253,0.942292,-4.057708,-6.557708,-9.057708,45.711016,0.920808,0.942292,-4.800000,-38.718220,-6.523570,false,false,false,0.000000,38.676121,68.791103
VolumeRatio20,volume_ratio_normal,trend_down,short,5m,DISCOVERY_REJECTED,43789,30955,0.941071,-4.058929,-6.558929,-9.058929,38.635274,0.694705,0.941071,-0.800000,-7.863271,-4.903075,false,false,false,0.000000,100.000000,0.000000
BTCContext60,btc_down,trend_up,short,60m,DISCOVERY_REJECTED,10313,8385,0.936470,-4.063530,-6.563530,-9.063530,47.968583,0.882235,0.936470,2.200000,-17.582482,-9.984233,false,false,false,0.000000,41.721541,0.000000
Return15,return15_up,range,short,60m,DISCOVERY_REJECTED,64270,43953,0.931694,-4.068306,-6.568306,-9.068306,45.783414,0.860765,0.931694,-0.300000,-10.742294,-5.880970,false,false,false,0.000000,0.000000,0.000000
ATRPct14,atr_pct_14_mid,compressed_down,short,5m,DISCOVERY_REJECTED,14955,11158,0.929025,-4.070975,-6.570975,-9.070975,44.526914,0.769946,0.929025,0.000000,-10.418567,-5.206841,false,false,false,0.000000,54.424847,0.000000
Return15,return15_up,trend_down,long,30m,DISCOVERY_REJECTED,2136,2111,0.927250,-4.072750,-6.572750,-9.072750,49.250936,0.858415,0.927250,3.950000,-25.599195,-10.388925,false,false,false,0.000000,26.724188,96.858059
BBWidthPctRank60,bb_width_high,trend_down,long,30m,DISCOVERY_REJECTED,48250,34344,0.926925,-4.073075,-6.573075,-9.073075,49.745078,0.848684,0.926925,4.700000,-14.617728,-4.799534,false,false,false,0.000000,50.510798,100.000000
TakerBuyRatio,taker_buy_heavy_strong,range,short,5m,DISCOVERY_REJECTED,60588,45105,0.925636,-4.074364,-6.574364,-9.074364,38.761801,0.598447,0.925636,0.400000,-5.592414,-4.606578,false,false,false,0.000000,0.000000,0.000000
SessionUTC,us,trend_up,short,30m,DISCOVERY_REJECTED,32725,16493,0.924932,-4.075068,-6.575068,-9.075068,47.786096,0.845504,0.924932,2.600000,-13.162736,-6.225784,false,false,false,0.000000,100.000000,0.000000
BTCContext60,btc_up,compressed_up,long,60m,DISCOVERY_REJECTED,35294,26890,0.917093,-4.082907,-6.582907,-9.082907,46.322321,0.866509,0.917093,0.000000,-16.829446,-5.061905,false,false,false,0.000000,45.705730,0.000000
VolumeRatio20,volume_ratio_normal,compressed_up,long,30m,DISCOVERY_REJECTED,19087,16220,0.911673,-4.088327,-6.588327,-9.088327,44.496254,0.834120,0.911673,-0.800000,-11.410809,-5.245282,false,false,false,0.000000,30.448289,0.000000
TrendSlope20,slope_down,trend_down,long,30m,DISCOVERY_REJECTED,19465,12644,0.911573,-4.088427,-6.588427,-9.088427,49.360390,0.856476,0.911573,4.100000,-14.457132,-6.962818,false,false,false,0.000000,76.986827,0.000000
TakerBuyRatio,taker_balanced,trend_up,long,60m,DISCOVERY_REJECTED,15926,13764,0.909761,-4.090239,-6.590239,-9.090239,43.306543,0.882020,0.909761,-4.300000,-10.651838,-9.502759,false,false,false,100.000000,73.343911,0.000000
TakerBuyRatio,taker_buy_heavy,trend_down,long,60m,DISCOVERY_REJECTED,21255,17602,0.908488,-4.091512,-6.591512,-9.091512,50.087038,0.887853,0.908488,5.200000,-22.718113,-6.253176,false,false,false,100.000000,52.027819,100.000000
BTCContext60,btc_down_strong,range,long,30m,DISCOVERY_REJECTED,9567,7600,0.905062,-4.094938,-6.594938,-9.094938,49.723006,0.886335,0.905062,4.800000,-22.536186,-6.138608,false,false,false,0.000000,51.632075,69.357448
TakerBuyRatio,taker_buy_heavy,compressed_down,short,5m,DISCOVERY_REJECTED,7157,6698,0.903590,-4.096410,-6.596410,-9.096410,41.274277,0.704459,0.903590,0.000000,-7.479839,-6.267945,false,false,false,0.000000,100.000000,0.000000
SessionUTC,us,trend_down,short,120m,DISCOVERY_REJECTED,35007,17366,0.897352,-4.102648,-6.602648,-9.102648,44.919588,0.922299,0.897352,-6.100000,-43.289096,-14.115810,false,false,false,100.000000,29.176759,62.548040
TrendSlope20,slope_up,compressed_up,short,30m,DISCOVERY_REJECTED,4673,4171,0.897209,-4.102791,-6.602791,-9.102791,49.176118,0.842013,0.897209,4.100000,-15.278951,-7.739274,false,false,false,100.000000,36.108771,100.000000
TrendSlope20,slope_up,compressed_up,long,60m,DISCOVERY_REJECTED,4673,4171,0.896169,-4.103831,-6.603831,-9.103831,45.559598,0.885718,0.896169,-2.500000,-15.855971,-6.888837,false,false,false,65.135437,34.495365,62.001272
BTCContext60,btc_down_strong,range,long,15m,DISCOVERY_REJECTED,9567,7600,0.893329,-4.106671,-6.606671,-9.106671,48.040138,0.844302,0.893329,2.700000,-14.474568,-6.240779,false,false,false,0.000000,39.411012,100.000000
ATRPct14,atr_pct_14_mid,trend_up,short,15m,DISCOVERY_REJECTED,39048,22034,0.889613,-4.110387,-6.610387,-9.110387,50.043536,0.833825,0.889613,5.000000,-9.876414,-5.346655,false,false,false,0.000000,100.000000,0.000000
Return15,return15_up_strong,trend_up,long,30m,DISCOVERY_REJECTED,27060,19225,0.883701,-4.116299,-6.616299,-9.116299,43.473762,0.881855,0.883701,-5.800000,-12.448459,-6.766936,false,false,false,0.000000,56.054890,0.000000
Return15,return15_down,trend_down,long,30m,DISCOVERY_REJECTED,64104,39511,0.883343,-4.116657,-6.616657,-9.116657,48.427555,0.807026,0.883343,3.400000,-13.002665,-4.999699,false,false,false,0.000000,0.000000,0.000000
SessionUTC,us,compressed_up,long,60m,DISCOVERY_REJECTED,15929,10923,0.883020,-4.116980,-6.616980,-9.116980,46.493816,0.891376,0.883020,-0.800000,-20.099112,-8.288946,false,false,false,100.000000,45.029540,0.000000
TrendSlope20,slope_flat,range,long,240m,DISCOVERY_REJECTED,74161,36150,0.882661,-4.117339,-6.617339,-9.117339,48.218066,0.930604,0.882661,0.000000,-24.013202,-11.017353,false,false,false,99.952524,47.970977,69.509426
ETHContext60,eth_down_strong,compressed_down,short,30m,DISCOVERY_REJECTED,11580,9296,0.881276,-4.118724,-6.618724,-9.118724,45.906736,0.876028,0.881276,-0.700000,-26.990895,-4.978802,false,false,false,0.000000,27.171147,55.393329
ATRPct14,atr_pct_14_mid,trend_up,short,30m,DISCOVERY_REJECTED,39048,22034,0.874300,-4.125700,-6.625700,-9.125700,50.804138,0.875976,0.874300,6.300000,-15.648263,-5.828556,false,false,false,0.000000,79.728783,0.000000
TrendSlope20,slope_flat,trend_up,short,30m,DISCOVERY_REJECTED,33335,17630,0.873542,-4.126458,-6.626458,-9.126458,48.306585,0.810746,0.873542,3.500000,-10.022046,-14.295707,false,false,false,100.000000,87.534689,0.000000
CloseRelativeEMA20,below_ema20,trend_up,short,60m,DISCOVERY_REJECTED,1748,1700,0.873364,-4.126636,-6.626636,-9.126636,49.599542,0.904190,0.873364,4.450000,-30.079907,-21.544299,false,false,false,41.313101,33.627329,60.851358
TakerBuyRatio,taker_balanced,compressed_down,short,15m,DISCOVERY_REJECTED,5250,4978,0.871394,-4.128606,-6.628606,-9.128606,44.723810,0.814217,0.871394,-0.200000,-16.932510,-7.094865,false,false,false,0.000000,58.759767,100.000000
ETHContext60,eth_flat,compressed_down,short,240m,DISCOVERY_REJECTED,9366,7741,0.870715,-4.129285,-6.629285,-9.129285,47.480248,0.931829,0.870715,-1.050000,-46.057375,-10.991976,false,false,false,100.000000,25.353990,59.975280
CloseRelativeEMA20,below_ema20,compressed_down,short,60m,DISCOVERY_REJECTED,8958,8058,0.869614,-4.130386,-6.630386,-9.130386,45.891940,0.899735,0.869614,-3.500000,-27.857685,-7.890949,false,false,false,0.000000,48.575331,79.226548
TakerBuyRatio,taker_buy_heavy,trend_down,short,5m,DISCOVERY_REJECTED,21255,17602,0.868606,-4.131394,-6.631394,-9.131394,39.209598,0.701121,0.868606,-0.700000,-7.355078,-4.822342,false,false,false,0.000000,100.000000,0.000000
RealizedVol60,realized_vol_60_mid,trend_up,short,15m,DISCOVERY_REJECTED,15023,8195,0.861271,-4.138729,-6.638729,-9.138729,50.715569,0.872767,0.861271,6.100000,-17.838302,-7.907359,false,false,false,0.000000,52.538694,0.000000
BTCContext60,btc_up_strong,trend_up,short,5m,DISCOVERY_REJECTED,17436,10827,0.856784,-4.143216,-6.643216,-9.143216,45.572379,0.727789,0.856784,2.000000,-10.081470,-4.860061,false,false,false,0.000000,100.000000,0.000000
VolumeRatio20,volume_ratio_normal,trend_down,long,30m,DISCOVERY_REJECTED,43789,30955,0.848046,-4.151954,-6.651954,-9.151954,48.697161,0.838115,0.848046,3.600000,-10.505246,-6.169150,false,false,false,0.000000,86.284203,0.000000
CloseRelativeEMA20,below_ema20,range,long,30m,DISCOVERY_REJECTED,51248,36653,0.843953,-4.156047,-6.656047,-9.156047,46.351077,0.822210,0.843953,1.200000,-9.071279,-5.655660,false,false,false,0.000000,96.448271,0.000000
CompositeRegime,trend_down,trend_down,long,30m,DISCOVERY_REJECTED,117282,55506,0.843126,-4.156874,-6.656874,-9.156874,48.779011,0.834191,0.843126,3.700000,-10.437654,-4.616053,false,false,false,0.000000,100.000000,0.000000
BTCContext60,btc_down,compressed_down,short,240m,DISCOVERY_REJECTED,28763,23014,0.839256,-4.160744,-6.660744,-9.160744,48.051316,0.936012,0.839256,-0.500000,-49.257100,-7.478008,false,false,false,100.000000,24.189496,83.830313
Return15,return15_up_strong,trend_up,short,5m,DISCOVERY_REJECTED,27060,19225,0.839125,-4.160875,-6.660875,-9.160875,47.198817,0.760062,0.839125,2.700000,-6.885261,-5.644133,false,false,false,0.000000,55.195633,0.000000
TrendSlope20,slope_flat,range,long,120m,DISCOVERY_REJECTED,74161,36150,0.839013,-4.160987,-6.660987,-9.160987,47.769043,0.899700,0.839013,0.900000,-17.645453,-7.510444,false,false,false,75.640281,60.465852,100.000000
SessionUTC,europe,trend_up,short,30m,DISCOVERY_REJECTED,30756,15080,0.835207,-4.164793,-6.664793,-9.164793,48.423072,0.804895,0.835207,3.500000,-12.048367,-5.066621,false,false,false,0.000000,55.786034,0.000000
VolumeRatio20,volume_ratio_normal,compressed_up,long,120m,DISCOVERY_REJECTED,19087,16220,0.834081,-4.165919,-6.665919,-9.165919,47.519254,0.911917,0.834081,0.000000,-18.171909,-6.106789,false,false,false,0.000000,25.812022,66.913734
VolumeRatio20,volume_ratio_normal,trend_down,long,60m,DISCOVERY_REJECTED,43789,30955,0.833542,-4.166458,-6.666458,-9.166458,49.704264,0.880187,0.833542,4.600000,-14.382344,-7.432548,false,false,false,0.000000,66.478558,100.000000
SessionUTC,europe,compressed_up,short,60m,DISCOVERY_REJECTED,10335,7460,0.832812,-4.167188,-6.667188,-9.167188,48.563135,0.860253,0.832812,3.300000,-21.138414,-9.862059,false,false,false,0.000000,40.480353,77.265905
RealizedVol60,realized_vol_60_mid,trend_down,long,15m,DISCOVERY_REJECTED,18013,9618,0.828559,-4.171441,-6.671441,-9.171441,50.918781,0.880688,0.828559,6.600000,-16.968682,-6.160313,false,false,false,0.000000,38.282744,0.000000
TrendSlope20,slope_up_strong,range,short,60m,DISCOVERY_REJECTED,60984,35788,0.823952,-4.176048,-6.676048,-9.176048,45.328283,0.862191,0.823952,-0.900000,-10.997997,-58.706609,false,false,false,0.000000,54.848685,100.000000
ETHContext60,eth_down,compressed_down,short,60m,DISCOVERY_REJECTED,14985,12760,0.817210,-4.182790,-6.682790,-9.182790,45.645646,0.870666,0.817210,-1.000000,-26.946790,-7.498593,false,false,false,0.000000,27.321327,100.000000
TrendSlope20,slope_up_strong,compressed_down,short,60m,DISCOVERY_REJECTED,7930,6987,0.810976,-4.189024,-6.689024,-9.189024,45.687264,0.875542,0.810976,-2.100000,-19.516932,-105.483279,false,false,false,0.000000,27.510786,76.674414
SessionUTC,us,trend_down,short,5m,DISCOVERY_REJECTED,35007,17366,0.809404,-4.190596,-6.690596,-9.190596,39.649213,0.714767,0.809404,-1.200000,-9.952918,-4.698505,false,false,false,0.000000,68.018877,0.000000
CloseRelativeEMA20,above_ema20,trend_up,long,120m,DISCOVERY_REJECTED,54940,35721,0.807362,-4.192638,-6.692638,-9.192638,45.498726,0.904963,0.807362,-4.100000,-19.215659,-6.557253,false,false,false,0.000000,35.563170,83.438351
Return15,return15_up,range,short,5m,DISCOVERY_REJECTED,64270,43953,0.806735,-4.193265,-6.693265,-9.193265,40.398320,0.606456,0.806735,0.800000,-7.834078,-4.573606,false,false,false,0.000000,0.000000,0.000000
CompositeRegime,trend_down,trend_down,long,60m,DISCOVERY_REJECTED,117282,55506,0.804458,-4.195542,-6.695542,-9.195542,49.687932,0.875885,0.804458,4.600000,-14.229966,-5.331845,false,false,false,0.000000,55.153233,100.000000
CloseRelativeEMA20,near_ema20,trend_down,long,120m,DISCOVERY_REJECTED,47739,31374,0.804245,-4.195755,-6.695755,-9.195755,49.022812,0.882738,0.804245,3.600000,-18.657565,-5.615166,false,false,false,0.000000,25.429055,91.222016
TrendSlope20,slope_up_strong,trend_up,long,120m,DISCOVERY_REJECTED,68487,34304,0.798910,-4.201090,-6.701090,-9.201090,45.770730,0.900212,0.798910,-2.300000,-16.189174,-5.799130,false,false,false,61.498880,53.591002,0.000000
TakerBuyRatio,taker_buy_heavy,compressed_up,short,5m,DISCOVERY_REJECTED,8839,8142,0.798772,-4.201228,-6.701228,-9.201228,41.656296,0.670877,0.798772,0.300000,-7.008197,-5.366373,false,false,false,0.000000,0.000000,0.000000
BTCContext60,btc_flat,trend_up,long,60m,DISCOVERY_REJECTED,48622,30859,0.797273,-4.202727,-6.702727,-9.202727,43.877257,0.850455,0.797273,-2.200000,-13.032982,-5.541342,false,false,false,0.000000,75.811387,0.000000
TrendSlope20,slope_up_strong,range,short,15m,DISCOVERY_REJECTED,60984,35788,0.796890,-4.203110,-6.703110,-9.203110,43.468779,0.740773,0.796890,0.700000,-7.016987,-16.173162,false,false,false,0.000000,0.000000,0.000000
TakerBuyRatio,taker_buy_heavy,compressed_up,short,120m,DISCOVERY_REJECTED,8839,8142,0.794230,-4.205770,-6.705770,-9.205770,47.561941,0.914538,0.794230,0.000000,-24.151065,-17.669322,false,false,false,93.534981,27.512035,100.000000
SessionUTC,asia,range,long,30m,DISCOVERY_REJECTED,70306,31991,0.789594,-4.210406,-6.710406,-9.210406,45.095724,0.798727,0.789594,0.500000,-7.281828,-5.507070,false,false,false,0.000000,100.000000,0.000000
CloseRelativeEMA20,below_ema20,compressed_down,long,15m,DISCOVERY_REJECTED,8958,8058,0.788734,-4.211266,-6.711266,-9.211266,47.867828,0.818643,0.788734,2.650000,-12.521260,-6.914014,false,false,false,0.000000,57.915469,0.000000
TrendSlope20,slope_up_strong,compressed_down,short,5m,DISCOVERY_REJECTED,7930,6987,0.786014,-4.213986,-6.713986,-9.213986,39.646910,0.666036,0.786014,-0.250000,-9.316516,-5.303005,false,false,false,100.000000,100.000000,0.000000
ETHContext60,eth_down,compressed_up,short,5m,DISCOVERY_REJECTED,1354,1292,0.784832,-4.215168,-6.715168,-9.215168,40.546529,0.692415,0.784832,-0.100000,-19.197624,-5.767864,false,false,false,0.000000,38.525428,100.000000
ETHContext60,eth_down,range,long,120m,DISCOVERY_REJECTED,50385,34896,0.783348,-4.216652,-6.716652,-9.216652,48.593828,0.903928,0.783348,2.300000,-25.523151,-7.115771,false,false,false,0.000000,52.779837,81.225337
VolumeRatio20,volume_ratio_low,trend_up,short,30m,DISCOVERY_REJECTED,38909,29272,0.781227,-4.218773,-6.718773,-9.218773,47.338662,0.803591,0.781227,2.600000,-7.958780,-5.669509,false,false,false,0.000000,0.000000,0.000000
SessionUTC,us,compressed_up,short,120m,DISCOVERY_REJECTED,15929,10923,0.781211,-4.218789,-6.718789,-9.218789,47.937724,0.917849,0.781211,0.700000,-21.868666,-12.642939,false,false,false,100.000000,27.654165,100.000000
ATRPct14,atr_pct_14_low,trend_down,short,120m,DISCOVERY_REJECTED,71298,37426,0.779823,-4.220177,-6.720177,-9.220177,44.625375,0.877073,0.779823,-3.600000,-15.562397,-6.025055,false,false,false,0.000000,64.685095,0.000000
BTCContext60,btc_up_strong,range,long,15m,DISCOVERY_REJECTED,10002,7967,0.777318,-4.222682,-6.722682,-9.222682,44.091182,0.816486,0.777318,-1.000000,-14.640475,-6.251452,false,false,false,0.000000,23.875880,100.000000
VolumeRatio20,volume_ratio_normal,trend_up,long,120m,DISCOVERY_REJECTED,45584,32228,0.772456,-4.227544,-6.727544,-9.227544,45.616883,0.904689,0.772456,-3.300000,-19.579274,-5.745523,false,false,false,0.000000,59.931176,100.000000
BTCContext60,btc_down,trend_down,long,15m,DISCOVERY_REJECTED,43741,28130,0.768447,-4.231553,-6.731553,-9.231553,47.554926,0.760031,0.768447,3.100000,-9.837729,-4.984633,false,false,false,0.000000,100.000000,0.000000
BTCContext60,btc_down,range,short,30m,DISCOVERY_REJECTED,48253,34843,0.765774,-4.234226,-6.734226,-9.234226,44.531946,0.815997,0.765774,-0.500000,-11.967819,-5.197745,false,false,false,0.000000,75.973369,0.000000
SessionUTC,europe,compressed_up,short,15m,DISCOVERY_REJECTED,10335,7460,0.765385,-4.234615,-6.734615,-9.234615,45.418481,0.731213,0.765385,2.000000,-10.628107,-5.933952,false,false,false,0.000000,49.094846,0.000000
SessionUTC,europe,trend_up,short,15m,DISCOVERY_REJECTED,30756,15080,0.765371,-4.234629,-6.734629,-9.234629,46.251138,0.737613,0.765371,2.600000,-10.087866,-4.799786,false,false,false,0.000000,0.000000,0.000000
ETHContext60,eth_up_strong,trend_up,short,15m,DISCOVERY_REJECTED,25344,15253,0.764707,-4.235293,-6.735293,-9.235293,49.049085,0.800560,0.764707,4.000000,-9.857097,-4.956693,false,false,false,0.000000,100.000000,0.000000
ETHContext60,eth_down,compressed_down,short,30m,DISCOVERY_REJECTED,14985,12760,0.763660,-4.236340,-6.736340,-9.236340,43.723724,0.821463,0.763660,-1.500000,-15.680065,-6.129078,false,false,false,0.000000,62.794228,0.000000
VolumeRatio20,volume_ratio_high,trend_down,short,5m,DISCOVERY_REJECTED,33415,25511,0.761706,-4.238294,-6.738294,-9.238294,38.096663,0.699054,0.761706,-1.200000,-11.498079,-5.048611,false,false,false,0.000000,93.195973,0.000000
ATRPct14,atr_pct_14_low,compressed_up,long,60m,DISCOVERY_REJECTED,31595,23082,0.761253,-4.238747,-6.738747,-9.238747,45.412249,0.832969,0.761253,-0.300000,-15.112736,-6.366806,false,false,false,0.000000,51.131723,100.000000
TrendSlope20,slope_up_strong,range,short,5m,DISCOVERY_REJECTED,60984,35788,0.757636,-4.242364,-6.742364,-9.242364,39.646465,0.616263,0.757636,0.600000,-6.509405,-6.243094,false,false,false,100.000000,0.000000,0.000000
CloseRelativeEMA20,above_ema20_strong,range,long,15m,DISCOVERY_REJECTED,7404,6323,0.756644,-4.243356,-6.743356,-9.243356,44.408428,0.861951,0.756644,-3.500000,-21.569593,-11.354703,false,false,false,50.496159,56.590689,93.773869
TrendSlope20,slope_up,range,short,30m,DISCOVERY_REJECTED,19458,14427,0.755862,-4.244138,-6.744138,-9.244138,45.585363,0.826836,0.755862,0.400000,-10.331945,-10.106771,false,false,false,0.000000,0.000000,0.000000
RealizedVol60,realized_vol_60_low,trend_down,short,120m,DISCOVERY_REJECTED,99011,47972,0.754780,-4.245220,-6.745220,-9.245220,44.799063,0.893577,0.754780,-4.500000,-20.255804,-6.246398,false,false,false,0.000000,45.037444,59.690345
VolumeRatio20,volume_ratio_low,compressed_down,short,5m,DISCOVERY_REJECTED,15215,13295,0.748722,-4.251278,-6.751278,-9.251278,40.880710,0.675646,0.748722,0.000000,-10.188078,-5.261292,false,false,false,0.000000,0.000000,0.000000
CloseRelativeEMA20,near_ema20,trend_down,long,30m,DISCOVERY_REJECTED,47739,31374,0.748085,-4.251915,-6.751915,-9.251915,46.888288,0.775554,0.748085,2.400000,-10.057355,-5.255157,false,false,false,0.000000,0.000000,0.000000
TakerBuyRatio,taker_buy_heavy,trend_up,short,5m,DISCOVERY_REJECTED,22883,18806,0.746672,-4.253328,-6.753328,-9.253328,42.887733,0.665612,0.746672,1.500000,-6.953045,-5.296639,false,false,false,0.000000,0.000000,0.000000
TakerBuyRatio,taker_buy_heavy,trend_up,long,120m,DISCOVERY_REJECTED,22883,18806,0.746018,-4.253982,-6.753982,-9.253982,45.675829,0.909513,0.746018,-3.700000,-26.029991,-10.061302,false,false,false,0.000000,27.278002,0.000000
TakerBuyRatio,taker_buy_heavy,trend_down,long,15m,DISCOVERY_REJECTED,21255,17602,0.739253,-4.260747,-6.760747,-9.260747,47.348859,0.790552,0.739253,2.800000,-10.028445,-6.342369,false,false,false,0.000000,100.000000,0.000000
VolumeRatio20,volume_ratio_high,compressed_down,long,120m,DISCOVERY_REJECTED,7944,7486,0.734559,-4.265441,-6.765441,-9.265441,49.509063,0.907485,0.734559,3.900000,-34.705718,-9.517214,false,false,false,100.000000,20.509319,74.093107
CloseRelativeEMA20,below_ema20,compressed_up,long,5m,DISCOVERY_REJECTED,5531,5079,0.734359,-4.265641,-6.765641,-9.265641,42.325077,0.698655,0.734359,0.000000,-8.432170,-6.228355,false,false,false,0.000000,86.234074,0.000000
BBWidthPctRank60,bb_width_low,compressed_down,short,30m,DISCOVERY_REJECTED,37900,27941,0.733975,-4.266025,-6.766025,-9.266025,44.332454,0.840104,0.733975,-1.500000,-14.982203,-4.775666,false,false,false,0.000000,61.354050,0.000000
CompositeRegime,compressed_down,compressed_down,short,30m,DISCOVERY_REJECTED,37900,27941,0.733975,-4.266025,-6.766025,-9.266025,44.332454,0.840104,0.733975,-1.500000,-14.982203,-4.775666,false,false,false,0.000000,61.354050,0.000000
TrendSlope20,slope_flat,trend_down,short,5m,DISCOVERY_REJECTED,32441,17055,0.733074,-4.266926,-6.766926,-9.266926,37.810178,0.646932,0.733074,-0.500000,-5.794099,-8.584529,false,false,false,0.000000,0.000000,0.000000
TakerBuyRatio,taker_balanced,range,short,60m,DISCOVERY_REJECTED,29607,25604,0.732810,-4.267190,-6.767190,-9.267190,46.296484,0.872619,0.732810,0.000000,-10.788362,-6.257374,false,false,false,0.000000,68.278045,100.000000
TakerBuyRatio,taker_balanced,compressed_up,long,5m,DISCOVERY_REJECTED,6687,6271,0.732326,-4.267674,-6.767674,-9.267674,40.197398,0.671721,0.732326,0.000000,-10.046624,-5.884650,false,false,false,0.000000,100.000000,0.000000
SessionUTC,late_us,trend_up,long,30m,DISCOVERY_REJECTED,20591,10345,0.730259,-4.269741,-6.769741,-9.269741,41.032490,0.805956,0.730259,-3.100000,-10.225105,-6.525538,false,false,false,0.000000,82.233636,100.000000
Return15,return15_down_strong,compressed_down,long,5m,DISCOVERY_REJECTED,1168,1104,0.722904,-4.277096,-6.777096,-9.277096,47.688356,0.831848,0.722904,1.950000,-31.535294,-15.797947,false,false,false,100.000000,23.717122,57.089474
SessionUTC,us,trend_up,short,15m,DISCOVERY_REJECTED,32725,16493,0.722818,-4.277182,-6.777182,-9.277182,46.704354,0.782129,0.722818,2.300000,-8.157838,-5.572081,false,false,false,0.000000,0.000000,0.000000
TakerBuyRatio,taker_sell_heavy,compressed_down,long,5m,DISCOVERY_REJECTED,7551,7017,0.722669,-4.277331,-6.777331,-9.277331,43.530658,0.698149,0.722669,1.200000,-8.438053,-5.705232,false,false,false,0.000000,54.556644,0.000000
ETHContext60,eth_down,trend_up,short,15m,DISCOVERY_REJECTED,11162,8904,0.716555,-4.283445,-6.783445,-9.283445,45.430926,0.764977,0.716555,1.700000,-11.229961,-5.933893,false,false,false,0.000000,43.050196,0.000000
TakerBuyRatio,taker_buy_heavy,range,short,5m,DISCOVERY_REJECTED,41156,33832,0.713349,-4.286651,-6.786651,-9.286651,40.035475,0.641272,0.713349,0.200000,-5.940827,-4.960363,false,false,false,0.000000,0.000000,0.000000
ETHContext60,eth_down,compressed_up,long,15m,DISCOVERY_REJECTED,1354,1292,0.710250,-4.289750,-6.789750,-9.289750,44.830133,0.789777,0.710250,1.000000,-17.885091,-6.962217,false,false,false,0.000000,27.496198,57.643131
RealizedVol60,realized_vol_60_mid,trend_up,short,5m,DISCOVERY_REJECTED,15023,8195,0.710001,-4.289999,-6.789999,-9.289999,47.380683,0.800485,0.710001,2.300000,-12.679922,-6.675745,false,false,false,0.000000,56.211800,0.000000
ETHContext60,eth_down,trend_down,short,5m,DISCOVERY_REJECTED,36425,24133,0.708322,-4.291678,-6.791678,-9.291678,37.932739,0.635406,0.708322,-0.800000,-6.759605,-4.919803,false,false,false,0.000000,100.000000,0.000000
TakerBuyRatio,taker_buy_heavy_strong,compressed_down,short,5m,DISCOVERY_REJECTED,8318,7729,0.708069,-4.291931,-6.791931,-9.291931,39.324357,0.635311,0.708069,-0.100000,-9.815493,-4.851114,false,false,false,0.000000,100.000000,0.000000
Return15,return15_up,trend_up,short,120m,DISCOVERY_REJECTED,66825,41220,0.700687,-4.299313,-6.799313,-9.299313,49.164235,0.889224,0.700687,3.500000,-15.703786,-6.894959,false,false,false,0.000000,39.493438,100.000000
TrendSlope20,slope_up,range,long,240m,DISCOVERY_REJECTED,19458,14427,0.700684,-4.299316,-6.799316,-9.299316,49.234248,0.935298,0.700684,2.800000,-38.287696,-15.560000,false,false,false,100.000000,67.835166,68.134876
CloseRelativeEMA20,below_ema20,trend_up,long,5m,DISCOVERY_REJECTED,1748,1700,0.700171,-4.299829,-6.799829,-9.299829,44.794050,0.738477,0.700171,0.750000,-14.757379,-8.408184,false,false,false,100.000000,35.145281,0.000000
TakerBuyRatio,taker_buy_heavy_strong,range,long,60m,DISCOVERY_REJECTED,60588,45105,0.699098,-4.300902,-6.800902,-9.300902,46.426685,0.844188,0.699098,0.900000,-9.160036,-5.744914,false,false,false,0.000000,78.758447,0.000000
Return15,return15_up_strong,range,long,30m,DISCOVERY_REJECTED,19019,15548,0.698522,-4.301478,-6.801478,-9.301478,46.348388,0.870761,0.698522,-0.400000,-16.446830,-5.910705,false,false,false,0.000000,38.459119,0.000000
TrendSlope20,slope_down_strong,range,long,15m,DISCOVERY_REJECTED,63457,36606,0.693611,-4.306389,-6.806389,-9.306389,43.210363,0.725243,0.693611,0.600000,-7.049726,-5.134007,false,false,false,93.397357,0.000000,0.000000
Return15,return15_flat,compressed_up,long,30m,DISCOVERY_REJECTED,20805,17343,0.692464,-4.307536,-6.807536,-9.307536,43.532805,0.785729,0.692464,-0.400000,-10.095446,-5.543168,false,false,false,0.000000,51.956266,0.000000
BTCContext60,btc_down,range,short,60m,DISCOVERY_REJECTED,48253,34843,0.690954,-4.309046,-6.809046,-9.309046,45.083207,0.864784,0.690954,-1.800000,-15.811143,-5.573747,false,false,false,0.000000,84.297609,100.000000
Return15,return15_flat,trend_down,short,5m,DISCOVERY_REJECTED,21667,16887,0.688972,-4.311028,-6.811028,-9.311028,35.140998,0.545847,0.688972,0.000000,-5.589005,-4.862929,false,false,false,0.000000,0.000000,0.000000
Return15,return15_down,trend_down,short,240m,DISCOVERY_REJECTED,64104,39511,0.687095,-4.312905,-6.812905,-9.312905,46.502558,0.925867,0.687095,-4.600000,-33.453139,-8.967407,false,false,false,100.000000,40.144155,57.162771
SessionUTC,europe,trend_down,long,30m,DISCOVERY_REJECTED,30170,14730,0.682490,-4.317510,-6.817510,-9.317510,47.577063,0.804250,0.682490,2.600000,-11.713368,-4.982589,false,false,false,0.000000,62.484725,0.000000
BTCContext60,btc_up,compressed_up,long,30m,DISCOVERY_REJECTED,35294,26890,0.678136,-4.321864,-6.821864,-9.321864,44.072647,0.806729,0.678136,-0.500000,-9.903575,-5.158170,false,false,false,0.000000,59.761632,0.000000
CloseRelativeEMA20,below_ema20,trend_down,long,15m,DISCOVERY_REJECTED,54135,34965,0.676094,-4.323906,-6.823906,-9.323906,48.016995,0.769999,0.676094,3.200000,-9.197549,-5.666784,false,false,false,0.000000,100.000000,0.000000
TrendSlope20,slope_down_strong,trend_down,short,5m,DISCOVERY_REJECTED,65376,32832,0.674705,-4.325295,-6.825295,-9.325295,38.079723,0.673299,0.674705,-0.900000,-7.288843,-4.646884,false,false,false,53.066616,100.000000,0.000000
BBWidthPctRank60,bb_width_mid,trend_down,long,15m,DISCOVERY_REJECTED,54405,35906,0.671363,-4.328637,-6.828637,-9.328637,46.240235,0.768399,0.671363,2.100000,-10.258152,-4.760904,false,false,false,0.000000,100.000000,0.000000
TrendSlope20,slope_down_strong,trend_down,long,15m,DISCOVERY_REJECTED,65376,32832,0.669862,-4.330138,-6.830138,-9.330138,46.685328,0.772752,0.669862,2.500000,-9.839891,-9.185081,false,false,false,100.000000,100.000000,0.000000
TrendSlope20,slope_up,range,long,120m,DISCOVERY_REJECTED,19458,14427,0.669348,-4.330652,-6.830652,-9.330652,48.165279,0.908778,0.669348,1.300000,-14.381347,-9.755712,false,false,false,100.000000,68.267878,100.000000
CompositeRegime,trend_down,trend_down,short,5m,DISCOVERY_REJECTED,117282,55506,0.668468,-4.331532,-6.831532,-9.331532,38.253952,0.672116,0.668468,-0.800000,-6.528825,-4.621552,false,false,false,0.000000,100.000000,0.000000
SessionUTC,us,range,short,30m,DISCOVERY_REJECTED,66624,31478,0.667571,-4.332429,-6.832429,-9.332429,45.315502,0.828106,0.667571,0.000000,-11.705629,-6.232180,false,false,false,0.000000,100.000000,0.000000
SessionUTC,asia,compressed_down,long,5m,DISCOVERY_REJECTED,10318,7817,0.664025,-4.335975,-6.835975,-9.335975,43.089746,0.654173,0.664025,1.400000,-10.985859,-5.432546,false,false,false,0.000000,65.898748,0.000000
RealizedVol60,realized_vol_60_mid,range,long,15m,DISCOVERY_REJECTED,31002,16617,0.663348,-4.336652,-6.836652,-9.336652,47.335656,0.854472,0.663348,0.700000,-12.888582,-6.372133,false,false,false,0.000000,45.124997,0.000000
VolumeRatio20,volume_ratio_low,trend_up,short,120m,DISCOVERY_REJECTED,38909,29272,0.660569,-4.339431,-6.839431,-9.339431,48.870441,0.894584,0.660569,2.900000,-13.789794,-7.257025,false,false,false,0.000000,40.689324,100.000000
BTCContext60,btc_flat,trend_down,long,30m,DISCOVERY_REJECTED,43905,28497,0.658094,-4.341906,-6.841906,-9.341906,46.978704,0.786248,0.658094,2.400000,-16.029553,-5.077217,false,false,false,0.000000,75.591338,0.000000
TakerBuyRatio,taker_sell_heavy,range,long,60m,DISCOVERY_REJECTED,41900,34274,0.654907,-4.345093,-6.845093,-9.345093,47.038186,0.867200,0.654907,1.000000,-7.969006,-6.133466,false,false,false,0.000000,100.000000,0.000000
ETHContext60,eth_flat,range,long,120m,DISCOVERY_REJECTED,99773,58953,0.654324,-4.345676,-6.845676,-9.345676,47.437684,0.882946,0.654324,1.000000,-10.550378,-6.173794,false,false,false,0.000000,85.534515,100.000000
ETHContext60,eth_up_strong,trend_up,long,60m,DISCOVERY_REJECTED,25344,15253,0.652670,-4.347330,-6.847330,-9.347330,43.588226,0.886069,0.652670,-5.300000,-24.688139,-5.675673,false,false,false,0.000000,28.409038,100.000000
ETHContext60,eth_up_strong,trend_down,long,5m,DISCOVERY_REJECTED,1625,1418,0.650573,-4.349427,-6.849427,-9.349427,43.938462,0.707903,0.650573,1.000000,-11.663360,-6.147314,false,false,false,0.000000,38.029751,100.000000
BTCContext60,btc_flat,trend_down,short,240m,DISCOVERY_REJECTED,43905,28497,0.650572,-4.349428,-6.849428,-9.349428,46.885321,0.920615,0.650572,-2.700000,-29.892095,-7.583968,false,false,false,100.000000,43.448826,80.070325
CloseRelativeEMA20,above_ema20,trend_up,short,5m,DISCOVERY_REJECTED,54940,35721,0.650371,-4.349629,-6.849629,-9.349629,43.671278,0.627994,0.650371,1.800000,-7.469925,-5.077563,false,false,false,0.000000,0.000000,0.000000
ATRPct14,atr_pct_14_mid,range,long,60m,DISCOVERY_REJECTED,68277,38332,0.649455,-4.350545,-6.850545,-9.350545,48.763127,0.904186,0.649455,2.200000,-12.525662,-7.813387,false,false,false,0.000000,66.569452,0.000000
TakerBuyRatio,taker_sell_heavy_strong,trend_down,long,15m,DISCOVERY_REJECTED,32354,24211,0.640827,-4.359173,-6.859173,-9.359173,46.192125,0.750836,0.640827,2.200000,-9.874380,-5.200342,false,false,false,0.000000,100.000000,0.000000
SessionUTC,europe,compressed_up,short,5m,DISCOVERY_REJECTED,10335,7460,0.640750,-4.359250,-6.859250,-9.359250,40.793420,0.595710,0.640750,1.000000,-10.007102,-5.153046,false,false,false,0.000000,0.000000,0.000000
ATRPct14,atr_pct_14_low,range,short,240m,DISCOVERY_REJECTED,168432,77710,0.640662,-4.359338,-6.859338,-9.359338,47.544410,0.910533,0.640662,-0.500000,-28.246673,-7.358331,false,false,false,0.000000,27.247548,57.822690
ATRPct14,atr_pct_14_low,compressed_up,long,120m,DISCOVERY_REJECTED,31595,23082,0.639936,-4.360064,-6.860064,-9.360064,47.384080,0.878599,0.639936,0.000000,-28.904332,-5.893216,false,false,false,0.000000,26.000050,100.000000
BBWidthPctRank60,bb_width_low,range,long,60m,DISCOVERY_REJECTED,52222,39805,0.636317,-4.363683,-6.863683,-9.363683,46.252537,0.839612,0.636317,0.500000,-11.432713,-5.524685,false,false,false,0.000000,75.973624,0.000000
TrendSlope20,slope_flat,trend_up,short,5m,DISCOVERY_REJECTED,33335,17630,0.635830,-4.364170,-6.864170,-9.364170,41.361932,0.609287,0.635830,1.400000,-5.581209,-6.146691,false,false,false,100.000000,0.000000,0.000000
TrendSlope20,slope_up,range,short,5m,DISCOVERY_REJECTED,19458,14427,0.635030,-4.364970,-6.864970,-9.364970,41.437969,0.647430,0.635030,0.900000,-6.989336,-5.641912,false,false,false,0.000000,0.000000,0.000000
SessionUTC,europe,trend_up,short,5m,DISCOVERY_REJECTED,30756,15080,0.634771,-4.365229,-6.865229,-9.365229,41.276499,0.603330,0.634771,1.400000,-7.102261,-5.405529,false,false,false,0.000000,0.000000,0.000000
Return15,return15_up,compressed_down,short,60m,DISCOVERY_REJECTED,8811,8194,0.633461,-4.366539,-6.866539,-9.366539,46.929974,0.883404,0.633461,-0.700000,-17.290742,-8.974784,false,false,false,0.000000,24.022418,100.000000
BBWidthPctRank60,bb_width_high,trend_down,long,60m,DISCOVERY_REJECTED,48250,34344,0.633345,-4.366655,-6.866655,-9.366655,50.267358,0.880107,0.633345,5.400000,-22.058517,-6.102998,false,false,false,0.000000,48.407703,0.000000
SessionUTC,europe,compressed_up,long,30m,DISCOVERY_REJECTED,10335,7460,0.632672,-4.367328,-6.867328,-9.367328,42.776971,0.797104,0.632672,-1.600000,-15.290462,-5.377021,false,false,false,0.000000,29.024229,0.000000
RealizedVol60,realized_vol_60_mid,trend_up,short,30m,DISCOVERY_REJECTED,15023,8195,0.631695,-4.368305,-6.868305,-9.368305,51.454437,0.900545,0.631695,8.100000,-24.565755,-12.284362,false,false,false,0.000000,24.088493,100.000000
TakerBuyRatio,taker_buy_heavy_strong,trend_up,short,15m,DISCOVERY_REJECTED,31671,23959,0.630110,-4.369890,-6.869890,-9.369890,45.830571,0.724369,0.630110,2.300000,-7.509433,-5.409918,false,false,false,0.000000,100.000000,0.000000
TakerBuyRatio,taker_buy_heavy_strong,trend_down,long,30m,DISCOVERY_REJECTED,25915,20568,0.627948,-4.372052,-6.872052,-9.372052,47.756126,0.797836,0.627948,3.000000,-10.443244,-6.026372,false,false,false,0.000000,100.000000,0.000000
Return15,return15_up,compressed_up,long,60m,DISCOVERY_REJECTED,14229,12419,0.627613,-4.372387,-6.872387,-9.372387,46.538759,0.874254,0.627613,0.000000,-22.447553,-7.330771,false,false,false,0.000000,27.636394,100.000000
TakerBuyRatio,taker_sell_heavy,trend_down,long,15m,DISCOVERY_REJECTED,21957,18023,0.627006,-4.372994,-6.872994,-9.372994,47.784306,0.793254,0.627006,3.200000,-8.779823,-5.985719,false,false,false,0.000000,84.216765,0.000000
CloseRelativeEMA20,near_ema20,compressed_up,long,60m,DISCOVERY_REJECTED,30161,23507,0.626576,-4.373424,-6.873424,-9.373424,45.396373,0.847728,0.626576,-0.700000,-14.780303,-7.210790,false,false,false,0.000000,56.704966,0.000000
ATRPct14,atr_pct_14_mid,trend_up,short,60m,DISCOVERY_REJECTED,39048,22034,0.623074,-4.376926,-6.876926,-9.376926,51.293280,0.903023,0.623074,7.800000,-28.333110,-7.618657,false,false,false,0.000000,44.856322,100.000000
SessionUTC,late_us,compressed_down,short,5m,DISCOVERY_REJECTED,6263,4772,0.622754,-4.377246,-6.877246,-9.377246,38.927032,0.663938,0.622754,-0.600000,-12.258411,-5.456263,false,false,false,0.000000,69.989380,0.000000
Return15,return15_up_strong,trend_up,short,15m,DISCOVERY_REJECTED,27060,19225,0.621550,-4.378450,-6.878450,-9.378450,50.631929,0.830271,0.621550,5.700000,-9.986804,-5.718297,false,false,false,0.000000,0.000000,0.000000
CloseRelativeEMA20,near_ema20,compressed_down,short,60m,DISCOVERY_REJECTED,22983,18922,0.620975,-4.379025,-6.879025,-9.379025,44.754819,0.857860,0.620975,-2.100000,-23.010344,-7.804184,false,false,false,0.000000,32.272715,100.000000
Return15,return15_flat,compressed_down,short,60m,DISCOVERY_REJECTED,15786,13763,0.619878,-4.380122,-6.880122,-9.380122,44.305080,0.852726,0.619878,-2.300000,-13.866454,-6.870259,false,false,false,0.000000,35.067227,100.000000
SessionUTC,us,compressed_up,short,30m,DISCOVERY_REJECTED,15929,10923,0.619351,-4.380649,-6.880649,-9.380649,47.429217,0.839605,0.619351,1.800000,-13.890990,-6.921699,false,false,false,0.000000,43.599002,0.000000
BTCContext60,btc_flat,trend_up,short,5m,DISCOVERY_REJECTED,48622,30859,0.617250,-4.382750,-6.882750,-9.382750,39.286743,0.575005,0.617250,1.000000,-5.992171,-5.165632,false,false,false,0.000000,0.000000,0.000000
TakerBuyRatio,taker_buy_heavy,trend_down,long,120m,DISCOVERY_REJECTED,21255,17602,0.607586,-4.392414,-6.892414,-9.392414,50.162315,0.912647,0.607586,5.400000,-23.598434,-9.078011,false,false,false,0.000000,36.117097,77.257697
TrendSlope20,slope_flat,compressed_up,long,15m,DISCOVERY_REJECTED,17276,12403,0.607496,-4.392504,-6.892504,-9.392504,42.857143,0.755686,0.607496,-0.600000,-8.827260,-8.707643,false,false,false,0.000000,97.304654,0.000000
BBWidthPctRank60,bb_width_mid,trend_up,short,30m,DISCOVERY_REJECTED,57180,37750,0.606593,-4.393407,-6.893407,-9.393407,47.572578,0.805430,0.606593,2.800000,-8.049665,-5.785580,false,false,false,0.000000,100.000000,0.000000
Return15,return15_up,compressed_up,short,5m,DISCOVERY_REJECTED,14229,12419,0.605975,-4.394025,-6.894025,-9.394025,42.069014,0.640184,0.605975,0.800000,-8.932223,-4.899542,false,false,false,0.000000,100.000000,0.000000
CloseRelativeEMA20,above_ema20,trend_up,long,60m,DISCOVERY_REJECTED,54940,35721,0.604189,-4.395811,-6.895811,-9.395811,43.729523,0.862060,0.604189,-4.000000,-12.504839,-5.721709,false,false,false,0.000000,48.404642,0.000000
VolumeRatio20,volume_ratio_high,trend_down,short,60m,DISCOVERY_REJECTED,33415,25511,0.604165,-4.395835,-6.895835,-9.395835,43.420619,0.875916,0.604165,-4.700000,-21.095537,-6.059447,false,false,false,0.000000,33.189830,100.000000
CloseRelativeEMA20,near_ema20,compressed_up,long,120m,DISCOVERY_REJECTED,30161,23507,0.603287,-4.396713,-6.896713,-9.396713,47.266337,0.890566,0.603287,0.000000,-19.469217,-7.615837,false,false,false,0.000000,27.906941,100.000000
RealizedVol60,realized_vol_60_low,compressed_up,long,60m,DISCOVERY_REJECTED,37813,26821,0.601761,-4.398239,-6.898239,-9.398239,45.756750,0.840826,0.601761,-0.300000,-14.488024,-7.151970,false,false,false,0.000000,53.307681,0.000000
BTCContext60,btc_down_strong,trend_down,long,15m,DISCOVERY_REJECTED,19720,11580,0.597261,-4.402739,-6.902739,-9.402739,51.049696,0.856721,0.597261,6.500000,-15.837669,-5.460372,false,false,false,0.000000,29.950472,100.000000
CloseRelativeEMA20,above_ema20,compressed_up,long,15m,DISCOVERY_REJECTED,10988,9527,0.595213,-4.404787,-6.904787,-9.404787,43.210775,0.781426,0.595213,-0.900000,-12.053982,-7.243855,false,false,false,0.000000,37.055564,0.000000
TrendSlope20,slope_flat,compressed_down,long,15m,DISCOVERY_REJECTED,13339,10268,0.594555,-4.405445,-6.905445,-9.405445,45.573131,0.781718,0.594555,1.300000,-8.508999,-11.960821,false,false,false,0.000000,100.000000,0.000000
BBWidthPctRank60,bb_width_high,range,long,120m,DISCOVERY_REJECTED,60561,48988,0.586020,-4.413980,-6.913980,-9.413980,48.158056,0.900140,0.586020,1.700000,-15.335678,-7.178806,false,false,false,0.000000,72.470122,100.000000
VolumeRatio20,volume_ratio_high,compressed_down,long,30m,DISCOVERY_REJECTED,7944,7486,0.585388,-4.414612,-6.914612,-9.414612,46.991440,0.823582,0.585388,1.800000,-17.535910,-8.754794,false,false,false,0.000000,58.281852,89.527182
TakerBuyRatio,taker_sell_heavy,trend_down,long,30m,DISCOVERY_REJECTED,21957,18023,0.582802,-4.417198,-6.917198,-9.417198,49.300906,0.840632,0.582802,4.200000,-10.588814,-5.834999,false,false,false,0.000000,69.684446,100.000000
ETHContext60,eth_down,trend_up,long,120m,DISCOVERY_REJECTED,11162,8904,0.581631,-4.418369,-6.918369,-9.418369,45.986382,0.906025,0.581631,-2.800000,-22.397698,-8.288682,false,false,false,100.000000,34.102344,100.000000
Return15,return15_up,trend_up,short,30m,DISCOVERY_REJECTED,66825,41220,0.581536,-4.418464,-6.918464,-9.418464,47.434343,0.781766,0.581536,2.800000,-9.087634,-5.594034,false,false,false,0.000000,100.000000,0.000000
VolumeRatio20,volume_ratio_high,trend_up,short,5m,DISCOVERY_REJECTED,36160,27339,0.580493,-4.419507,-6.919507,-9.419507,42.013274,0.644811,0.580493,1.400000,-6.530141,-5.265332,false,false,false,0.000000,0.000000,0.000000
Return15,return15_down,trend_down,long,15m,DISCOVERY_REJECTED,64104,39511,0.578760,-4.421240,-6.921240,-9.421240,46.131287,0.728267,0.578760,2.300000,-9.306482,-5.060265,false,false,false,0.000000,0.000000,0.000000
TakerBuyRatio,taker_sell_heavy,trend_down,short,5m,DISCOVERY_REJECTED,21957,18023,0.578548,-4.421452,-6.921452,-9.421452,38.684702,0.701127,0.578548,-1.400000,-7.243660,-5.829591,false,false,false,0.000000,91.699378,0.000000
CloseRelativeEMA20,below_ema20,trend_down,long,30m,DISCOVERY_REJECTED,54135,34965,0.578260,-4.421740,-6.921740,-9.421740,49.267572,0.823050,0.578260,4.100000,-9.799115,-5.754698,false,false,false,0.000000,100.000000,0.000000
SessionUTC,late_us,trend_up,short,5m,DISCOVERY_REJECTED,20591,10345,0.577858,-4.422142,-6.922142,-9.422142,40.226312,0.598019,0.577858,1.200000,-8.265686,-5.022993,false,false,false,0.000000,0.000000,0.000000
TrendSlope20,slope_down,compressed_down,long,60m,DISCOVERY_REJECTED,3761,3427,0.577615,-4.422385,-6.922385,-9.422385,48.869981,0.887758,0.577615,3.100000,-51.246796,-37.914528,false,false,false,78.305216,20.865198,89.977171
ETHContext60,eth_up,trend_down,long,15m,DISCOVERY_REJECTED,10576,8702,0.572737,-4.427263,-6.927263,-9.427263,44.392965,0.738219,0.572737,1.100000,-12.725461,-5.274790,false,false,false,0.000000,60.226668,0.000000
BTCContext60,btc_up,range,short,240m,DISCOVERY_REJECTED,50840,36199,0.572101,-4.427899,-6.927899,-9.427899,48.772620,0.927371,0.572101,1.700000,-49.268653,-8.972708,false,false,false,100.000000,28.610136,66.700474
CloseRelativeEMA20,near_ema20,trend_down,short,5m,DISCOVERY_REJECTED,47739,31374,0.571808,-4.428192,-6.928192,-9.428192,36.213578,0.555988,0.571808,0.000000,-5.957421,-4.797896,false,false,false,0.000000,0.000000,0.000000
Return15,return15_down,compressed_up,long,15m,DISCOVERY_REJECTED,10593,9639,0.571498,-4.428502,-6.928502,-9.428502,44.727650,0.773772,0.571498,0.000000,-11.612521,-6.707508,false,false,false,0.000000,67.808829,0.000000
Return15,return15_flat,range,long,120m,DISCOVERY_REJECTED,69421,46659,0.570667,-4.429333,-6.929333,-9.429333,47.425131,0.870099,0.570667,1.300000,-16.012315,-5.657149,false,false,false,0.000000,41.148423,0.000000
BBWidthPctRank60,bb_width_high,trend_up,short,5m,DISCOVERY_REJECTED,46994,34217,0.570306,-4.429694,-6.929694,-9.429694,43.014002,0.650553,0.570306,1.700000,-7.561835,-4.959344,false,false,false,0.000000,0.000000,0.000000
SessionUTC,us,range,short,5m,DISCOVERY_REJECTED,66624,31478,0.569652,-4.430348,-6.930348,-9.430348,40.437380,0.649378,0.569652,0.000000,-7.109711,-5.314189,false,false,false,0.000000,0.000000,0.000000
TakerBuyRatio,taker_sell_heavy_strong,range,long,15m,DISCOVERY_REJECTED,64482,47166,0.569487,-4.430513,-6.930513,-9.430513,42.411836,0.710935,0.569487,0.000000,-6.612560,-5.350644,false,false,false,0.000000,0.000000,0.000000
TakerBuyRatio,taker_balanced,trend_up,short,5m,DISCOVERY_REJECTED,15926,13764,0.568691,-4.431309,-6.931309,-9.431309,42.904684,0.655130,0.568691,1.600000,-7.623933,-6.083498,false,false,false,0.000000,0.000000,0.000000
Return15,return15_flat,trend_up,short,30m,DISCOVERY_REJECTED,24361,18680,0.564976,-4.435024,-6.935024,-9.435024,45.408645,0.741166,0.564976,1.800000,-9.879547,-5.418199,false,false,false,0.000000,0.000000,0.000000
SessionUTC,us,compressed_up,short,15m,DISCOVERY_REJECTED,15929,10923,0.564358,-4.435642,-6.935642,-9.435642,45.395191,0.775568,0.564358,1.200000,-9.747271,-6.083500,false,false,false,0.000000,100.000000,0.000000
ETHContext60,eth_down_strong,range,short,5m,DISCOVERY_REJECTED,16679,12476,0.563838,-4.436162,-6.936162,-9.436162,41.549254,0.727533,0.563838,-1.100000,-9.230306,-5.956232,false,false,false,0.000000,91.220460,0.000000
TakerBuyRatio,taker_sell_heavy_strong,compressed_up,short,120m,DISCOVERY_REJECTED,11774,10583,0.560304,-4.439696,-6.939696,-9.439696,47.460506,0.897194,0.560304,0.000000,-25.027587,-9.407385,false,false,false,65.108477,28.667834,74.227001
TakerBuyRatio,taker_buy_heavy_strong,trend_up,long,60m,DISCOVERY_REJECTED,31671,23959,0.560100,-4.439900,-6.939900,-9.439900,43.282498,0.845024,0.560100,-2.900000,-15.803739,-6.014922,false,false,false,0.000000,85.344176,0.000000
RealizedVol60,realized_vol_60_mid,compressed_down,short,5m,DISCOVERY_REJECTED,9381,6861,0.557613,-4.442387,-6.942387,-9.442387,44.824646,0.779062,0.557613,-0.200000,-17.603549,-6.372119,false,false,false,0.000000,34.756653,0.000000
CloseRelativeEMA20,near_ema20,trend_up,short,240m,DISCOVERY_REJECTED,51603,33500,0.554886,-4.445114,-6.945114,-9.445114,48.656086,0.912826,0.554886,2.000000,-32.011079,-8.493678,false,false,false,100.000000,25.220543,62.579669
ETHContext60,eth_up_strong,trend_up,short,5m,DISCOVERY_REJECTED,25344,15253,0.552819,-4.447181,-6.947181,-9.447181,44.357639,0.695375,0.552819,1.600000,-7.608489,-5.020953,false,false,false,0.000000,68.642766,0.000000
BTCContext60,btc_up,trend_up,short,30m,DISCOVERY_REJECTED,43361,28304,0.552524,-4.447476,-6.947476,-9.447476,48.294550,0.797567,0.552524,3.500000,-10.644376,-6.555196,false,false,false,0.000000,100.000000,0.000000
CompositeRegime,trend_down,trend_down,long,15m,DISCOVERY_REJECTED,117282,55506,0.551080,-4.448920,-6.948920,-9.448920,46.589417,0.766747,0.551080,2.400000,-9.129767,-4.920200,false,false,false,0.000000,100.000000,0.000000
CloseRelativeEMA20,below_ema20,range,long,5m,DISCOVERY_REJECTED,51248,36653,0.550589,-4.449411,-6.949411,-9.449411,42.056275,0.626661,0.550589,1.000000,-7.494942,-4.805079,false,false,false,0.000000,0.000000,0.000000
TrendSlope20,slope_flat,trend_down,long,30m,DISCOVERY_REJECTED,32441,17055,0.549228,-4.450772,-6.950772,-9.450772,48.315403,0.807071,0.549228,3.200000,-9.288332,-6.156293,false,false,false,100.000000,0.000000,0.000000
BBWidthPctRank60,bb_width_high,trend_down,long,15m,DISCOVERY_REJECTED,48250,34344,0.548341,-4.451659,-6.951659,-9.451659,48.080829,0.784503,0.548341,3.300000,-13.448559,-5.144910,false,false,false,0.000000,95.968775,0.000000
TrendSlope20,slope_down,trend_down,long,15m,DISCOVERY_REJECTED,19465,12644,0.547083,-4.452917,-6.952917,-9.452917,47.058824,0.794028,0.547083,2.400000,-9.675722,-6.989326,false,false,false,0.000000,100.000000,0.000000
ETHContext60,eth_flat,trend_down,short,120m,DISCOVERY_REJECTED,39989,25593,0.544539,-4.455461,-6.955461,-9.455461,44.449724,0.885653,0.544539,-4.600000,-22.192601,-8.152304,false,false,false,0.000000,40.248715,100.000000
SessionUTC,us,range,short,15m,DISCOVERY_REJECTED,66624,31478,0.542762,-4.457238,-6.957238,-9.457238,44.033682,0.763542,0.542762,0.000000,-9.534639,-5.792241,false,false,false,0.000000,0.000000,0.000000
BTCContext60,btc_down,range,short,5m,DISCOVERY_REJECTED,48253,34843,0.540491,-4.459509,-6.959509,-9.459509,39.315690,0.624946,0.540491,0.000000,-7.573737,-4.730293,false,false,false,0.000000,0.000000,0.000000
TrendSlope20,slope_down,trend_down,short,5m,DISCOVERY_REJECTED,19465,12644,0.539844,-4.460156,-6.960156,-9.460156,39.578731,0.702446,0.539844,-0.700000,-9.153694,-7.019518,false,false,false,100.000000,0.000000,0.000000
ETHContext60,eth_down,trend_up,short,5m,DISCOVERY_REJECTED,11162,8904,0.539345,-4.460655,-6.960655,-9.460655,40.942483,0.641744,0.539345,0.700000,-8.766528,-6.344451,false,false,false,0.000000,0.000000,0.000000
BTCContext60,btc_down,trend_down,short,5m,DISCOVERY_REJECTED,43741,28130,0.537724,-4.462276,-6.962276,-9.462276,38.147276,0.644099,0.537724,-1.200000,-6.076112,-5.080952,false,false,false,0.000000,0.000000,0.000000
ATRPct14,atr_pct_14_mid,trend_down,long,15m,DISCOVERY_REJECTED,44654,24466,0.537604,-4.462396,-6.962396,-9.462396,49.626013,0.830587,0.537604,4.500000,-10.689623,-5.464613,false,false,false,0.000000,86.626292,0.000000
CompositeRegime,trend_up,trend_up,long,120m,DISCOVERY_REJECTED,120660,57289,0.535992,-4.464008,-6.964008,-9.464008,45.358860,0.897337,0.535992,-3.300000,-20.245981,-5.860279,false,false,false,0.000000,65.563211,0.000000
VolumeRatio20,volume_ratio_high,compressed_down,long,15m,DISCOVERY_REJECTED,7944,7486,0.535721,-4.464279,-6.964279,-9.464279,45.883686,0.767096,0.535721,1.600000,-15.279743,-7.499113,false,false,false,0.000000,52.312397,0.000000
ETHContext60,eth_up,range,long,240m,DISCOVERY_REJECTED,53353,36724,0.533318,-4.466682,-6.966682,-9.466682,47.815493,0.925585,0.533318,-0.600000,-33.659720,-7.155048,false,false,false,0.000000,40.154338,100.000000
TrendSlope20,slope_up,compressed_up,short,5m,DISCOVERY_REJECTED,4673,4171,0.533149,-4.466851,-6.966851,-9.466851,42.777659,0.654976,0.533149,1.500000,-10.713138,-9.066177,false,false,false,0.000000,100.000000,0.000000
TakerBuyRatio,taker_buy_heavy,compressed_up,short,15m,DISCOVERY_REJECTED,8839,8142,0.532981,-4.467019,-6.967019,-9.467019,45.627333,0.762022,0.532981,1.600000,-9.530406,-5.955310,false,false,false,0.000000,100.000000,0.000000
Return15,return15_down_strong,range,long,30m,DISCOVERY_REJECTED,16644,13830,0.532969,-4.467031,-6.967031,-9.467031,47.758952,0.864596,0.532969,1.550000,-13.754933,-7.281237,false,false,false,0.000000,41.040550,0.000000
RealizedVol60,realized_vol_60_mid,range,short,5m,DISCOVERY_REJECTED,31002,16617,0.530765,-4.469235,-6.969235,-9.469235,45.545449,0.774099,0.530765,0.500000,-15.355466,-5.579517,false,false,false,0.000000,100.000000,0.000000
BTCContext60,btc_up,trend_up,short,15m,DISCOVERY_REJECTED,43361,28304,0.530252,-4.469748,-6.969748,-9.469748,46.677890,0.729906,0.530252,2.800000,-10.441271,-5.576848,false,false,false,0.000000,100.000000,0.000000
RealizedVol60,realized_vol_60_low,compressed_up,short,240m,DISCOVERY_REJECTED,37813,26821,0.526494,-4.473506,-6.973506,-9.473506,47.827467,0.920253,0.526494,-0.400000,-40.140017,-7.599155,false,false,false,0.000000,34.465467,100.000000
VolumeRatio20,volume_ratio_low,trend_up,short,60m,DISCOVERY_REJECTED,38909,29272,0.525389,-4.474611,-6.974611,-9.474611,48.551749,0.847628,0.525389,3.400000,-8.630323,-5.796604,false,false,false,0.000000,100.000000,0.000000
TrendSlope20,slope_up_strong,compressed_down,short,240m,DISCOVERY_REJECTED,7930,6987,0.524827,-4.475173,-6.975173,-9.475173,47.641866,0.932692,0.524827,-1.700000,-38.553829,-122.542977,false,false,false,0.000000,28.614910,100.000000
ETHContext60,eth_up,compressed_up,long,15m,DISCOVERY_REJECTED,18939,15533,0.524420,-4.475580,-6.975580,-9.475580,42.119436,0.727521,0.524420,-0.600000,-8.638600,-5.159761,false,false,false,0.000000,0.000000,0.000000
VolumeRatio20,volume_ratio_high,range,long,30m,DISCOVERY_REJECTED,55634,43212,0.524276,-4.475724,-6.975724,-9.475724,44.609412,0.796503,0.524276,0.000000,-8.586454,-4.970199,false,false,false,0.000000,100.000000,0.000000
BBWidthPctRank60,bb_width_mid,trend_down,short,5m,DISCOVERY_REJECTED,54405,35906,0.523312,-4.476688,-6.976688,-9.476688,38.479919,0.653459,0.523312,-0.600000,-6.583094,-4.988934,false,false,false,0.000000,100.000000,0.000000
CloseRelativeEMA20,near_ema20,trend_down,long,60m,DISCOVERY_REJECTED,47739,31374,0.517165,-4.482835,-6.982835,-9.482835,48.212154,0.825845,0.517165,3.100000,-11.421145,-5.960726,false,false,false,0.000000,52.016144,0.000000
TrendSlope20,slope_up,compressed_up,short,120m,DISCOVERY_REJECTED,4673,4171,0.516952,-4.483048,-6.983048,-9.483048,49.111920,0.908430,0.516952,3.300000,-40.825931,-11.083982,false,false,false,66.718804,26.994271,53.786728
SessionUTC,europe,trend_up,short,60m,DISCOVERY_REJECTED,30756,15080,0.513164,-4.486836,-6.986836,-9.486836,49.313955,0.847480,0.513164,4.200000,-19.480391,-7.031854,false,false,false,0.000000,37.007965,0.000000
BBWidthPctRank60,bb_width_high,trend_up,long,30m,DISCOVERY_REJECTED,46994,34217,0.512744,-4.487256,-6.987256,-9.487256,41.781930,0.820543,0.512744,-3.200000,-9.878495,-5.339628,false,false,false,0.000000,100.000000,0.000000
CloseRelativeEMA20,below_ema20,trend_down,short,5m,DISCOVERY_REJECTED,54135,34965,0.512389,-4.487611,-6.987611,-9.487611,38.738339,0.655420,0.512389,-1.400000,-6.163131,-5.278291,false,false,false,0.000000,0.000000,0.000000
BTCContext60,btc_flat,range,long,30m,DISCOVERY_REJECTED,119071,68033,0.511499,-4.488501,-6.988501,-9.488501,44.547371,0.771899,0.511499,0.200000,-8.043796,-5.033182,false,false,false,0.000000,72.985557,0.000000
TakerBuyRatio,taker_buy_heavy_strong,compressed_up,long,15m,DISCOVERY_REJECTED,11361,10313,0.511451,-4.488549,-6.988549,-9.488549,42.320218,0.723720,0.511451,0.000000,-7.761317,-6.112052,false,false,false,0.000000,0.000000,0.000000
BBWidthPctRank60,bb_width_high,range,long,240m,DISCOVERY_REJECTED,60561,48988,0.507817,-4.492183,-6.992183,-9.492183,48.635260,0.927760,0.507817,1.200000,-32.696534,-9.058169,false,false,false,0.000000,55.843839,75.613807
BTCContext60,btc_up,trend_up,long,240m,DISCOVERY_REJECTED,43361,28304,0.505873,-4.494127,-6.994127,-9.494127,46.560273,0.924676,0.505873,-3.900000,-40.069676,-8.866754,false,false,false,100.000000,27.257643,67.819704
ETHContext60,eth_flat,compressed_up,long,30m,DISCOVERY_REJECTED,12086,9678,0.505740,-4.494260,-6.994260,-9.494260,43.984776,0.791937,0.505740,-0.250000,-13.161751,-6.693472,false,false,false,0.000000,50.584498,0.000000
TrendSlope20,slope_down,compressed_down,long,5m,DISCOVERY_REJECTED,3761,3427,0.504839,-4.495161,-6.995161,-9.495161,43.206594,0.674543,0.504839,0.800000,-9.095466,-15.135209,false,false,false,100.000000,100.000000,0.000000
ETHContext60,eth_up,trend_up,long,120m,DISCOVERY_REJECTED,38223,25072,0.498746,-4.501254,-7.001254,-9.501254,45.407216,0.892731,0.498746,-2.900000,-20.543865,-6.270709,false,false,false,0.000000,40.188249,100.000000
VolumeRatio20,volume_ratio_low,trend_up,short,15m,DISCOVERY_REJECTED,38909,29272,0.497876,-4.502124,-7.002124,-9.502124,44.843095,0.720157,0.497876,1.700000,-7.130433,-5.483297,false,false,false,0.000000,0.000000,0.000000
ETHContext60,eth_down_strong,compressed_down,long,5m,DISCOVERY_REJECTED,11580,9296,0.496403,-4.503597,-7.003597,-9.503597,44.766839,0.726081,0.496403,1.300000,-10.884601,-5.135851,false,false,false,0.000000,55.292140,100.000000
BTCContext60,btc_flat,range,long,60m,DISCOVERY_REJECTED,119071,68033,0.495764,-4.504236,-7.004236,-9.504236,46.160694,0.834287,0.495764,0.600000,-10.465700,-5.324603,false,false,false,0.000000,73.108365,0.000000
BTCContext60,btc_down,trend_up,short,15m,DISCOVERY_REJECTED,10313,8385,0.493629,-4.506371,-7.006371,-9.506371,45.815960,0.764367,0.493629,1.700000,-12.371856,-6.390543,false,false,false,0.000000,60.864595,0.000000
ATRPct14,atr_pct_14_mid,trend_up,short,5m,DISCOVERY_REJECTED,39048,22034,0.492217,-4.507783,-7.007783,-9.507783,46.025405,0.728916,0.492217,1.800000,-7.315014,-5.933655,false,false,false,0.000000,100.000000,0.000000
CloseRelativeEMA20,above_ema20_strong,range,short,5m,DISCOVERY_REJECTED,7404,6323,0.487796,-4.512204,-7.012204,-9.512204,48.325230,0.783239,0.487796,3.300000,-15.150418,-9.279055,false,false,false,0.000000,47.785648,0.000000
ATRPct14,atr_pct_14_mid,compressed_up,long,15m,DISCOVERY_REJECTED,15927,11173,0.486862,-4.513138,-7.013138,-9.513138,45.055566,0.820655,0.486862,-1.000000,-13.408992,-6.346523,false,false,false,0.000000,44.971991,0.000000
SessionUTC,asia,compressed_down,long,30m,DISCOVERY_REJECTED,10318,7817,0.486827,-4.513173,-7.013173,-9.513173,47.005234,0.823361,0.486827,1.800000,-26.461049,-8.167921,false,false,false,0.000000,58.614377,100.000000
Return15,return15_down,range,long,5m,DISCOVERY_REJECTED,68379,46101,0.486029,-4.513971,-7.013971,-9.513971,39.762208,0.575380,0.486029,0.500000,-6.804342,-5.267916,false,false,false,0.000000,0.000000,0.000000
SessionUTC,asia,trend_down,long,60m,DISCOVERY_REJECTED,33470,16334,0.481336,-4.518664,-7.018664,-9.518664,49.626531,0.864031,0.481336,4.500000,-26.552897,-6.100715,false,false,false,0.000000,33.072499,100.000000
Return15,return15_flat,trend_down,short,240m,DISCOVERY_REJECTED,21667,16887,0.480565,-4.519435,-7.019435,-9.519435,45.963908,0.908908,0.480565,-3.700000,-29.539082,-10.613981,false,false,false,100.000000,32.903288,41.856553
TrendSlope20,slope_up_strong,trend_up,long,60m,DISCOVERY_REJECTED,68487,34304,0.479545,-4.520455,-7.020455,-9.520455,43.754289,0.852556,0.479545,-2.800000,-12.344057,-5.537066,false,false,false,100.000000,60.197159,0.000000
TakerBuyRatio,taker_balanced,range,long,120m,DISCOVERY_REJECTED,29607,25604,0.478815,-4.521185,-7.021185,-9.521185,48.441247,0.903090,0.478815,1.900000,-18.413023,-6.197271,false,false,false,0.000000,60.669062,100.000000
SessionUTC,us,trend_down,long,15m,DISCOVERY_REJECTED,35007,17366,0.477973,-4.522027,-7.022027,-9.522027,47.958980,0.788890,0.477973,3.200000,-12.672063,-5.299316,false,false,false,0.000000,85.910211,0.000000
BBWidthPctRank60,bb_width_low,trend_up,short,15m,DISCOVERY_REJECTED,16486,13976,0.477665,-4.522335,-7.022335,-9.522335,43.673420,0.694607,0.477665,1.500000,-9.863066,-5.834258,false,false,false,0.000000,0.000000,0.000000
TrendSlope20,slope_up,compressed_down,long,15m,DISCOVERY_REJECTED,3139,2893,0.476681,-4.523319,-7.023319,-9.523319,44.536477,0.784203,0.476681,0.700000,-11.559894,-16.204541,false,false,false,100.000000,71.350935,0.000000
BTCContext60,btc_up_strong,trend_down,long,120m,DISCOVERY_REJECTED,759,705,0.475470,-4.524530,-7.024530,-9.524530,52.305665,0.925207,0.475470,10.600000,-96.407227,-18.396111,false,false,false,84.366421,21.252917,72.528742
VolumeRatio20,volume_ratio_normal,compressed_down,long,240m,DISCOVERY_REJECTED,14733,12999,0.474249,-4.525751,-7.025751,-9.525751,49.372158,0.938681,0.474249,2.900000,-54.620126,-10.922293,false,false,false,100.000000,40.984640,38.427275
RealizedVol60,realized_vol_60_low,range,short,240m,DISCOVERY_REJECTED,206395,91613,0.469305,-4.530695,-7.030695,-9.530695,47.638751,0.915560,0.469305,-0.700000,-31.591779,-7.091785,false,false,false,0.000000,29.327893,48.881224
BBWidthPctRank60,bb_width_high,range,short,30m,DISCOVERY_REJECTED,60561,48988,0.469303,-4.530697,-7.030697,-9.530697,44.949720,0.801226,0.469303,0.400000,-9.101335,-5.745504,false,false,false,0.000000,100.000000,0.000000
TakerBuyRatio,taker_sell_heavy,trend_up,short,30m,DISCOVERY_REJECTED,21621,17988,0.468419,-4.531581,-7.031581,-9.531581,48.411267,0.817698,0.468419,3.300000,-9.289845,-6.571609,false,false,false,0.000000,0.000000,0.000000
ATRPct14,atr_pct_14_mid,range,long,30m,DISCOVERY_REJECTED,68277,38332,0.468046,-4.531954,-7.031954,-9.531954,47.431785,0.862056,0.468046,0.700000,-7.834624,-5.711490,false,false,false,0.000000,100.000000,0.000000
SessionUTC,europe,trend_down,short,5m,DISCOVERY_REJECTED,30170,14730,0.465963,-4.534037,-7.034037,-9.534037,37.434538,0.611189,0.465963,-0.500000,-7.369607,-4.889878,false,false,false,0.000000,0.000000,0.000000
SessionUTC,europe,trend_down,long,15m,DISCOVERY_REJECTED,30170,14730,0.465137,-4.534863,-7.034863,-9.534863,45.585018,0.729726,0.465137,1.900000,-10.605889,-4.917792,false,false,false,0.000000,0.000000,0.000000
ETHContext60,eth_up_strong,trend_up,short,30m,DISCOVERY_REJECTED,25344,15253,0.464757,-4.535243,-7.035243,-9.535243,49.680398,0.839884,0.464757,4.600000,-12.684139,-5.746976,false,false,false,0.000000,49.055738,0.000000
ETHContext60,eth_flat,trend_up,long,120m,DISCOVERY_REJECTED,44266,27627,0.464109,-4.535891,-7.035891,-9.535891,44.919351,0.882183,0.464109,-3.000000,-18.614816,-8.096232,false,false,false,0.000000,50.395679,0.000000
TrendSlope20,slope_flat,trend_up,long,240m,DISCOVERY_REJECTED,33335,17630,0.458775,-4.541225,-7.041225,-9.541225,45.927704,0.924961,0.458775,-5.500000,-35.227616,-58.809284,false,false,false,93.723344,48.128810,64.253479
TakerBuyRatio,taker_sell_heavy_strong,trend_up,long,240m,DISCOVERY_REJECTED,28559,22518,0.457965,-4.542035,-7.042035,-9.542035,46.937918,0.920460,0.457965,-2.400000,-30.461749,-7.576404,false,false,false,0.000000,52.830230,63.063844
TrendSlope20,slope_down,range,long,5m,DISCOVERY_REJECTED,19673,14407,0.456253,-4.543747,-7.043747,-9.543747,40.380217,0.632818,0.456253,0.400000,-7.367802,-6.622811,false,false,false,0.000000,0.000000,0.000000
SessionUTC,us,trend_down,short,60m,DISCOVERY_REJECTED,35007,17366,0.453172,-4.546828,-7.046828,-9.546828,43.591282,0.883612,0.453172,-5.100000,-23.443631,-9.429959,false,false,false,0.000000,40.152040,50.078633
RealizedVol60,realized_vol_60_low,trend_down,long,30m,DISCOVERY_REJECTED,99011,47972,0.453118,-4.546882,-7.046882,-9.546882,48.081526,0.783949,0.453118,3.200000,-12.479618,-5.080638,false,false,false,0.000000,0.000000,0.000000
BBWidthPctRank60,bb_width_low,trend_up,short,5m,DISCOVERY_REJECTED,16486,13976,0.451277,-4.548723,-7.048723,-9.548723,38.317360,0.544357,0.451277,0.700000,-6.827015,-5.069728,false,false,false,0.000000,0.000000,0.000000
TrendSlope20,slope_up_strong,compressed_up,long,30m,DISCOVERY_REJECTED,12648,10219,0.449339,-4.550661,-7.050661,-9.550661,43.682796,0.804386,0.449339,-1.200000,-13.029407,-5.256311,false,false,false,55.025819,45.764339,0.000000
SessionUTC,europe,compressed_down,long,5m,DISCOVERY_REJECTED,7860,6073,0.448286,-4.551714,-7.051714,-9.551714,41.335878,0.629531,0.448286,0.700000,-8.416145,-5.643064,false,false,false,0.000000,100.000000,0.000000
BTCContext60,btc_down,compressed_down,long,15m,DISCOVERY_REJECTED,28763,23014,0.448119,-4.551881,-7.051881,-9.551881,44.891006,0.749953,0.448119,1.100000,-9.452368,-5.367201,false,false,false,0.000000,100.000000,0.000000
TakerBuyRatio,taker_sell_heavy,range,long,15m,DISCOVERY_REJECTED,41900,34274,0.447385,-4.552615,-7.052615,-9.552615,43.732697,0.743870,0.447385,0.000000,-7.200660,-5.857320,false,false,false,0.000000,0.000000,0.000000
VolumeRatio20,volume_ratio_high,trend_up,long,30m,DISCOVERY_REJECTED,36160,27339,0.447220,-4.552780,-7.052780,-9.552780,41.603982,0.812859,0.447220,-3.000000,-13.443355,-5.762575,false,false,false,0.000000,60.931375,0.000000
TrendSlope20,slope_up,range,short,15m,DISCOVERY_REJECTED,19458,14427,0.446576,-4.553424,-7.053424,-9.553424,44.860726,0.749596,0.446576,0.800000,-8.925190,-8.400559,false,false,false,100.000000,0.000000,0.000000
Return15,return15_flat,trend_up,short,60m,DISCOVERY_REJECTED,24361,18680,0.444812,-4.555188,-7.055188,-9.555188,46.660646,0.805625,0.444812,2.000000,-14.436916,-5.685476,false,false,false,0.000000,50.683705,0.000000
CloseRelativeEMA20,below_ema20,trend_up,short,15m,DISCOVERY_REJECTED,1748,1700,0.444331,-4.555669,-7.055669,-9.555669,46.281465,0.807874,0.444331,0.550000,-19.298871,-8.687700,false,false,false,100.000000,22.569073,0.000000
TrendSlope20,slope_up,range,short,60m,DISCOVERY_REJECTED,19458,14427,0.444327,-4.555673,-7.055673,-9.555673,46.063316,0.866432,0.444327,-0.450000,-17.366167,-30.073113,false,false,false,100.000000,58.831719,0.000000
TrendSlope20,slope_flat,compressed_down,short,30m,DISCOVERY_REJECTED,13339,10268,0.443392,-4.556608,-7.056608,-9.556608,44.763476,0.833120,0.443392,-1.700000,-19.721560,-13.049221,false,false,false,74.496041,33.372559,0.000000
TakerBuyRatio,taker_sell_heavy_strong,compressed_up,long,240m,DISCOVERY_REJECTED,11774,10583,0.442430,-4.557570,-7.057570,-9.557570,48.471208,0.925559,0.442430,1.300000,-39.968360,-13.892786,false,false,false,81.276306,43.478650,60.950150
ATRPct14,atr_pct_14_mid,trend_up,long,120m,DISCOVERY_REJECTED,39048,22034,0.442331,-4.557669,-7.057669,-9.557669,46.045892,0.926343,0.442331,-6.800000,-26.487899,-9.495585,false,false,false,0.000000,45.921947,96.464968
Return15,return15_down,compressed_down,short,30m,DISCOVERY_REJECTED,11217,10153,0.442228,-4.557772,-7.057772,-9.557772,43.861995,0.840300,0.442228,-2.800000,-15.630020,-5.696659,false,false,false,0.000000,29.763431,0.000000
CloseRelativeEMA20,near_ema20,compressed_down,short,5m,DISCOVERY_REJECTED,22983,18922,0.441844,-4.558156,-7.058156,-9.558156,38.476265,0.607840,0.441844,-0.500000,-8.000101,-4.903491,false,false,false,0.000000,0.000000,0.000000
ETHContext60,eth_flat,compressed_down,short,15m,DISCOVERY_REJECTED,9366,7741,0.441572,-4.558428,-7.058428,-9.558428,42.280589,0.732575,0.441572,-0.800000,-10.600326,-5.070307,false,false,false,0.000000,100.000000,0.000000
VolumeRatio20,volume_ratio_high,range,long,15m,DISCOVERY_REJECTED,55634,43212,0.441303,-4.558697,-7.058697,-9.558697,42.547723,0.727635,0.441303,0.000000,-6.929912,-4.844802,false,false,false,0.000000,0.000000,0.000000
ETHContext60,eth_down,compressed_up,short,60m,DISCOVERY_REJECTED,1354,1292,0.440544,-4.559456,-7.059456,-9.559456,47.119645,0.882274,0.440544,0.000000,-80.260075,-11.984442,false,false,false,66.634995,18.345426,57.669100
BTCContext60,btc_down,range,short,15m,DISCOVERY_REJECTED,48253,34843,0.439846,-4.560154,-7.060154,-9.560154,42.532071,0.736780,0.439846,-0.500000,-10.147327,-5.422658,false,false,false,0.000000,100.000000,0.000000
SessionUTC,late_us,compressed_up,long,5m,DISCOVERY_REJECTED,8395,5804,0.439098,-4.560902,-7.060902,-9.560902,38.892198,0.617552,0.439098,0.000000,-11.618633,-5.374308,false,false,false,0.000000,86.402597,0.000000
BBWidthPctRank60,bb_width_low,compressed_down,short,5m,DISCOVERY_REJECTED,37900,27941,0.439069,-4.560931,-7.060931,-9.560931,40.076517,0.660528,0.439069,-0.400000,-9.241659,-4.951872,false,false,false,0.000000,0.000000,0.000000
CompositeRegime,compressed_down,compressed_down,short,5m,DISCOVERY_REJECTED,37900,27941,0.439069,-4.560931,-7.060931,-9.560931,40.076517,0.660528,0.439069,-0.400000,-9.241659,-4.951872,false,false,false,0.000000,0.000000,0.000000
TakerBuyRatio,taker_balanced,range,short,30m,DISCOVERY_REJECTED,29607,25604,0.438412,-4.561588,-7.061588,-9.561588,45.495998,0.811689,0.438412,0.000000,-9.137439,-5.848307,false,false,false,0.000000,0.000000,0.000000
ETHContext60,eth_flat,trend_down,long,15m,DISCOVERY_REJECTED,39989,25593,0.437723,-4.562277,-7.062277,-9.562277,44.927355,0.705832,0.437723,1.900000,-9.395017,-5.082751,false,false,false,0.000000,0.000000,0.000000
CloseRelativeEMA20,above_ema20,trend_up,short,15m,DISCOVERY_REJECTED,54940,35721,0.437461,-4.562539,-7.062539,-9.562539,47.770295,0.737858,0.437461,3.300000,-9.521488,-5.432576,false,false,false,0.000000,0.000000,0.000000
BBWidthPctRank60,bb_width_mid,range,long,30m,DISCOVERY_REJECTED,124950,76776,0.437044,-4.562956,-7.062956,-9.562956,45.303721,0.797840,0.437044,0.500000,-7.535603,-5.089357,false,false,false,0.000000,0.000000,0.000000
TakerBuyRatio,taker_sell_heavy_strong,compressed_down,long,15m,DISCOVERY_REJECTED,9624,8842,0.436777,-4.563223,-7.063223,-9.563223,45.511222,0.757006,0.436777,1.500000,-19.003646,-7.861170,false,false,false,0.000000,93.112762,0.000000
SessionUTC,late_us,range,long,15m,DISCOVERY_REJECTED,39572,18660,0.433477,-4.566523,-7.066523,-9.566523,42.540180,0.703498,0.433477,0.000000,-9.363842,-5.651427,false,false,false,0.000000,100.000000,0.000000
BTCContext60,btc_up_strong,trend_up,long,30m,DISCOVERY_REJECTED,17436,10827,0.432299,-4.567701,-7.067701,-9.567701,42.395045,0.849853,0.432299,-4.800000,-14.935578,-6.293582,false,false,false,0.000000,79.246514,100.000000
ETHContext60,eth_up_strong,trend_down,long,15m,DISCOVERY_REJECTED,1625,1418,0.430855,-4.569145,-7.069145,-9.569145,46.215385,0.795436,0.430855,1.900000,-18.567803,-10.205240,false,false,false,0.000000,37.965998,100.000000
Return15,return15_up,trend_up,short,15m,DISCOVERY_REJECTED,66825,41220,0.428021,-4.571979,-7.071979,-9.571979,45.665544,0.700478,0.428021,2.200000,-8.204224,-5.242737,false,false,false,0.000000,0.000000,0.000000
ATRPct14,atr_pct_14_low,trend_up,short,5m,DISCOVERY_REJECTED,80850,41538,0.426484,-4.573516,-7.073516,-9.573516,38.713667,0.496487,0.426484,1.000000,-6.765313,-4.980592,false,false,false,0.000000,0.000000,0.000000
ATRPct14,atr_pct_14_low,trend_down,long,15m,DISCOVERY_REJECTED,71298,37426,0.426352,-4.573648,-7.073648,-9.573648,44.473898,0.662010,0.426352,1.800000,-7.276396,-4.831272,false,false,false,0.000000,0.000000,0.000000
ETHContext60,eth_flat,compressed_down,short,5m,DISCOVERY_REJECTED,9366,7741,0.425763,-4.574237,-7.074237,-9.574237,38.725176,0.604239,0.425763,-0.100000,-8.804857,-4.903576,false,false,false,0.000000,0.000000,0.000000
TrendSlope20,slope_flat,compressed_down,short,240m,DISCOVERY_REJECTED,13339,10268,0.423552,-4.576448,-7.076448,-9.576448,48.309468,0.937577,0.423552,0.000000,-91.723064,-120.896268,false,false,false,100.000000,25.043232,88.812222
ETHContext60,eth_flat,trend_down,long,30m,DISCOVERY_REJECTED,39989,25593,0.422488,-4.577512,-7.077512,-9.577512,47.493061,0.776421,0.422488,2.800000,-10.663133,-5.285014,false,false,false,0.000000,100.000000,0.000000
ATRPct14,atr_pct_14_low,compressed_up,long,30m,DISCOVERY_REJECTED,31595,23082,0.420347,-4.579653,-7.079653,-9.579653,43.329641,0.753592,0.420347,-0.500000,-10.975091,-5.227177,false,false,false,0.000000,100.000000,0.000000
CompositeRegime,trend_up,trend_up,short,5m,DISCOVERY_REJECTED,120660,57289,0.419832,-4.580168,-7.080168,-9.580168,41.143710,0.611135,0.419832,1.100000,-6.693625,-5.106193,false,false,false,0.000000,0.000000,0.000000
ETHContext60,eth_flat,trend_down,short,5m,DISCOVERY_REJECTED,39989,25593,0.416975,-4.583025,-7.083025,-9.583025,36.462527,0.579227,0.416975,-0.500000,-7.275318,-5.091094,false,false,false,0.000000,0.000000,0.000000
VolumeRatio20,volume_ratio_high,compressed_up,long,30m,DISCOVERY_REJECTED,10023,9362,0.415472,-4.584528,-7.084528,-9.584528,43.879078,0.809043,0.415472,-1.300000,-17.848658,-8.034049,false,false,false,0.000000,66.491363,100.000000
BTCContext60,btc_flat,trend_down,long,15m,DISCOVERY_REJECTED,43905,28497,0.414244,-4.585756,-7.085756,-9.585756,43.931215,0.701788,0.414244,1.300000,-12.978073,-5.477728,false,false,false,0.000000,100.000000,0.000000
ETHContext60,eth_up,trend_up,short,5m,DISCOVERY_REJECTED,38223,25072,0.411673,-4.588327,-7.088327,-9.588327,40.836669,0.589617,0.411673,1.100000,-7.562895,-5.260900,false,false,false,0.000000,0.000000,0.000000
BTCContext60,btc_down,compressed_down,long,60m,DISCOVERY_REJECTED,28763,23014,0.411437,-4.588563,-7.088563,-9.588563,48.159093,0.860103,0.411437,2.300000,-13.253600,-6.549850,false,false,false,0.000000,20.631305,0.000000
VolumeRatio20,volume_ratio_high,compressed_up,short,240m,DISCOVERY_REJECTED,10023,9362,0.411355,-4.588645,-7.088645,-9.588645,48.199142,0.926318,0.411355,0.000000,-65.265514,-11.615472,false,false,false,0.000000,30.329850,78.084225
TakerBuyRatio,taker_balanced,trend_up,long,120m,DISCOVERY_REJECTED,15926,13764,0.411345,-4.588655,-7.088655,-9.588655,45.698857,0.902866,0.411345,-3.100000,-17.948775,-12.989585,false,false,false,100.000000,82.374936,100.000000
CloseRelativeEMA20,below_ema20,trend_down,long,240m,DISCOVERY_REJECTED,54135,34965,0.409758,-4.590242,-7.090242,-9.590242,50.536621,0.931078,0.409758,6.600000,-36.451096,-10.789007,false,false,false,0.000000,23.928174,40.603042
TakerBuyRatio,taker_sell_heavy_strong,trend_up,long,120m,DISCOVERY_REJECTED,28559,22518,0.407454,-4.592546,-7.092546,-9.592546,45.439266,0.886190,0.407454,-2.400000,-22.414608,-7.586562,false,false,false,0.000000,68.518112,100.000000
ATRPct14,atr_pct_14_low,compressed_up,long,240m,DISCOVERY_REJECTED,31595,23082,0.407073,-4.592927,-7.092927,-9.592927,48.131033,0.912768,0.407073,0.800000,-54.120754,-6.886029,false,false,false,0.000000,26.174766,76.106396
ETHContext60,eth_up,compressed_down,long,30m,DISCOVERY_REJECTED,1561,1464,0.404761,-4.595239,-7.095239,-9.595239,47.085202,0.840047,0.404761,0.700000,-50.684562,-9.319834,false,false,false,100.000000,63.344627,100.000000
TakerBuyRatio,taker_sell_heavy_strong,trend_down,long,30m,DISCOVERY_REJECTED,32354,24211,0.404056,-4.595944,-7.095944,-9.595944,48.052791,0.803166,0.404056,3.000000,-12.893020,-5.800790,false,false,false,0.000000,85.128528,0.000000
VolumeRatio20,volume_ratio_normal,compressed_down,long,120m,DISCOVERY_REJECTED,14733,12999,0.402530,-4.597470,-7.097470,-9.597470,48.740922,0.911784,0.402530,2.100000,-30.760359,-8.915703,false,false,false,100.000000,39.541794,62.457405
VolumeRatio20,volume_ratio_normal,compressed_down,short,5m,DISCOVERY_REJECTED,14733,12999,0.399291,-4.600709,-7.100709,-9.600709,39.767868,0.670999,0.399291,-0.800000,-9.629234,-5.555478,false,false,false,0.000000,0.000000,0.000000
TakerBuyRatio,taker_sell_heavy_strong,range,long,5m,DISCOVERY_REJECTED,64482,47166,0.396784,-4.603216,-7.103216,-9.603216,37.719053,0.563352,0.396784,0.000000,-6.245831,-5.203739,false,false,false,0.000000,0.000000,0.000000
ETHContext60,eth_down_strong,compressed_down,long,60m,DISCOVERY_REJECTED,11580,9296,0.396606,-4.603394,-7.103394,-9.603394,49.162349,0.895828,0.396606,3.500000,-29.185009,-8.630530,false,false,false,0.000000,33.846898,88.269555
Return15,return15_up,trend_up,short,60m,DISCOVERY_REJECTED,66825,41220,0.396498,-4.603502,-7.103502,-9.603502,48.779648,0.834464,0.396498,3.500000,-12.576605,-6.344720,false,false,false,0.000000,51.122739,0.000000
VolumeRatio20,volume_ratio_low,range,long,30m,DISCOVERY_REJECTED,94356,64836,0.393159,-4.606841,-7.106841,-9.606841,45.133325,0.786796,0.393159,0.400000,-8.025505,-5.247627,false,false,false,0.000000,0.000000,0.000000
Return15,return15_flat,trend_down,short,120m,DISCOVERY_REJECTED,21667,16887,0.392982,-4.607018,-7.107018,-9.607018,44.823926,0.867392,0.392982,-2.400000,-21.535493,-8.271699,false,false,false,0.000000,64.336658,100.000000
TrendSlope20,slope_up_strong,range,long,120m,DISCOVERY_REJECTED,60984,35788,0.391847,-4.608153,-7.108153,-9.608153,48.322511,0.890988,0.391847,2.100000,-16.161063,-5.832045,false,false,false,51.582344,33.322194,100.000000
SessionUTC,us,range,long,240m,DISCOVERY_REJECTED,66624,31478,0.388418,-4.611582,-7.111582,-9.611582,49.111431,0.929639,0.388418,2.400000,-52.850175,-10.716110,false,false,false,80.766949,27.531939,62.671188
TakerBuyRatio,taker_sell_heavy,range,long,30m,DISCOVERY_REJECTED,41900,34274,0.387409,-4.612591,-7.112591,-9.612591,45.572792,0.805610,0.387409,0.500000,-7.431315,-6.628981,false,false,false,0.000000,100.000000,0.000000
Return15,return15_up,trend_up,short,5m,DISCOVERY_REJECTED,66825,41220,0.387029,-4.612971,-7.112971,-9.612971,40.644968,0.555499,0.387029,1.200000,-7.343348,-5.102615,false,false,false,0.000000,0.000000,0.000000
SessionUTC,europe,range,long,15m,DISCOVERY_REJECTED,61231,27836,0.386202,-4.613798,-7.113798,-9.613798,42.310268,0.696494,0.386202,0.000000,-8.347026,-5.054980,false,false,false,0.000000,0.000000,0.000000
RealizedVol60,realized_vol_60_low,trend_up,short,5m,DISCOVERY_REJECTED,105546,50932,0.385234,-4.614766,-7.114766,-9.614766,40.250696,0.553976,0.385234,1.100000,-6.679338,-5.064898,false,false,false,0.000000,0.000000,0.000000
Return15,return15_flat,trend_down,short,60m,DISCOVERY_REJECTED,21667,16887,0.385069,-4.614931,-7.114931,-9.614931,42.502423,0.815577,0.385069,-2.800000,-15.379038,-6.057770,false,false,false,0.000000,51.745601,0.000000
CloseRelativeEMA20,near_ema20,trend_up,short,15m,DISCOVERY_REJECTED,51603,33500,0.384387,-4.615613,-7.115613,-9.615613,42.629304,0.659981,0.384387,1.100000,-6.813811,-5.457278,false,false,false,0.000000,0.000000,0.000000
BBWidthPctRank60,bb_width_mid,trend_up,short,15m,DISCOVERY_REJECTED,57180,37750,0.382672,-4.617328,-7.117328,-9.617328,45.759007,0.728549,0.382672,2.000000,-8.296871,-5.332784,false,false,false,0.000000,0.000000,0.000000
SessionUTC,asia,trend_up,long,30m,DISCOVERY_REJECTED,36588,17818,0.380662,-4.619338,-7.119338,-9.619338,41.989177,0.791665,0.380662,-2.200000,-10.452495,-5.406820,false,false,false,0.000000,69.956334,0.000000
ATRPct14,atr_pct_14_mid,compressed_down,short,30m,DISCOVERY_REJECTED,14955,11158,0.380355,-4.619645,-7.119645,-9.619645,46.419258,0.875275,0.380355,-1.600000,-21.314251,-5.950953,false,false,false,0.000000,37.797207,100.000000
VolumeRatio20,volume_ratio_low,compressed_down,short,60m,DISCOVERY_REJECTED,15215,13295,0.380237,-4.619763,-7.119763,-9.619763,45.783766,0.871755,0.380237,-1.900000,-28.028518,-6.179901,false,false,false,0.000000,27.769291,100.000000
ETHContext60,eth_down_strong,trend_up,short,5m,DISCOVERY_REJECTED,1665,1438,0.379656,-4.620344,-7.120344,-9.620344,43.543544,0.729156,0.379656,0.400000,-19.886999,-7.704906,false,false,false,0.000000,24.048288,0.000000
SessionUTC,asia,trend_down,long,15m,DISCOVERY_REJECTED,33470,16334,0.377777,-4.622223,-7.122223,-9.622223,45.616970,0.751672,0.377777,1.900000,-11.168236,-5.444022,false,false,false,0.000000,85.440335,0.000000
TakerBuyRatio,taker_balanced,compressed_up,long,15m,DISCOVERY_REJECTED,6687,6271,0.376564,-4.623436,-7.123436,-9.623436,42.530283,0.764230,0.376564,-1.200000,-11.491046,-5.939877,false,false,false,0.000000,87.631922,0.000000
TakerBuyRatio,taker_sell_heavy_strong,trend_up,short,30m,DISCOVERY_REJECTED,28559,22518,0.376025,-4.623975,-7.123975,-9.623975,46.920410,0.777716,0.376025,2.200000,-8.607897,-5.506540,false,false,false,0.000000,0.000000,0.000000
VolumeRatio20,volume_ratio_normal,compressed_down,short,30m,DISCOVERY_REJECTED,14733,12999,0.375093,-4.624907,-7.124907,-9.624907,43.948958,0.832146,0.375093,-2.200000,-16.560636,-6.062479,false,false,false,0.000000,28.871332,0.000000
TakerBuyRatio,taker_balanced,trend_down,short,5m,DISCOVERY_REJECTED,15801,13594,0.374955,-4.625045,-7.125045,-9.625045,39.263338,0.694071,0.374955,-1.000000,-9.295519,-5.916485,false,false,false,0.000000,76.847088,0.000000
TakerBuyRatio,taker_sell_heavy_strong,trend_up,long,5m,DISCOVERY_REJECTED,28559,22518,0.372783,-4.627217,-7.127217,-9.627217,36.058686,0.573317,0.372783,-0.600000,-6.503398,-5.575825,false,false,false,0.000000,0.000000,0.000000
CloseRelativeEMA20,near_ema20,range,long,120m,DISCOVERY_REJECTED,122555,70127,0.370549,-4.629451,-7.129451,-9.629451,47.198401,0.869220,0.370549,0.800000,-13.895163,-6.960562,false,false,false,0.000000,38.152730,0.000000
CloseRelativeEMA20,above_ema20_strong,trend_up,long,15m,DISCOVERY_REJECTED,12304,9129,0.369600,-4.630400,-7.130400,-9.630400,42.254551,0.855196,0.369600,-7.700000,-15.821295,-7.569463,false,false,false,0.000000,48.066119,100.000000
BTCContext60,btc_flat,trend_down,long,60m,DISCOVERY_REJECTED,43905,28497,0.369399,-4.630601,-7.130601,-9.630601,47.896595,0.832160,0.369399,2.700000,-17.299003,-5.926124,false,false,false,0.000000,33.765532,0.000000
RealizedVol60,realized_vol_60_low,trend_down,long,15m,DISCOVERY_REJECTED,99011,47972,0.367563,-4.632437,-7.132437,-9.632437,45.764612,0.710336,0.367563,2.100000,-9.004139,-5.167717,false,false,false,0.000000,0.000000,0.000000
Return15,return15_down,trend_up,long,5m,DISCOVERY_REJECTED,2286,2245,0.366520,-4.633480,-7.133480,-9.633480,41.032371,0.671741,0.366520,-0.600000,-14.606615,-7.766140,false,false,false,0.000000,49.206896,0.000000
TakerBuyRatio,taker_buy_heavy_strong,range,short,15m,DISCOVERY_REJECTED,60588,45105,0.365138,-4.634862,-7.134862,-9.634862,42.285601,0.694047,0.365138,0.000000,-6.367452,-5.104550,false,false,false,0.000000,0.000000,0.000000
RealizedVol60,realized_vol_60_low,trend_up,long,240m,DISCOVERY_REJECTED,105546,50932,0.363587,-4.636413,-7.136413,-9.636413,46.735073,0.915604,0.363587,-2.700000,-28.553109,-9.305995,false,false,false,0.000000,35.810703,86.806281
TakerBuyRatio,taker_buy_heavy,compressed_down,short,15m,DISCOVERY_REJECTED,7157,6698,0.362190,-4.637810,-7.137810,-9.637810,43.817242,0.781995,0.362190,-0.500000,-13.104727,-7.527285,false,false,false,0.000000,65.205207,0.000000
SessionUTC,late_us,range,long,30m,DISCOVERY_REJECTED,39572,18660,0.362100,-4.637900,-7.137900,-9.637900,44.923178,0.779767,0.362100,0.400000,-13.734130,-7.138899,false,false,false,0.000000,100.000000,0.000000
Return15,return15_flat,trend_down,short,15m,DISCOVERY_REJECTED,21667,16887,0.361431,-4.638569,-7.138569,-9.638569,39.239396,0.669654,0.361431,-0.900000,-8.649068,-6.565428,false,false,false,0.000000,100.000000,0.000000
Return15,return15_down,trend_down,short,5m,DISCOVERY_REJECTED,64104,39511,0.360815,-4.639185,-7.139185,-9.639185,37.606078,0.589894,0.360815,-0.800000,-6.355570,-5.215388,false,false,false,0.000000,0.000000,0.000000
VolumeRatio20,volume_ratio_low,trend_up,short,5m,DISCOVERY_REJECTED,38909,29272,0.360167,-4.639833,-7.139833,-9.639833,39.980467,0.574223,0.360167,0.900000,-7.448303,-5.392924,false,false,false,0.000000,0.000000,0.000000
TrendSlope20,slope_down,compressed_down,long,30m,DISCOVERY_REJECTED,3761,3427,0.359420,-4.640580,-7.140580,-9.640580,47.806434,0.840063,0.359420,2.300000,-23.620621,-23.326563,false,false,false,83.509407,26.501161,100.000000
SessionUTC,asia,trend_down,long,30m,DISCOVERY_REJECTED,33470,16334,0.358897,-4.641103,-7.141103,-9.641103,48.105766,0.810790,0.358897,3.100000,-21.630211,-5.624382,false,false,false,0.000000,41.792180,100.000000
ETHContext60,eth_down_strong,trend_up,short,15m,DISCOVERY_REJECTED,1665,1438,0.357629,-4.642371,-7.142371,-9.642371,47.627628,0.829735,0.357629,2.500000,-25.388280,-10.817642,false,false,false,95.522256,33.170091,100.000000
Return15,return15_down,compressed_down,long,5m,DISCOVERY_REJECTED,11217,10153,0.357160,-4.642840,-7.142840,-9.642840,44.209682,0.672211,0.357160,1.400000,-9.168849,-5.879613,false,false,false,0.000000,100.000000,0.000000
TrendSlope20,slope_up_strong,trend_up,short,5m,DISCOVERY_REJECTED,68487,34304,0.356914,-4.643086,-7.143086,-9.643086,40.555142,0.597374,0.356914,1.000000,-6.584786,-10.098650,false,false,false,100.000000,0.000000,0.000000
BBWidthPctRank60,bb_width_mid,range,long,60m,DISCOVERY_REJECTED,124950,76776,0.356810,-4.643190,-7.143190,-9.643190,46.733894,0.851106,0.356810,0.700000,-9.188770,-5.816958,false,false,false,0.000000,52.540449,0.000000
TrendSlope20,slope_flat,compressed_down,short,120m,DISCOVERY_REJECTED,13339,10268,0.356622,-4.643378,-7.143378,-9.643378,47.117475,0.910423,0.356622,-1.600000,-49.507649,-117.896265,false,false,false,100.000000,23.101742,100.000000
ETHContext60,eth_flat,trend_down,short,60m,DISCOVERY_REJECTED,39989,25593,0.355842,-4.644158,-7.144158,-9.644158,42.916802,0.835728,0.355842,-3.500000,-11.720987,-6.723102,false,false,false,0.000000,71.019507,0.000000
ATRPct14,atr_pct_14_low,trend_down,short,60m,DISCOVERY_REJECTED,71298,37426,0.355336,-4.644664,-7.144664,-9.644664,43.029257,0.811344,0.355336,-2.800000,-10.245835,-5.776780,false,false,false,0.000000,79.098545,0.000000
Return15,return15_up,compressed_up,short,15m,DISCOVERY_REJECTED,14229,12419,0.354671,-4.645329,-7.145329,-9.645329,45.758662,0.745867,0.354671,1.400000,-8.589321,-6.181566,false,false,false,0.000000,64.094115,0.000000
BTCContext60,btc_up_strong,compressed_up,long,15m,DISCOVERY_REJECTED,12427,9282,0.354181,-4.645819,-7.145819,-9.645819,42.906574,0.786627,0.354181,-1.700000,-11.203936,-5.949924,false,false,false,0.000000,37.267351,0.000000
BTCContext60,btc_up,range,short,60m,DISCOVERY_REJECTED,50840,36199,0.353022,-4.646978,-7.146978,-9.646978,46.955153,0.848173,0.353022,1.000000,-16.291237,-6.620010,false,false,false,0.000000,65.649701,0.000000
CloseRelativeEMA20,near_ema20,compressed_up,long,30m,DISCOVERY_REJECTED,30161,23507,0.351388,-4.648612,-7.148612,-9.648612,43.632506,0.776282,0.351388,-0.700000,-9.135458,-5.661723,false,false,false,0.000000,81.395272,0.000000
TakerBuyRatio,taker_sell_heavy_strong,trend_down,short,5m,DISCOVERY_REJECTED,32354,24211,0.351019,-4.648981,-7.148981,-9.648981,37.367868,0.631882,0.351019,-0.900000,-10.568707,-5.526457,false,false,false,0.000000,100.000000,0.000000
RealizedVol60,realized_vol_60_mid,compressed_up,long,5m,DISCOVERY_REJECTED,9772,6723,0.348754,-4.651246,-7.151246,-9.651246,44.115841,0.754302,0.348754,-0.700000,-12.329016,-6.427012,false,false,false,0.000000,53.984838,100.000000
TakerBuyRatio,taker_sell_heavy,range,long,5m,DISCOVERY_REJECTED,41900,34274,0.348659,-4.651341,-7.151341,-9.651341,39.424821,0.619149,0.348659,0.000000,-6.498338,-5.335643,false,false,false,0.000000,0.000000,0.000000
ETHContext60,eth_down,trend_up,short,30m,DISCOVERY_REJECTED,11162,8904,0.348379,-4.651621,-7.151621,-9.651621,46.747895,0.814775,0.348379,1.600000,-11.968054,-7.743242,false,false,false,0.000000,52.597529,0.000000
RealizedVol60,realized_vol_60_low,trend_down,short,5m,DISCOVERY_REJECTED,99011,47972,0.346114,-4.653886,-7.153886,-9.653886,37.160518,0.583854,0.346114,-0.700000,-6.763511,-5.085284,false,false,false,0.000000,0.000000,0.000000
VolumeRatio20,volume_ratio_normal,trend_up,short,5m,DISCOVERY_REJECTED,45584,32228,0.343378,-4.656622,-7.156622,-9.656622,41.453141,0.612087,0.343378,1.100000,-7.394648,-5.535949,false,false,false,0.000000,0.000000,0.000000
Return15,return15_flat,range,short,5m,DISCOVERY_REJECTED,69421,46659,0.342675,-4.657325,-7.157325,-9.657325,35.980467,0.504535,0.342675,0.000000,-7.057247,-4.970188,false,false,false,0.000000,0.000000,0.000000
ETHContext60,eth_down,trend_down,long,15m,DISCOVERY_REJECTED,36425,24133,0.342480,-4.657520,-7.157520,-9.657520,45.836651,0.728049,0.342480,1.900000,-12.732173,-5.467492,false,false,false,0.000000,0.000000,0.000000
BBWidthPctRank60,bb_width_low,range,long,30m,DISCOVERY_REJECTED,52222,39805,0.341612,-4.658388,-7.158388,-9.658388,44.542530,0.765046,0.341612,0.100000,-7.692221,-5.760271,false,false,false,0.000000,0.000000,0.000000
ETHContext60,eth_up,trend_down,long,60m,DISCOVERY_REJECTED,10576,8702,0.340110,-4.659890,-7.159890,-9.659890,47.948185,0.847965,0.340110,2.500000,-31.045214,-7.255788,false,false,false,0.000000,26.742014,100.000000
CloseRelativeEMA20,below_ema20,range,long,60m,DISCOVERY_REJECTED,51248,36653,0.338596,-4.661404,-7.161404,-9.661404,47.215501,0.859191,0.338596,0.800000,-13.216467,-6.637179,false,false,false,0.000000,43.501372,0.000000
ETHContext60,eth_up_strong,range,long,5m,DISCOVERY_REJECTED,17543,13106,0.337872,-4.662128,-7.162128,-9.662128,40.568888,0.678562,0.337872,-0.600000,-10.668565,-5.349606,false,false,false,0.000000,0.000000,0.000000
ETHContext60,eth_flat,compressed_down,long,120m,DISCOVERY_REJECTED,9366,7741,0.334864,-4.665136,-7.165136,-9.665136,48.451847,0.891391,0.334864,2.100000,-27.877596,-7.458471,false,false,false,78.996065,23.953556,96.261970
CompositeRegime,trend_up,trend_up,short,15m,DISCOVERY_REJECTED,120660,57289,0.333979,-4.666021,-7.166021,-9.666021,45.959722,0.731145,0.333979,2.200000,-8.111324,-5.026572,false,false,false,0.000000,0.000000,0.000000
TrendSlope20,slope_flat,trend_up,short,60m,DISCOVERY_REJECTED,33335,17630,0.331828,-4.668172,-7.168172,-9.668172,49.419529,0.843242,0.331828,4.300000,-15.605998,-19.680524,false,false,false,100.000000,42.969381,0.000000
VolumeRatio20,volume_ratio_normal,compressed_down,long,15m,DISCOVERY_REJECTED,14733,12999,0.329213,-4.670787,-7.170787,-9.670787,46.182040,0.773689,0.329213,1.800000,-9.285800,-7.622395,false,false,false,0.000000,58.361280,0.000000
ATRPct14,atr_pct_14_low,trend_up,long,240m,DISCOVERY_REJECTED,80850,41538,0.329028,-4.670972,-7.170972,-9.670972,46.614719,0.905344,0.329028,-2.200000,-32.600176,-8.147163,false,false,false,0.000000,29.451147,83.138218
BTCContext60,btc_up,compressed_up,long,240m,DISCOVERY_REJECTED,35294,26890,0.328344,-4.671656,-7.171656,-9.671656,48.339661,0.924870,0.328344,0.650000,-43.844921,-8.505612,false,false,false,0.000000,34.530501,49.306689
TrendSlope20,slope_flat,compressed_down,short,5m,DISCOVERY_REJECTED,13339,10268,0.327939,-4.672061,-7.172061,-9.672061,40.572757,0.659369,0.327939,0.000000,-10.165516,-6.520011,false,false,false,0.000000,0.000000,0.000000
BBWidthPctRank60,bb_width_low,trend_down,short,240m,DISCOVERY_REJECTED,14627,12488,0.326402,-4.673598,-7.173598,-9.673598,46.701306,0.914958,0.326402,-3.100000,-41.744765,-11.577688,false,false,false,0.000000,25.098386,52.319001
BBWidthPctRank60,bb_width_high,range,short,60m,DISCOVERY_REJECTED,60561,48988,0.322997,-4.677003,-7.177003,-9.677003,45.712587,0.851810,0.322997,-0.600000,-17.575783,-7.471672,false,false,false,0.000000,70.978145,0.000000
ETHContext60,eth_flat,trend_up,short,5m,DISCOVERY_REJECTED,44266,27627,0.322112,-4.677888,-7.177888,-9.677888,39.529210,0.546334,0.322112,1.100000,-6.088891,-5.899096,false,false,false,0.000000,0.000000,0.000000
TrendSlope20,slope_up_strong,range,short,240m,DISCOVERY_REJECTED,60984,35788,0.320707,-4.679293,-7.179293,-9.679293,47.215663,0.921300,0.320707,-2.100000,-25.924669,-356.421329,false,false,false,0.000000,44.855183,94.102462
Return15,return15_down,trend_down,long,60m,DISCOVERY_REJECTED,64104,39511,0.320624,-4.679376,-7.179376,-9.679376,49.103020,0.839499,0.320624,3.900000,-15.096170,-6.064928,false,false,false,0.000000,34.853122,0.000000
TakerBuyRatio,taker_balanced,trend_up,short,15m,DISCOVERY_REJECTED,15926,13764,0.318195,-4.681805,-7.181805,-9.681805,46.935828,0.755185,0.318195,2.400000,-9.339485,-6.771735,false,false,false,0.000000,0.000000,0.000000
BBWidthPctRank60,bb_width_low,compressed_up,long,15m,DISCOVERY_REJECTED,47721,32604,0.317825,-4.682175,-7.182175,-9.682175,42.438340,0.739194,0.317825,-0.800000,-7.653024,-5.432833,false,false,false,0.000000,0.000000,0.000000
CompositeRegime,compressed_up,compressed_up,long,15m,DISCOVERY_REJECTED,47721,32604,0.317825,-4.682175,-7.182175,-9.682175,42.438340,0.739194,0.317825,-0.800000,-7.653024,-5.432833,false,false,false,0.000000,0.000000,0.000000
BBWidthPctRank60,bb_width_low,compressed_down,long,60m,DISCOVERY_REJECTED,37900,27941,0.317788,-4.682212,-7.182212,-9.682212,48.419525,0.870244,0.317788,2.650000,-19.452307,-6.723048,false,false,false,0.000000,48.240208,100.000000
CompositeRegime,compressed_down,compressed_down,long,60m,DISCOVERY_REJECTED,37900,27941,0.317788,-4.682212,-7.182212,-9.682212,48.419525,0.870244,0.317788,2.650000,-19.452307,-6.723048,false,false,false,0.000000,48.240208,100.000000
CloseRelativeEMA20,below_ema20,trend_up,short,240m,DISCOVERY_REJECTED,1748,1700,0.315989,-4.684011,-7.184011,-9.684011,50.972540,0.942863,0.315989,9.050000,-71.932710,-22.395060,false,false,false,43.651853,32.558872,44.424326
ETHContext60,eth_flat,range,long,240m,DISCOVERY_REJECTED,99773,58953,0.315891,-4.684109,-7.184109,-9.684109,48.281599,0.912429,0.315891,1.000000,-23.262479,-8.659428,false,false,false,0.000000,35.781869,78.530415
RealizedVol60,realized_vol_60_mid,trend_up,long,60m,DISCOVERY_REJECTED,15023,8195,0.315657,-4.684343,-7.184343,-9.684343,44.618252,0.920956,0.315657,-10.400000,-29.221675,-10.132246,false,false,false,100.000000,34.288395,100.000000
ETHContext60,eth_flat,trend_up,short,30m,DISCOVERY_REJECTED,44266,27627,0.315487,-4.684513,-7.184513,-9.684513,46.850856,0.769129,0.315487,2.400000,-7.596242,-5.515880,false,false,false,0.000000,58.168016,0.000000
ETHContext60,eth_down,trend_down,long,120m,DISCOVERY_REJECTED,36425,24133,0.315261,-4.684739,-7.184739,-9.684739,49.606040,0.889459,0.315261,4.200000,-22.758586,-6.978462,false,false,false,0.000000,34.334942,88.107885
TrendSlope20,slope_flat,trend_down,long,15m,DISCOVERY_REJECTED,32441,17055,0.314106,-4.685894,-7.185894,-9.685894,46.114485,0.733510,0.314106,2.000000,-8.733986,-11.830484,false,false,false,0.000000,0.000000,0.000000
TakerBuyRatio,taker_sell_heavy,trend_up,short,15m,DISCOVERY_REJECTED,21621,17988,0.313482,-4.686518,-7.186518,-9.686518,46.491837,0.747134,0.313482,2.400000,-8.112394,-6.360477,false,false,false,0.000000,0.000000,0.000000
VolumeRatio20,volume_ratio_low,range,short,5m,DISCOVERY_REJECTED,94356,64836,0.312711,-4.687289,-7.187289,-9.687289,38.357921,0.577220,0.312711,0.000000,-5.818993,-4.839072,false,false,false,0.000000,0.000000,0.000000
BTCContext60,btc_flat,trend_down,long,120m,DISCOVERY_REJECTED,43905,28497,0.312071,-4.687929,-7.187929,-9.687929,48.803098,0.877399,0.312071,3.000000,-26.914447,-7.004058,false,false,false,0.000000,35.874362,0.000000
RealizedVol60,realized_vol_60_low,trend_up,short,15m,DISCOVERY_REJECTED,105546,50932,0.310421,-4.689579,-7.189579,-9.689579,45.283573,0.689398,0.310421,2.000000,-8.310671,-5.189328,false,false,false,0.000000,0.000000,0.000000
ETHContext60,eth_down,range,short,30m,DISCOVERY_REJECTED,50385,34896,0.309967,-4.690033,-7.190033,-9.690033,44.554927,0.796507,0.309967,-0.300000,-8.346479,-5.367078,false,false,false,0.000000,100.000000,0.000000
SessionUTC,europe,compressed_down,long,15m,DISCOVERY_REJECTED,7860,6073,0.309380,-4.690620,-7.190620,-9.690620,44.631043,0.739175,0.309380,0.800000,-13.164041,-6.365292,false,false,false,0.000000,41.879878,0.000000
SessionUTC,asia,trend_up,short,5m,DISCOVERY_REJECTED,36588,17818,0.308547,-4.691453,-7.191453,-9.691453,40.551547,0.588392,0.308547,1.000000,-6.821514,-5.212498,false,false,false,0.000000,0.000000,0.000000
ATRPct14,atr_pct_14_low,trend_up,long,60m,DISCOVERY_REJECTED,80850,41538,0.305554,-4.694446,-7.194446,-9.694446,42.973408,0.803887,0.305554,-2.450000,-13.969787,-5.996247,false,false,false,0.000000,0.000000,0.000000
BTCContext60,btc_up,compressed_up,long,15m,DISCOVERY_REJECTED,35294,26890,0.305024,-4.694976,-7.194976,-9.694976,42.273474,0.717299,0.305024,-0.500000,-7.654234,-5.246593,false,false,false,0.000000,0.000000,0.000000
BTCContext60,btc_flat,trend_up,short,15m,DISCOVERY_REJECTED,48622,30859,0.304842,-4.695158,-7.195158,-9.695158,44.185760,0.694996,0.304842,1.500000,-7.045633,-5.450662,false,false,false,0.000000,0.000000,0.000000
SessionUTC,europe,range,long,30m,DISCOVERY_REJECTED,61231,27836,0.304762,-4.695238,-7.195238,-9.695238,44.369682,0.767847,0.304762,0.000000,-11.121222,-5.428759,false,false,false,0.000000,0.000000,0.000000
VolumeRatio20,volume_ratio_normal,range,short,5m,DISCOVERY_REJECTED,87721,59480,0.304638,-4.695362,-7.195362,-9.695362,39.021443,0.590725,0.304638,0.000000,-7.175065,-5.039487,false,false,false,0.000000,0.000000,0.000000
TrendSlope20,slope_up,trend_up,short,30m,DISCOVERY_REJECTED,18838,12454,0.303221,-4.696779,-7.196779,-9.696779,48.794989,0.827076,0.303221,3.600000,-12.203505,-5.486845,false,false,false,100.000000,100.000000,0.000000
TrendSlope20,slope_flat,trend_up,short,120m,DISCOVERY_REJECTED,33335,17630,0.302688,-4.697312,-7.197312,-9.697312,49.617519,0.887643,0.302688,4.300000,-34.571313,-22.627338,false,false,false,95.786532,30.359734,100.000000
BTCContext60,btc_up,compressed_up,short,120m,DISCOVERY_REJECTED,35294,26890,0.297243,-4.702757,-7.202757,-9.702757,47.067490,0.890963,0.297243,-0.200000,-29.083516,-5.866686,false,false,false,0.000000,35.765979,62.378351
ETHContext60,eth_down,trend_down,long,60m,DISCOVERY_REJECTED,36425,24133,0.297231,-4.702769,-7.202769,-9.702769,49.073439,0.848470,0.297231,3.700000,-13.717963,-5.637042,false,false,false,0.000000,24.465944,0.000000
BBWidthPctRank60,bb_width_low,compressed_down,long,15m,DISCOVERY_REJECTED,37900,27941,0.294090,-4.705910,-7.205910,-9.705910,45.583113,0.765873,0.294090,1.300000,-9.299987,-5.115339,false,false,false,0.000000,100.000000,0.000000
CompositeRegime,compressed_down,compressed_down,long,15m,DISCOVERY_REJECTED,37900,27941,0.294090,-4.705910,-7.205910,-9.705910,45.583113,0.765873,0.294090,1.300000,-9.299987,-5.115339,false,false,false,0.000000,100.000000,0.000000
TrendSlope20,slope_up_strong,compressed_down,short,120m,DISCOVERY_REJECTED,7930,6987,0.293094,-4.706906,-7.206906,-9.706906,46.784363,0.900754,0.293094,-1.200000,-22.209116,-103.406866,false,false,false,0.000000,24.525872,77.638377
VolumeRatio20,volume_ratio_low,trend_down,short,5m,DISCOVERY_REJECTED,40070,29660,0.292944,-4.707056,-7.207056,-9.707056,37.976042,0.620156,0.292944,-0.600000,-6.545407,-5.328214,false,false,false,0.000000,0.000000,0.000000
SessionUTC,europe,range,short,120m,DISCOVERY_REJECTED,61231,27836,0.291189,-4.708811,-7.208811,-9.708811,47.872810,0.882260,0.291189,1.200000,-18.200544,-9.055268,false,false,false,0.000000,57.731628,0.000000
ATRPct14,atr_pct_14_low,trend_down,long,30m,DISCOVERY_REJECTED,71298,37426,0.288111,-4.711889,-7.211889,-9.711889,46.783921,0.738053,0.288111,2.400000,-11.125768,-5.080017,false,false,false,0.000000,0.000000,0.000000
VolumeRatio20,volume_ratio_high,range,long,60m,DISCOVERY_REJECTED,55634,43212,0.287584,-4.712416,-7.212416,-9.712416,46.072546,0.842902,0.287584,0.000000,-9.360524,-5.688257,false,false,false,0.000000,83.202616,0.000000
BTCContext60,btc_down,range,long,120m,DISCOVERY_REJECTED,48253,34843,0.287200,-4.712800,-7.212800,-9.712800,48.888152,0.894758,0.287200,2.900000,-18.027052,-6.113801,false,false,false,0.000000,29.204441,0.000000
BBWidthPctRank60,bb_width_mid,trend_up,short,5m,DISCOVERY_REJECTED,57180,37750,0.287097,-4.712903,-7.212903,-9.712903,40.421476,0.592234,0.287097,0.800000,-6.596644,-5.301434,false,false,false,0.000000,0.000000,0.000000
TrendSlope20,slope_up_strong,compressed_up,long,120m,DISCOVERY_REJECTED,12648,10219,0.285186,-4.714814,-7.214814,-9.714814,47.722960,0.893183,0.285186,0.700000,-34.317427,-11.407535,false,false,false,64.346650,30.685249,58.010471
VolumeRatio20,volume_ratio_normal,trend_up,short,30m,DISCOVERY_REJECTED,45584,32228,0.282276,-4.717724,-7.217724,-9.717724,47.777729,0.800249,0.282276,2.800000,-9.745501,-5.698614,false,false,false,0.000000,0.000000,0.000000
VolumeRatio20,volume_ratio_high,trend_down,short,30m,DISCOVERY_REJECTED,33415,25511,0.281172,-4.718828,-7.218828,-9.718828,41.882388,0.824425,0.281172,-3.500000,-19.104402,-5.606772,false,false,false,0.000000,35.183940,0.000000
Return15,return15_up,compressed_up,short,30m,DISCOVERY_REJECTED,14229,12419,0.281035,-4.718965,-7.218965,-9.718965,47.684307,0.811982,0.281035,2.400000,-13.932092,-6.264539,false,false,false,0.000000,35.845654,0.000000
CloseRelativeEMA20,near_ema20,compressed_down,short,15m,DISCOVERY_REJECTED,22983,18922,0.280228,-4.719772,-7.219772,-9.719772,42.392203,0.726118,0.280228,-0.600000,-11.379340,-5.406904,false,false,false,0.000000,0.000000,0.000000
TakerBuyRatio,taker_buy_heavy_strong,range,long,30m,DISCOVERY_REJECTED,60588,45105,0.279985,-4.720015,-7.220015,-9.720015,44.386677,0.767723,0.279985,0.000000,-8.773107,-5.776226,false,false,false,0.000000,0.000000,0.000000
ETHContext60,eth_up_strong,compressed_up,long,5m,DISCOVERY_REJECTED,15140,11284,0.279940,-4.720060,-7.220060,-9.720060,40.099075,0.664809,0.279940,-0.600000,-9.544294,-5.884347,false,false,false,0.000000,100.000000,0.000000
TrendSlope20,slope_flat,trend_down,short,60m,DISCOVERY_REJECTED,32441,17055,0.278279,-4.721721,-7.221721,-9.721721,43.719367,0.851149,0.278279,-3.600000,-17.537271,-5.992037,false,false,false,63.549620,77.259087,0.000000
TakerBuyRatio,taker_sell_heavy_strong,range,long,30m,DISCOVERY_REJECTED,64482,47166,0.277460,-4.722540,-7.222540,-9.722540,44.736516,0.769793,0.277460,0.400000,-7.187411,-6.075579,false,false,false,0.000000,100.000000,0.000000
BTCContext60,btc_up_strong,compressed_up,long,5m,DISCOVERY_REJECTED,12427,9282,0.277283,-4.722717,-7.222717,-9.722717,40.822403,0.681938,0.277283,-0.400000,-10.908288,-5.394875,false,false,false,0.000000,47.604816,0.000000
VolumeRatio20,volume_ratio_normal,compressed_up,short,15m,DISCOVERY_REJECTED,19087,16220,0.275456,-4.724544,-7.224544,-9.724544,45.172107,0.739942,0.275456,1.400000,-9.106283,-5.690405,false,false,false,0.000000,100.000000,0.000000
TrendSlope20,slope_up,trend_up,long,60m,DISCOVERY_REJECTED,18838,12454,0.275397,-4.724603,-7.224603,-9.724603,43.698906,0.872671,0.275397,-5.000000,-13.378974,-17.244745,false,false,false,0.000000,81.665066,100.000000
ETHContext60,eth_down,range,short,5m,DISCOVERY_REJECTED,50385,34896,0.275340,-4.724660,-7.224660,-9.724660,38.515431,0.597518,0.275340,0.000000,-7.809050,-5.148458,false,false,false,0.000000,0.000000,0.000000
BBWidthPctRank60,bb_width_low,trend_down,short,5m,DISCOVERY_REJECTED,14627,12488,0.274164,-4.725836,-7.225836,-9.725836,36.835988,0.550745,0.274164,0.000000,-9.319248,-5.391375,false,false,false,0.000000,0.000000,0.000000
TrendSlope20,slope_down_strong,compressed_down,short,5m,DISCOVERY_REJECTED,9731,8341,0.273515,-4.726485,-7.226485,-9.726485,38.865481,0.642006,0.273515,-0.900000,-10.103057,-6.186531,false,false,false,100.000000,0.000000,0.000000
VolumeRatio20,volume_ratio_high,compressed_up,short,5m,DISCOVERY_REJECTED,10023,9362,0.272758,-4.727242,-7.227242,-9.727242,40.586651,0.602677,0.272758,0.500000,-8.264318,-5.353393,false,false,false,0.000000,0.000000,0.000000
ATRPct14,atr_pct_14_mid,range,long,15m,DISCOVERY_REJECTED,68277,38332,0.271806,-4.728194,-7.228194,-9.728194,46.062364,0.807203,0.271806,0.000000,-8.892053,-5.830222,false,false,false,0.000000,0.000000,0.000000
VolumeRatio20,volume_ratio_normal,trend_up,short,15m,DISCOVERY_REJECTED,45584,32228,0.269047,-4.730953,-7.230953,-9.730953,46.128027,0.733527,0.269047,2.200000,-8.912025,-5.218767,false,false,false,0.000000,0.000000,0.000000
RealizedVol60,realized_vol_60_low,compressed_up,long,30m,DISCOVERY_REJECTED,37813,26821,0.267822,-4.732178,-7.232178,-9.732178,43.720414,0.764753,0.267822,-0.600000,-9.193814,-6.146997,false,false,false,0.000000,100.000000,0.000000
TrendSlope20,slope_up,trend_up,short,5m,DISCOVERY_REJECTED,18838,12454,0.266350,-4.733650,-7.233650,-9.733650,42.897335,0.655752,0.266350,1.300000,-8.455534,-6.982609,false,false,false,0.000000,100.000000,0.000000
VolumeRatio20,volume_ratio_low,range,long,60m,DISCOVERY_REJECTED,94356,64836,0.265109,-4.734891,-7.234891,-9.734891,46.859765,0.842329,0.265109,1.100000,-9.453275,-5.963397,false,false,false,0.000000,90.121302,0.000000
ETHContext60,eth_up,range,long,30m,DISCOVERY_REJECTED,53353,36724,0.264773,-4.735227,-7.235227,-9.735227,44.231815,0.780687,0.264773,-0.300000,-8.255703,-5.259792,false,false,false,0.000000,100.000000,0.000000
TakerBuyRatio,taker_balanced,trend_up,short,30m,DISCOVERY_REJECTED,15926,13764,0.263927,-4.736073,-7.236073,-9.736073,48.103730,0.815126,0.263927,3.000000,-11.873858,-7.957984,false,false,false,0.000000,100.000000,0.000000
TrendSlope20,slope_down_strong,compressed_down,long,120m,DISCOVERY_REJECTED,9731,8341,0.261689,-4.738311,-7.238311,-9.738311,49.337170,0.901540,0.261689,3.900000,-37.660928,-7.626290,false,false,false,100.000000,28.841765,67.343231
VolumeRatio20,volume_ratio_normal,range,short,30m,DISCOVERY_REJECTED,87721,59480,0.259524,-4.740476,-7.240476,-9.740476,44.793151,0.790154,0.259524,0.000000,-8.587391,-5.151949,false,false,false,0.000000,0.000000,0.000000
CloseRelativeEMA20,above_ema20,compressed_up,short,5m,DISCOVERY_REJECTED,10988,9527,0.259506,-4.740494,-7.240494,-9.740494,43.556607,0.651893,0.259506,0.800000,-8.904520,-6.067638,false,false,false,0.000000,100.000000,0.000000
SessionUTC,us,compressed_down,short,15m,DISCOVERY_REJECTED,13459,9794,0.257985,-4.742015,-7.242015,-9.742015,43.881418,0.789654,0.257985,-1.400000,-13.960970,-6.808620,false,false,false,0.000000,45.518998,100.000000
BTCContext60,btc_flat,trend_down,short,5m,DISCOVERY_REJECTED,43905,28497,0.256822,-4.743178,-7.243178,-9.743178,36.364879,0.561882,0.256822,-0.400000,-8.939825,-5.112616,false,false,false,0.000000,100.000000,0.000000
ETHContext60,eth_flat,compressed_up,long,15m,DISCOVERY_REJECTED,12086,9678,0.256706,-4.743294,-7.243294,-9.743294,42.222406,0.708115,0.256706,-0.400000,-9.623859,-5.579071,false,false,false,0.000000,100.000000,0.000000
ETHContext60,eth_up,trend_down,short,30m,DISCOVERY_REJECTED,10576,8702,0.256563,-4.743437,-7.243437,-9.743437,43.541982,0.796044,0.256563,-1.500000,-12.227215,-6.076343,false,false,false,0.000000,49.746776,100.000000
SessionUTC,asia,trend_down,short,5m,DISCOVERY_REJECTED,33470,16334,0.255408,-4.744592,-7.244592,-9.744592,38.308933,0.629788,0.255408,-0.500000,-8.203144,-5.489306,false,false,false,0.000000,0.000000,0.000000
VolumeRatio20,volume_ratio_normal,trend_up,long,60m,DISCOVERY_REJECTED,45584,32228,0.255125,-4.744875,-7.244875,-9.744875,43.734644,0.853879,0.255125,-3.400000,-12.689573,-5.368902,false,false,false,0.000000,50.873412,0.000000
BTCContext60,btc_down,trend_up,long,120m,DISCOVERY_REJECTED,10313,8385,0.251621,-4.748379,-7.248379,-9.748379,46.397750,0.903098,0.251621,-2.500000,-39.954549,-10.504526,false,false,false,0.000000,31.583494,60.163723
RealizedVol60,realized_vol_60_low,trend_down,short,60m,DISCOVERY_REJECTED,99011,47972,0.250546,-4.749454,-7.249454,-9.749454,43.260850,0.836151,0.250546,-3.700000,-13.326047,-5.619829,false,false,false,0.000000,85.559151,0.000000
TakerBuyRatio,taker_balanced,range,short,15m,DISCOVERY_REJECTED,29607,25604,0.250391,-4.749609,-7.249609,-9.749609,43.405276,0.737919,0.250391,0.000000,-8.566859,-5.679619,false,false,false,0.000000,0.000000,0.000000
ETHContext60,eth_up,trend_down,long,5m,DISCOVERY_REJECTED,10576,8702,0.248812,-4.751188,-7.251188,-9.751188,39.911120,0.587742,0.248812,0.300000,-8.442518,-5.488476,false,false,false,0.000000,0.000000,0.000000
BBWidthPctRank60,bb_width_low,compressed_down,short,120m,DISCOVERY_REJECTED,37900,27941,0.247706,-4.752294,-7.252294,-9.752294,46.683377,0.905891,0.247706,-2.000000,-34.292694,-7.284537,false,false,false,0.000000,27.722763,100.000000
CompositeRegime,compressed_down,compressed_down,short,120m,DISCOVERY_REJECTED,37900,27941,0.247706,-4.752294,-7.252294,-9.752294,46.683377,0.905891,0.247706,-2.000000,-34.292694,-7.284537,false,false,false,0.000000,27.722763,100.000000
BTCContext60,btc_down,trend_up,long,240m,DISCOVERY_REJECTED,10313,8385,0.247573,-4.752427,-7.252427,-9.752427,46.397750,0.930203,0.247573,-5.300000,-44.899088,-11.122992,false,false,false,63.586888,23.882874,77.316804
TrendSlope20,slope_down_strong,range,long,5m,DISCOVERY_REJECTED,63457,36606,0.246957,-4.753043,-7.253043,-9.753043,38.634036,0.564009,0.246957,0.500000,-7.188282,-39.367056,false,false,false,0.000000,0.000000,0.000000
ETHContext60,eth_down,trend_up,short,60m,DISCOVERY_REJECTED,11162,8904,0.245545,-4.754455,-7.254455,-9.754455,47.993191,0.860148,0.245545,2.300000,-16.076182,-8.703508,false,false,false,0.000000,33.924443,100.000000
CompositeRegime,range,range,long,60m,DISCOVERY_REJECTED,237733,104960,0.245032,-4.754968,-7.254968,-9.754968,46.590923,0.843984,0.245032,0.600000,-8.883809,-5.342980,false,false,false,0.000000,100.000000,0.000000
TakerBuyRatio,taker_sell_heavy,trend_up,short,60m,DISCOVERY_REJECTED,21621,17988,0.244819,-4.755181,-7.255181,-9.755181,49.502798,0.858686,0.244819,4.300000,-13.943264,-7.395048,false,false,false,0.000000,71.595257,0.000000
CloseRelativeEMA20,above_ema20,compressed_down,short,15m,DISCOVERY_REJECTED,4917,4574,0.243718,-4.756282,-7.256282,-9.756282,44.498678,0.794050,0.243718,-1.000000,-18.201179,-8.138829,false,false,false,0.000000,51.327001,65.647344
Return15,return15_up_strong,range,short,15m,DISCOVERY_REJECTED,19019,15548,0.243704,-4.756296,-7.256296,-9.756296,47.426258,0.807410,0.243704,2.100000,-13.058957,-6.343415,false,false,false,0.000000,74.378652,0.000000
TrendSlope20,slope_up_strong,compressed_up,short,5m,DISCOVERY_REJECTED,12648,10219,0.243007,-4.756993,-7.256993,-9.756993,39.413346,0.592397,0.243007,0.500000,-9.624507,-176.664943,false,false,false,0.000000,0.000000,0.000000
SessionUTC,us,trend_up,short,5m,DISCOVERY_REJECTED,32725,16493,0.242814,-4.757186,-7.257186,-9.757186,42.258212,0.645513,0.242814,1.000000,-8.440809,-5.785015,false,false,false,0.000000,0.000000,0.000000
RealizedVol60,realized_vol_60_low,compressed_down,short,5m,DISCOVERY_REJECTED,28359,21606,0.241666,-4.758334,-7.258334,-9.758334,38.435770,0.570696,0.241666,-0.400000,-7.939104,-5.353284,false,false,false,0.000000,0.000000,0.000000
TrendSlope20,slope_flat,compressed_up,long,5m,DISCOVERY_REJECTED,17276,12403,0.241089,-4.758911,-7.258911,-9.758911,39.268349,0.615329,0.241089,0.000000,-7.729787,-5.428327,false,false,false,100.000000,0.000000,0.000000
VolumeRatio20,volume_ratio_high,trend_up,short,15m,DISCOVERY_REJECTED,36160,27339,0.240963,-4.759037,-7.259037,-9.759037,46.957965,0.738755,0.240963,2.900000,-9.516669,-6.018759,false,false,false,0.000000,100.000000,0.000000
SessionUTC,late_us,compressed_down,long,15m,DISCOVERY_REJECTED,6263,4772,0.240176,-4.759824,-7.259824,-9.759824,44.978445,0.751257,0.240176,0.900000,-14.885722,-7.873000,false,false,false,0.000000,79.820598,100.000000
BTCContext60,btc_down,compressed_down,short,5m,DISCOVERY_REJECTED,28763,23014,0.239543,-4.760457,-7.260457,-9.760457,39.077982,0.615402,0.239543,-0.500000,-8.726018,-5.299434,false,false,false,0.000000,0.000000,0.000000
RealizedVol60,realized_vol_60_low,trend_up,short,30m,DISCOVERY_REJECTED,105546,50932,0.239191,-4.760809,-7.260809,-9.760809,47.134899,0.763081,0.239191,2.500000,-9.540875,-5.386361,false,false,false,0.000000,0.000000,0.000000
CloseRelativeEMA20,near_ema20,range,long,240m,DISCOVERY_REJECTED,122555,70127,0.239086,-4.760914,-7.260914,-9.760914,48.152258,0.907357,0.239086,1.000000,-21.560506,-7.559658,false,false,false,0.000000,31.785776,100.000000
BTCContext60,btc_down,compressed_down,short,30m,DISCOVERY_REJECTED,28763,23014,0.238985,-4.761015,-7.261015,-9.761015,43.788895,0.803813,0.238985,-1.600000,-12.331835,-6.183134,false,false,false,0.000000,84.012556,0.000000
SessionUTC,asia,range,long,15m,DISCOVERY_REJECTED,70306,31991,0.237654,-4.762346,-7.262346,-9.762346,42.642164,0.702029,0.237654,0.000000,-7.168805,-5.117258,false,false,false,0.000000,0.000000,0.000000
Return15,return15_up,range,short,120m,DISCOVERY_REJECTED,64270,43953,0.235706,-4.764294,-7.264294,-9.764294,46.698304,0.884851,0.235706,-1.200000,-17.260189,-7.299605,false,false,false,0.000000,63.012910,0.000000
Return15,return15_flat,range,long,240m,DISCOVERY_REJECTED,69421,46659,0.235215,-4.764785,-7.264785,-9.764785,48.292303,0.903271,0.235215,1.500000,-29.569036,-6.941069,false,false,false,0.000000,37.254345,54.157446
Return15,return15_flat,range,short,15m,DISCOVERY_REJECTED,69421,46659,0.231469,-4.768531,-7.268531,-9.768531,41.412541,0.650131,0.231469,0.000000,-6.581460,-4.911593,false,false,false,0.000000,0.000000,0.000000
TakerBuyRatio,taker_sell_heavy_strong,trend_down,long,60m,DISCOVERY_REJECTED,32354,24211,0.229792,-4.770208,-7.270208,-9.770208,49.347840,0.848641,0.229792,4.200000,-15.236310,-7.202096,false,false,false,0.000000,49.071481,0.000000
CloseRelativeEMA20,below_ema20,compressed_up,long,15m,DISCOVERY_REJECTED,5531,5079,0.226655,-4.773345,-7.273345,-9.773345,44.368107,0.787655,0.226655,-1.400000,-25.335082,-8.451667,false,false,false,0.000000,54.644583,77.620218
BBWidthPctRank60,bb_width_high,trend_up,short,15m,DISCOVERY_REJECTED,46994,34217,0.224324,-4.775676,-7.275676,-9.775676,47.006001,0.744190,0.224324,2.800000,-9.239811,-5.594216,false,false,false,0.000000,0.000000,0.000000
CompositeRegime,trend_up,trend_up,short,30m,DISCOVERY_REJECTED,120660,57289,0.223700,-4.776300,-7.276300,-9.776300,47.676943,0.793949,0.223700,2.800000,-8.783928,-5.515880,false,false,false,0.000000,0.000000,0.000000
CompositeRegime,trend_up,trend_up,long,60m,DISCOVERY_REJECTED,120660,57289,0.223513,-4.776487,-7.276487,-9.776487,43.454334,0.848881,0.223513,-3.500000,-11.980758,-5.297604,false,false,false,0.000000,75.586968,0.000000
TakerBuyRatio,taker_buy_heavy_strong,trend_down,long,60m,DISCOVERY_REJECTED,25915,20568,0.222916,-4.777084,-7.277084,-9.777084,48.790276,0.839826,0.222916,3.600000,-17.942737,-6.960258,false,false,false,0.000000,85.670465,100.000000
SessionUTC,late_us,range,short,5m,DISCOVERY_REJECTED,39572,18660,0.222329,-4.777671,-7.277671,-9.777671,37.248560,0.557785,0.222329,0.000000,-7.535084,-5.156977,false,false,false,0.000000,0.000000,0.000000
ETHContext60,eth_flat,trend_up,long,60m,DISCOVERY_REJECTED,44266,27627,0.219200,-4.780800,-7.280800,-9.780800,43.267971,0.827620,0.219200,-2.900000,-12.854493,-7.511612,false,false,false,0.000000,100.000000,0.000000
BBWidthPctRank60,bb_width_high,range,short,5m,DISCOVERY_REJECTED,60561,48988,0.218084,-4.781916,-7.281916,-9.781916,39.244728,0.602111,0.218084,0.000000,-7.126708,-4.954338,false,false,false,0.000000,0.000000,0.000000
RealizedVol60,realized_vol_60_low,compressed_down,short,15m,DISCOVERY_REJECTED,28359,21606,0.217450,-4.782550,-7.282550,-9.782550,42.124193,0.706775,0.217450,-0.800000,-8.141153,-5.435001,false,false,false,0.000000,0.000000,0.000000
CloseRelativeEMA20,near_ema20,range,short,5m,DISCOVERY_REJECTED,122555,70127,0.214841,-4.785159,-7.285159,-9.785159,36.350210,0.506229,0.214841,0.000000,-7.211742,-4.922779,false,false,false,0.000000,0.000000,0.000000
ETHContext60,eth_flat,range,short,5m,DISCOVERY_REJECTED,99773,58953,0.211780,-4.788220,-7.288220,-9.788220,37.149329,0.524740,0.211780,0.000000,-6.402512,-4.965067,false,false,false,0.000000,0.000000,0.000000
Return15,return15_flat,trend_up,short,120m,DISCOVERY_REJECTED,24361,18680,0.211361,-4.788639,-7.288639,-9.788639,47.530890,0.857190,0.211361,1.800000,-29.214004,-6.109750,false,false,false,0.000000,37.059736,99.477878
BTCContext60,btc_up,trend_down,short,15m,DISCOVERY_REJECTED,9157,7754,0.210776,-4.789224,-7.289224,-9.789224,42.590368,0.735704,0.210776,-1.100000,-17.234539,-6.946150,false,false,false,0.000000,47.907278,0.000000
BTCContext60,btc_up_strong,trend_up,short,15m,DISCOVERY_REJECTED,17436,10827,0.210506,-4.789494,-7.289494,-9.789494,49.386327,0.790812,0.210506,4.400000,-10.730826,-5.606138,false,false,false,0.000000,87.264812,0.000000
TakerBuyRatio,taker_buy_heavy_strong,compressed_down,long,15m,DISCOVERY_REJECTED,8318,7729,0.206975,-4.793025,-7.293025,-9.793025,45.094975,0.725273,0.206975,1.300000,-9.516845,-5.845459,false,false,false,0.000000,100.000000,0.000000
VolumeRatio20,volume_ratio_normal,trend_down,long,15m,DISCOVERY_REJECTED,43789,30955,0.206824,-4.793176,-7.293176,-9.793176,46.603028,0.756775,0.206824,2.400000,-10.804919,-6.534851,false,false,false,0.000000,100.000000,0.000000
CloseRelativeEMA20,below_ema20,trend_down,short,120m,DISCOVERY_REJECTED,54135,34965,0.203760,-4.796240,-7.296240,-9.796240,45.127921,0.899338,0.203760,-6.100000,-30.122821,-8.879314,false,false,false,0.000000,36.411549,100.000000
ETHContext60,eth_up,range,long,15m,DISCOVERY_REJECTED,53353,36724,0.201142,-4.798858,-7.298858,-9.798858,42.078234,0.704168,0.201142,-0.500000,-7.911769,-5.029015,false,false,false,0.000000,0.000000,0.000000
ETHContext60,eth_up,range,long,60m,DISCOVERY_REJECTED,53353,36724,0.200900,-4.799100,-7.299100,-9.799100,45.669409,0.839276,0.200900,-0.300000,-11.360011,-5.209731,false,false,false,0.000000,80.510884,100.000000
TakerBuyRatio,taker_sell_heavy,compressed_up,long,5m,DISCOVERY_REJECTED,9060,8314,0.200400,-4.799600,-7.299600,-9.799600,39.381898,0.631512,0.200400,-0.300000,-8.830617,-6.191089,false,false,false,0.000000,100.000000,0.000000
ATRPct14,atr_pct_14_mid,range,short,5m,DISCOVERY_REJECTED,68277,38332,0.199560,-4.800440,-7.300440,-9.800440,43.945985,0.708605,0.199560,0.000000,-9.126366,-5.516336,false,false,false,0.000000,0.000000,0.000000
BBWidthPctRank60,bb_width_mid,range,short,5m,DISCOVERY_REJECTED,124950,76776,0.193863,-4.806137,-7.306137,-9.806137,38.889956,0.586465,0.193863,0.000000,-6.568901,-5.306646,false,false,false,0.000000,0.000000,0.000000
ETHContext60,eth_up,trend_up,short,15m,DISCOVERY_REJECTED,38223,25072,0.192718,-4.807282,-7.307282,-9.807282,45.723779,0.708801,0.192718,2.100000,-12.311537,-5.500638,false,false,false,0.000000,0.000000,0.000000
CompositeRegime,range,range,short,5m,DISCOVERY_REJECTED,237733,104960,0.192353,-4.807647,-7.307647,-9.807647,38.650924,0.579039,0.192353,0.000000,-6.502446,-5.076472,false,false,false,0.000000,0.000000,0.000000
Return15,return15_flat,trend_down,short,30m,DISCOVERY_REJECTED,21667,16887,0.191824,-4.808176,-7.308176,-9.808176,40.730143,0.740792,0.191824,-1.900000,-10.480495,-6.068360,false,false,false,0.000000,59.889666,0.000000
BTCContext60,btc_down_strong,compressed_down,short,15m,DISCOVERY_REJECTED,9137,7263,0.190788,-4.809212,-7.309212,-9.809212,44.062603,0.815379,0.190788,-2.100000,-17.906561,-6.378830,false,false,false,0.000000,27.545484,100.000000
Return15,return15_flat,compressed_down,long,5m,DISCOVERY_REJECTED,15786,13763,0.189282,-4.810718,-7.310718,-9.810718,40.561257,0.573599,0.189282,0.700000,-8.646426,-5.268841,false,false,false,0.000000,0.000000,0.000000
TrendSlope20,slope_flat,range,long,30m,DISCOVERY_REJECTED,74161,36150,0.188875,-4.811125,-7.311125,-9.811125,44.762072,0.778159,0.188875,0.000000,-7.018423,-5.844608,false,false,false,100.000000,100.000000,0.000000
Return15,return15_flat,compressed_up,long,15m,DISCOVERY_REJECTED,20805,17343,0.188849,-4.811151,-7.311151,-9.811151,41.043019,0.681869,0.188849,-0.700000,-7.219818,-5.948634,false,false,false,0.000000,0.000000,0.000000
VolumeRatio20,volume_ratio_high,range,long,5m,DISCOVERY_REJECTED,55634,43212,0.188665,-4.811335,-7.311335,-9.811335,38.149333,0.590006,0.188665,0.000000,-7.146628,-5.241372,false,false,false,0.000000,0.000000,0.000000
ATRPct14,atr_pct_14_low,trend_up,short,15m,DISCOVERY_REJECTED,80850,41538,0.188561,-4.811439,-7.311439,-9.811439,43.966605,0.636294,0.188561,1.700000,-6.769916,-5.262260,false,false,false,0.000000,0.000000,0.000000
TrendSlope20,slope_down,compressed_up,long,5m,DISCOVERY_REJECTED,4016,3655,0.188462,-4.811538,-7.311538,-9.811538,40.961155,0.628175,0.188462,0.050000,-9.605808,-6.854336,false,false,false,100.000000,0.000000,0.000000
ATRPct14,atr_pct_14_low,compressed_up,short,5m,DISCOVERY_REJECTED,31595,23082,0.187381,-4.812619,-7.312619,-9.812619,37.961703,0.497863,0.187381,0.200000,-6.567318,-5.405301,false,false,false,0.000000,0.000000,0.000000
CompositeRegime,range,range,long,30m,DISCOVERY_REJECTED,237733,104960,0.185195,-4.814805,-7.314805,-9.814805,44.889855,0.782677,0.185195,0.000000,-6.974982,-5.484536,false,false,false,0.000000,0.000000,0.000000
Return15,return15_flat,compressed_down,long,15m,DISCOVERY_REJECTED,15786,13763,0.179463,-4.820537,-7.320537,-9.820537,44.203725,0.710749,0.179463,0.800000,-9.330624,-6.508639,false,false,false,0.000000,0.000000,0.000000
VolumeRatio20,volume_ratio_normal,range,long,60m,DISCOVERY_REJECTED,87721,59480,0.178500,-4.821500,-7.321500,-9.821500,46.622816,0.845815,0.178500,0.600000,-10.379080,-6.285021,false,false,false,0.000000,69.341007,0.000000
VolumeRatio20,volume_ratio_high,trend_down,long,15m,DISCOVERY_REJECTED,33415,25511,0.178428,-4.821572,-7.321572,-9.821572,46.993865,0.760448,0.178428,2.500000,-13.571027,-5.536583,false,false,false,0.000000,70.296153,0.000000
TakerBuyRatio,taker_sell_heavy,trend_up,short,5m,DISCOVERY_REJECTED,21621,17988,0.178029,-4.821971,-7.321971,-9.821971,41.755700,0.617770,0.178029,1.000000,-7.426152,-5.972665,false,false,false,0.000000,0.000000,0.000000
BTCContext60,btc_up_strong,range,long,5m,DISCOVERY_REJECTED,10002,7967,0.176716,-4.823284,-7.323284,-9.823284,41.731654,0.694101,0.176716,-0.400000,-11.809669,-6.271031,false,false,false,0.000000,71.610069,0.000000
BTCContext60,btc_flat,range,long,15m,DISCOVERY_REJECTED,119071,68033,0.175186,-4.824814,-7.324814,-9.824814,41.960679,0.675112,0.175186,0.000000,-7.530914,-5.165404,false,false,false,0.000000,0.000000,0.000000
TrendSlope20,slope_down_strong,compressed_down,long,60m,DISCOVERY_REJECTED,9731,8341,0.173990,-4.826010,-7.326010,-9.826010,48.946665,0.863098,0.173990,3.600000,-33.639061,-160.485427,false,false,false,0.000000,26.149881,91.143141
ATRPct14,atr_pct_14_low,range,short,5m,DISCOVERY_REJECTED,168432,77710,0.173401,-4.826599,-7.326599,-9.826599,36.452099,0.475809,0.173401,0.000000,-6.178597,-5.017760,false,false,false,0.000000,0.000000,0.000000
TakerBuyRatio,taker_sell_heavy_strong,trend_up,short,15m,DISCOVERY_REJECTED,28559,22518,0.171845,-4.828155,-7.328155,-9.828155,44.567387,0.690626,0.171845,1.700000,-7.025799,-5.192067,false,false,false,0.000000,0.000000,0.000000
SessionUTC,europe,range,short,5m,DISCOVERY_REJECTED,61231,27836,0.169839,-4.830161,-7.330161,-9.830161,38.362921,0.546429,0.169839,0.200000,-8.438437,-5.186513,false,false,false,0.000000,0.000000,0.000000
VolumeRatio20,volume_ratio_high,compressed_down,short,60m,DISCOVERY_REJECTED,7944,7486,0.169556,-4.830444,-7.330444,-9.830444,44.901813,0.859319,0.169556,-2.850000,-23.786498,-7.069644,false,false,false,0.000000,32.435620,100.000000
VolumeRatio20,volume_ratio_normal,range,short,15m,DISCOVERY_REJECTED,87721,59480,0.167740,-4.832260,-7.332260,-9.832260,42.979446,0.714718,0.167740,0.000000,-6.939029,-5.033093,false,false,false,0.000000,0.000000,0.000000
BTCContext60,btc_up,trend_down,long,30m,DISCOVERY_REJECTED,9157,7754,0.166340,-4.833660,-7.333660,-9.833660,47.351753,0.801843,0.166340,2.100000,-15.382049,-6.896196,false,false,false,0.000000,40.429068,0.000000
TakerBuyRatio,taker_buy_heavy_strong,compressed_down,long,60m,DISCOVERY_REJECTED,8318,7729,0.165706,-4.834294,-7.334294,-9.834294,48.389036,0.852521,0.165706,3.100000,-19.450137,-7.437086,false,false,false,0.000000,31.095863,100.000000
ETHContext60,eth_up,trend_up,long,30m,DISCOVERY_REJECTED,38223,25072,0.163481,-4.836519,-7.336519,-9.836519,41.587526,0.781942,0.163481,-2.800000,-10.736724,-5.547154,false,false,false,0.000000,100.000000,0.000000
SessionUTC,asia,range,long,5m,DISCOVERY_REJECTED,70306,31991,0.162452,-4.837548,-7.337548,-9.837548,38.331010,0.563992,0.162452,0.000000,-6.377942,-5.004204,false,false,false,0.000000,0.000000,0.000000
SessionUTC,late_us,trend_up,long,15m,DISCOVERY_REJECTED,20591,10345,0.160437,-4.839563,-7.339563,-9.839563,39.021903,0.710699,0.160437,-2.300000,-8.727158,-5.629030,false,false,false,0.000000,100.000000,0.000000
ETHContext60,eth_down,range,long,60m,DISCOVERY_REJECTED,50385,34896,0.160250,-4.839750,-7.339750,-9.839750,47.619331,0.846985,0.160250,1.800000,-13.417109,-6.855996,false,false,false,0.000000,100.000000,0.000000
TrendSlope20,slope_flat,range,short,5m,DISCOVERY_REJECTED,74161,36150,0.159323,-4.840677,-7.340677,-9.840677,38.741387,0.568239,0.159323,0.000000,-7.304288,-10.668021,false,false,false,0.000000,0.000000,0.000000
BBWidthPctRank60,bb_width_low,range,short,5m,DISCOVERY_REJECTED,52222,39805,0.158900,-4.841100,-7.341100,-9.841100,37.390372,0.527501,0.158900,0.000000,-8.707564,-5.123749,false,false,false,0.000000,0.000000,0.000000
TakerBuyRatio,taker_buy_heavy,trend_up,short,15m,DISCOVERY_REJECTED,22883,18806,0.156822,-4.843178,-7.343178,-9.843178,46.694052,0.748680,0.156822,2.500000,-11.895647,-6.105541,false,false,false,0.000000,100.000000,0.000000
RealizedVol60,realized_vol_60_low,range,short,5m,DISCOVERY_REJECTED,206395,91613,0.154929,-4.845071,-7.345071,-9.845071,37.612830,0.520273,0.154929,0.000000,-6.773230,-5.025546,false,false,false,0.000000,0.000000,0.000000
ATRPct14,atr_pct_14_mid,compressed_up,long,5m,DISCOVERY_REJECTED,15927,11173,0.154768,-4.845232,-7.345232,-9.845232,43.291266,0.712663,0.154768,-0.200000,-9.793014,-5.633003,false,false,false,0.000000,100.000000,0.000000
TakerBuyRatio,taker_balanced,compressed_down,long,120m,DISCOVERY_REJECTED,5250,4978,0.152897,-4.847103,-7.347103,-9.847103,48.323810,0.912254,0.152897,1.200000,-37.476371,-11.669903,false,false,false,89.418581,26.864652,91.397060
ETHContext60,eth_up_strong,compressed_up,long,15m,DISCOVERY_REJECTED,15140,11284,0.149575,-4.850425,-7.350425,-9.850425,42.813738,0.766628,0.149575,-1.500000,-11.676831,-5.691578,false,false,false,0.000000,100.000000,0.000000
TakerBuyRatio,taker_sell_heavy_strong,compressed_up,long,15m,DISCOVERY_REJECTED,11774,10583,0.147678,-4.852322,-7.352322,-9.852322,41.685069,0.709650,0.147678,-0.900000,-9.535327,-6.046360,false,false,false,0.000000,0.000000,0.000000
CloseRelativeEMA20,near_ema20,range,short,60m,DISCOVERY_REJECTED,122555,70127,0.147615,-4.852385,-7.352385,-9.852385,44.945535,0.809805,0.147615,-0.300000,-9.485581,-5.672317,false,false,false,0.000000,100.000000,0.000000
CloseRelativeEMA20,below_ema20,trend_down,short,60m,DISCOVERY_REJECTED,54135,34965,0.145771,-4.854229,-7.354229,-9.854229,43.844093,0.859304,0.145771,-4.700000,-17.511603,-6.836041,false,false,false,0.000000,46.408407,0.000000
RealizedVol60,realized_vol_60_low,compressed_up,short,5m,DISCOVERY_REJECTED,37813,26821,0.145226,-4.854774,-7.354774,-9.854774,38.735356,0.528245,0.145226,0.000000,-6.436488,-5.330066,false,false,false,0.000000,0.000000,0.000000
BTCContext60,btc_up,trend_up,short,5m,DISCOVERY_REJECTED,43361,28304,0.144783,-4.855217,-7.355217,-9.855217,41.401259,0.579673,0.144783,1.200000,-6.981808,-5.559713,false,false,false,0.000000,0.000000,0.000000
TakerBuyRatio,taker_buy_heavy,range,long,30m,DISCOVERY_REJECTED,41156,33832,0.143833,-4.856167,-7.356167,-9.856167,45.133152,0.797688,0.143833,0.000000,-8.037133,-5.491952,false,false,false,0.000000,0.000000,0.000000
ETHContext60,eth_flat,compressed_down,long,60m,DISCOVERY_REJECTED,9366,7741,0.140362,-4.859638,-7.359638,-9.859638,48.612001,0.841184,0.140362,3.500000,-17.984625,-10.119786,false,false,false,0.000000,25.941861,59.163594
ETHContext60,eth_up,trend_up,long,60m,DISCOVERY_REJECTED,38223,25072,0.139802,-4.860198,-7.360198,-9.860198,43.222667,0.838706,0.139802,-3.600000,-13.455018,-5.777734,false,false,false,0.000000,55.586466,0.000000
ETHContext60,eth_up,compressed_up,short,5m,DISCOVERY_REJECTED,18939,15533,0.139582,-4.860418,-7.360418,-9.860418,39.030572,0.571652,0.139582,0.000000,-8.011226,-5.338952,false,false,false,0.000000,0.000000,0.000000
SessionUTC,europe,range,short,60m,DISCOVERY_REJECTED,61231,27836,0.137408,-4.862592,-7.362592,-9.862592,46.104098,0.825232,0.137408,0.000000,-13.400358,-7.623743,false,false,false,0.000000,79.275569,0.000000
ETHContext60,eth_up,range,short,5m,DISCOVERY_REJECTED,53353,36724,0.135863,-4.864137,-7.364137,-9.864137,39.484190,0.558899,0.135863,0.400000,-7.598051,-5.326825,false,false,false,0.000000,0.000000,0.000000
ETHContext60,eth_flat,range,long,30m,DISCOVERY_REJECTED,99773,58953,0.134389,-4.865611,-7.365611,-9.865611,44.216371,0.747405,0.134389,0.100000,-7.831915,-5.904184,false,false,false,0.000000,0.000000,0.000000
VolumeRatio20,volume_ratio_low,compressed_down,long,15m,DISCOVERY_REJECTED,15215,13295,0.134076,-4.865924,-7.365924,-9.865924,44.870194,0.757581,0.134076,0.500000,-11.943828,-5.984319,false,false,false,0.000000,90.321364,0.000000
ETHContext60,eth_up_strong,range,long,15m,DISCOVERY_REJECTED,17543,13106,0.133783,-4.866217,-7.366217,-9.866217,43.213817,0.771418,0.133783,-1.400000,-14.101861,-5.565527,false,false,false,0.000000,96.041224,0.000000
ATRPct14,atr_pct_14_low,compressed_down,short,15m,DISCOVERY_REJECTED,22712,17912,0.132657,-4.867343,-7.367343,-9.867343,41.334977,0.670455,0.132657,-0.800000,-8.019476,-5.647605,false,false,false,0.000000,0.000000,0.000000
BBWidthPctRank60,bb_width_low,trend_down,long,120m,DISCOVERY_REJECTED,14627,12488,0.132409,-4.867591,-7.367591,-9.867591,48.444657,0.870831,0.132409,2.400000,-20.562827,-7.632047,false,false,false,0.000000,45.270628,100.000000
CloseRelativeEMA20,near_ema20,trend_down,long,15m,DISCOVERY_REJECTED,47739,31374,0.131678,-4.868322,-7.368322,-9.868322,43.427805,0.666212,0.131678,1.300000,-8.585217,-6.030470,false,false,false,0.000000,0.000000,0.000000
BTCContext60,btc_up,range,long,120m,DISCOVERY_REJECTED,50840,36199,0.130509,-4.869491,-7.369491,-9.869491,47.350511,0.887493,0.130509,0.000000,-19.964554,-8.784907,false,false,false,0.000000,41.899706,100.000000
ETHContext60,eth_up,compressed_up,short,120m,DISCOVERY_REJECTED,18939,15533,0.129960,-4.870040,-7.370040,-9.870040,46.860975,0.888415,0.129960,-0.700000,-22.020288,-6.326694,false,false,false,0.000000,38.580800,100.000000
BTCContext60,btc_down_strong,trend_down,short,30m,DISCOVERY_REJECTED,19720,11580,0.126410,-4.873590,-7.373590,-9.873590,42.449290,0.879454,0.126410,-8.200000,-22.992624,-8.512640,false,false,false,0.000000,41.641056,100.000000
TrendSlope20,slope_down_strong,compressed_down,short,15m,DISCOVERY_REJECTED,9731,8341,0.126351,-4.873649,-7.373649,-9.873649,42.143665,0.756395,0.126351,-1.800000,-12.675007,-6.000677,false,false,false,100.000000,100.000000,100.000000
Return15,return15_down,compressed_down,short,60m,DISCOVERY_REJECTED,11217,10153,0.126225,-4.873775,-7.373775,-9.873775,45.225996,0.873513,0.126225,-3.700000,-21.513164,-7.313914,false,false,false,0.000000,43.760900,100.000000
BBWidthPctRank60,bb_width_mid,trend_up,short,60m,DISCOVERY_REJECTED,57180,37750,0.125879,-4.874121,-7.374121,-9.874121,48.933193,0.843813,0.125879,3.600000,-12.772430,-6.492297,false,false,false,0.000000,53.639023,0.000000
Return15,return15_flat,range,short,30m,DISCOVERY_REJECTED,69421,46659,0.123439,-4.876561,-7.376561,-9.876561,43.282292,0.730464,0.123439,0.000000,-8.651458,-5.316969,false,false,false,0.000000,0.000000,0.000000
BBWidthPctRank60,bb_width_mid,trend_up,long,120m,DISCOVERY_REJECTED,57180,37750,0.123385,-4.876615,-7.376615,-9.876615,45.381252,0.887873,0.123385,-3.200000,-23.616743,-6.624723,false,false,false,0.000000,68.690059,100.000000
TakerBuyRatio,taker_buy_heavy_strong,compressed_down,short,30m,DISCOVERY_REJECTED,8318,7729,0.122643,-4.877357,-7.377357,-9.877357,42.930993,0.793827,0.122643,-2.150000,-13.217582,-6.762642,false,false,false,0.000000,67.306467,0.000000
VolumeRatio20,volume_ratio_low,range,long,15m,DISCOVERY_REJECTED,94356,64836,0.118637,-4.881363,-7.381363,-9.881363,42.729662,0.698199,0.118637,0.000000,-6.846079,-5.562564,false,false,false,0.000000,0.000000,0.000000
CloseRelativeEMA20,above_ema20,trend_up,short,30m,DISCOVERY_REJECTED,54940,35721,0.117649,-4.882351,-7.382351,-9.882351,48.714962,0.792126,0.117649,3.600000,-10.177979,-5.998929,false,false,false,0.000000,0.000000,0.000000
RealizedVol60,realized_vol_60_low,range,long,120m,DISCOVERY_REJECTED,206395,91613,0.115242,-4.884758,-7.384758,-9.884758,47.569466,0.869405,0.115242,1.000000,-18.625014,-6.524118,false,false,false,0.000000,61.178676,0.000000
TakerBuyRatio,taker_sell_heavy_strong,range,long,60m,DISCOVERY_REJECTED,64482,47166,0.115010,-4.884990,-7.384990,-9.884990,46.319903,0.827130,0.115010,0.600000,-10.594741,-5.768802,false,false,false,0.000000,100.000000,0.000000
TrendSlope20,slope_up_strong,trend_up,long,30m,DISCOVERY_REJECTED,68487,34304,0.114474,-4.885526,-7.385526,-9.885526,41.739308,0.786739,0.114474,-2.400000,-7.780405,-5.815087,false,false,false,100.000000,0.000000,0.000000
TakerBuyRatio,taker_sell_heavy_strong,compressed_up,long,30m,DISCOVERY_REJECTED,11774,10583,0.113210,-4.886790,-7.386790,-9.886790,43.859351,0.782442,0.113210,-1.100000,-13.459153,-6.903608,false,false,false,0.000000,99.416362,0.000000
BBWidthPctRank60,bb_width_low,trend_down,long,15m,DISCOVERY_REJECTED,14627,12488,0.112726,-4.887274,-7.387274,-9.887274,42.968483,0.680004,0.112726,0.800000,-8.435938,-6.850652,false,false,false,0.000000,0.000000,0.000000
ETHContext60,eth_flat,trend_up,short,15m,DISCOVERY_REJECTED,44266,27627,0.111987,-4.888013,-7.388013,-9.888013,44.465278,0.679937,0.111987,1.700000,-6.697430,-5.645627,false,false,false,0.000000,0.000000,0.000000
TakerBuyRatio,taker_buy_heavy,range,short,15m,DISCOVERY_REJECTED,41156,33832,0.111337,-4.888663,-7.388663,-9.888663,43.434736,0.726258,0.111337,0.000000,-7.324151,-5.644072,false,false,false,0.000000,0.000000,0.000000
SessionUTC,asia,compressed_up,long,5m,DISCOVERY_REJECTED,13062,9148,0.110271,-4.889729,-7.389729,-9.889729,38.393814,0.578491,0.110271,0.000000,-8.561832,-5.934495,false,false,false,0.000000,0.000000,0.000000
TrendSlope20,slope_up_strong,trend_up,short,15m,DISCOVERY_REJECTED,68487,34304,0.109995,-4.890005,-7.390005,-9.890005,45.319550,0.712774,0.109995,2.000000,-8.699030,-79.422059,false,false,false,0.000000,0.000000,0.000000
TrendSlope20,slope_down,compressed_up,long,15m,DISCOVERY_REJECTED,4016,3655,0.107819,-4.892181,-7.392181,-9.892181,43.500996,0.748895,0.107819,-0.800000,-11.432291,-6.820230,false,false,false,100.000000,77.197460,0.000000
BTCContext60,btc_up,range,long,15m,DISCOVERY_REJECTED,50840,36199,0.106053,-4.893947,-7.393947,-9.893947,42.179386,0.708603,0.106053,-0.500000,-7.440412,-5.769150,false,false,false,0.000000,0.000000,0.000000
BBWidthPctRank60,bb_width_mid,range,long,15m,DISCOVERY_REJECTED,124950,76776,0.105956,-4.894044,-7.394044,-9.894044,42.981993,0.711685,0.105956,0.000000,-7.214712,-5.378624,false,false,false,0.000000,0.000000,0.000000
BTCContext60,btc_up,compressed_up,short,5m,DISCOVERY_REJECTED,35294,26890,0.105026,-4.894974,-7.394974,-9.894974,39.284298,0.567352,0.105026,0.100000,-6.913339,-5.745129,false,false,false,0.000000,0.000000,0.000000
TakerBuyRatio,taker_buy_heavy_strong,trend_down,long,120m,DISCOVERY_REJECTED,25915,20568,0.104299,-4.895701,-7.395701,-9.895701,49.627629,0.882268,0.104299,4.300000,-27.503125,-8.616125,false,false,false,0.000000,41.299339,78.264370
Return15,return15_flat,trend_up,short,5m,DISCOVERY_REJECTED,24361,18680,0.102968,-4.897032,-7.397032,-9.897032,35.581462,0.464697,0.102968,0.400000,-6.656324,-5.346638,false,false,false,0.000000,0.000000,0.000000
CloseRelativeEMA20,above_ema20,trend_down,long,15m,DISCOVERY_REJECTED,2094,2021,0.102863,-4.897137,-7.397137,-9.897137,46.084050,0.823743,0.102863,0.400000,-29.145570,-19.100442,false,false,false,0.000000,29.058030,64.745007
TrendSlope20,slope_flat,range,long,60m,DISCOVERY_REJECTED,74161,36150,0.101156,-4.898844,-7.398844,-9.898844,46.382870,0.836055,0.101156,0.000000,-8.688212,-5.796790,false,false,false,61.816908,73.230598,0.000000
Return15,return15_flat,trend_up,long,15m,DISCOVERY_REJECTED,24361,18680,0.100290,-4.899710,-7.399710,-9.899710,39.009072,0.632035,0.100290,-0.800000,-7.046330,-5.817439,false,false,false,0.000000,0.000000,0.000000
SessionUTC,asia,trend_up,long,15m,DISCOVERY_REJECTED,36588,17818,0.098189,-4.901811,-7.401811,-9.901811,40.122445,0.711047,0.098189,-1.800000,-8.426337,-5.592473,false,false,false,0.000000,0.000000,0.000000
VolumeRatio20,volume_ratio_low,compressed_up,long,5m,DISCOVERY_REJECTED,18592,15813,0.095210,-4.904790,-7.404790,-9.904790,38.371343,0.594088,0.095210,0.000000,-7.684294,-6.278412,false,false,false,0.000000,0.000000,0.000000
Return15,return15_down,trend_down,short,120m,DISCOVERY_REJECTED,64104,39511,0.094557,-4.905443,-7.405443,-9.905443,44.791277,0.880480,0.094557,-4.900000,-21.025438,-7.194275,false,false,false,0.000000,49.392864,0.000000
CloseRelativeEMA20,above_ema20,compressed_up,short,120m,DISCOVERY_REJECTED,10988,9527,0.093048,-4.906952,-7.406952,-9.906952,47.324354,0.907437,0.093048,-1.500000,-24.740988,-13.209885,false,false,false,71.016893,20.353564,56.123288
SessionUTC,us,trend_down,long,30m,DISCOVERY_REJECTED,35007,17366,0.092926,-4.907074,-7.407074,-9.907074,49.652927,0.830494,0.092926,4.600000,-16.604876,-5.752365,false,false,false,0.000000,32.020058,0.000000
Return15,return15_flat,range,long,60m,DISCOVERY_REJECTED,69421,46659,0.091812,-4.908188,-7.408188,-9.908188,45.551058,0.801735,0.091812,0.300000,-9.466502,-5.394643,false,false,false,0.000000,81.837335,0.000000
BTCContext60,btc_flat,range,short,5m,DISCOVERY_REJECTED,119071,68033,0.090606,-4.909394,-7.409394,-9.909394,37.266841,0.524662,0.090606,0.000000,-6.948738,-5.189304,false,false,false,0.000000,0.000000,0.000000
CompositeRegime,range,range,long,15m,DISCOVERY_REJECTED,237733,104960,0.089801,-4.910199,-7.410199,-9.910199,42.731131,0.705102,0.089801,0.000000,-5.956959,-5.445493,false,false,false,0.000000,0.000000,0.000000
TakerBuyRatio,taker_buy_heavy_strong,trend_down,short,15m,DISCOVERY_REJECTED,25915,20568,0.089668,-4.910332,-7.410332,-9.910332,40.428323,0.708306,0.089668,-1.700000,-9.043617,-6.337767,false,false,false,0.000000,100.000000,0.000000
ATRPct14,atr_pct_14_low,trend_down,short,5m,DISCOVERY_REJECTED,71298,37426,0.089616,-4.910384,-7.410384,-9.910384,35.167887,0.497970,0.089616,-0.700000,-6.228419,-5.337722,false,false,false,0.000000,0.000000,0.000000
ETHContext60,eth_down,compressed_down,short,15m,DISCOVERY_REJECTED,14985,12760,0.087083,-4.912917,-7.412917,-9.912917,42.495829,0.726903,0.087083,-1.000000,-13.608591,-6.187222,false,false,false,0.000000,72.081481,0.000000
ATRPct14,atr_pct_14_low,range,short,60m,DISCOVERY_REJECTED,168432,77710,0.086078,-4.913922,-7.413922,-9.913922,44.981357,0.794873,0.086078,-0.200000,-10.485682,-5.872411,false,false,false,0.000000,0.000000,0.000000
TrendSlope20,slope_up_strong,compressed_down,short,15m,DISCOVERY_REJECTED,7930,6987,0.085545,-4.914455,-7.414455,-9.914455,42.723834,0.747123,0.085545,-0.800000,-11.237464,-23.888655,false,false,false,0.000000,48.250345,0.000000
ETHContext60,eth_up,range,short,120m,DISCOVERY_REJECTED,53353,36724,0.084668,-4.915332,-7.415332,-9.915332,47.292561,0.882664,0.084668,0.000000,-22.501827,-6.226368,false,false,false,0.000000,65.551791,100.000000
TakerBuyRatio,taker_buy_heavy,trend_up,long,60m,DISCOVERY_REJECTED,22883,18806,0.081659,-4.918341,-7.418341,-9.918341,43.683084,0.855946,0.081659,-3.800000,-18.350024,-8.607846,false,false,false,0.000000,49.294776,0.000000
Return15,return15_flat,compressed_up,long,5m,DISCOVERY_REJECTED,20805,17343,0.081283,-4.918717,-7.418717,-9.918717,36.818073,0.533606,0.081283,0.000000,-8.423943,-5.433148,false,false,false,0.000000,0.000000,0.000000
ETHContext60,eth_down,range,short,15m,DISCOVERY_REJECTED,50385,34896,0.080495,-4.919505,-7.419505,-9.919505,42.465019,0.714246,0.080495,-0.300000,-7.366037,-5.608738,false,false,false,0.000000,0.000000,0.000000
CloseRelativeEMA20,near_ema20,compressed_up,short,5m,DISCOVERY_REJECTED,30161,23507,0.080096,-4.919904,-7.419904,-9.919904,38.357482,0.542087,0.080096,0.000000,-9.636555,-5.669905,false,false,false,0.000000,0.000000,0.000000
TrendSlope20,slope_flat,range,long,15m,DISCOVERY_REJECTED,74161,36150,0.080066,-4.919934,-7.419934,-9.919934,42.783943,0.698500,0.080066,0.000000,-6.585083,-6.339610,false,false,false,100.000000,0.000000,0.000000
BBWidthPctRank60,bb_width_low,range,long,15m,DISCOVERY_REJECTED,52222,39805,0.080005,-4.919995,-7.419995,-9.919995,41.811880,0.671861,0.080005,0.000000,-7.707302,-5.502743,false,false,false,0.000000,0.000000,0.000000
VolumeRatio20,volume_ratio_high,compressed_down,long,5m,DISCOVERY_REJECTED,7944,7486,0.079789,-4.920211,-7.420211,-9.920211,42.082075,0.616300,0.079789,0.700000,-12.297991,-5.869614,false,false,false,0.000000,0.000000,0.000000
TakerBuyRatio,taker_sell_heavy_strong,compressed_down,short,5m,DISCOVERY_REJECTED,9624,8842,0.079319,-4.920681,-7.420681,-9.920681,39.068994,0.612730,0.079319,-0.600000,-9.022948,-7.012054,false,false,false,0.000000,0.000000,0.000000
SessionUTC,us,compressed_up,long,5m,DISCOVERY_REJECTED,15929,10923,0.077505,-4.922495,-7.422495,-9.922495,39.889510,0.640470,0.077505,-0.300000,-10.147178,-5.538468,false,false,false,0.000000,0.000000,0.000000
CloseRelativeEMA20,near_ema20,trend_up,short,5m,DISCOVERY_REJECTED,51603,33500,0.076619,-4.923381,-7.423381,-9.923381,36.718795,0.479655,0.076619,0.400000,-7.224029,-5.476344,false,false,false,0.000000,0.000000,0.000000
BTCContext60,btc_down,trend_up,short,5m,DISCOVERY_REJECTED,10313,8385,0.075178,-4.924822,-7.424822,-9.924822,41.248909,0.625431,0.075178,0.700000,-10.818920,-6.933726,false,false,false,0.000000,0.000000,0.000000
VolumeRatio20,volume_ratio_high,trend_down,short,120m,DISCOVERY_REJECTED,33415,25511,0.071408,-4.928592,-7.428592,-9.928592,44.372288,0.898274,0.071408,-6.400000,-29.561913,-6.989879,false,false,false,0.000000,32.885862,81.611616
TakerBuyRatio,taker_buy_heavy_strong,compressed_up,long,5m,DISCOVERY_REJECTED,11361,10313,0.070243,-4.929757,-7.429757,-9.929757,37.839979,0.569376,0.070243,0.000000,-8.104269,-5.896347,false,false,false,0.000000,0.000000,0.000000
Return15,return15_up,trend_up,long,240m,DISCOVERY_REJECTED,66825,41220,0.069611,-4.930389,-7.430389,-9.930389,46.745978,0.912603,0.069611,-3.000000,-29.769561,-9.977426,false,false,false,0.000000,37.653858,78.984030
ETHContext60,eth_up_strong,range,short,60m,DISCOVERY_REJECTED,17543,13106,0.068975,-4.931025,-7.431025,-9.931025,47.546030,0.872699,0.068975,1.000000,-19.369103,-7.809255,false,false,false,0.000000,51.894347,62.479005
TakerBuyRatio,taker_sell_heavy,compressed_down,short,30m,DISCOVERY_REJECTED,7551,7017,0.067762,-4.932238,-7.432238,-9.932238,44.457688,0.832850,0.067762,-1.700000,-16.784630,-9.923263,false,false,false,0.000000,35.385047,100.000000
TrendSlope20,slope_up,compressed_down,long,60m,DISCOVERY_REJECTED,3139,2893,0.066669,-4.933331,-7.433331,-9.933331,48.072635,0.869388,0.066669,1.500000,-21.964625,-55.167532,false,false,false,100.000000,30.160204,100.000000
TakerBuyRatio,taker_buy_heavy,range,long,60m,DISCOVERY_REJECTED,41156,33832,0.066449,-4.933551,-7.433551,-9.933551,46.683351,0.851478,0.066449,0.200000,-11.675432,-6.257062,false,false,false,0.000000,100.000000,0.000000
TrendSlope20,slope_up,compressed_down,short,30m,DISCOVERY_REJECTED,3139,2893,0.065727,-4.934273,-7.434273,-9.934273,44.823192,0.823599,0.065727,-1.500000,-15.462476,-11.348540,false,false,false,100.000000,56.567452,0.000000
BBWidthPctRank60,bb_width_high,range,long,15m,DISCOVERY_REJECTED,60561,48988,0.064916,-4.935084,-7.435084,-9.935084,43.006225,0.716545,0.064916,0.000000,-7.996807,-5.935812,false,false,false,0.000000,0.000000,0.000000
TakerBuyRatio,taker_sell_heavy_strong,trend_up,short,60m,DISCOVERY_REJECTED,28559,22518,0.064221,-4.935779,-7.435779,-9.935779,48.170454,0.829187,0.064221,2.800000,-11.245259,-6.393398,false,false,false,0.000000,61.499991,0.000000
CloseRelativeEMA20,near_ema20,range,long,30m,DISCOVERY_REJECTED,122555,70127,0.063517,-4.936483,-7.436483,-9.936483,43.850516,0.735026,0.063517,0.000000,-8.925471,-5.705401,false,false,false,0.000000,0.000000,0.000000
TakerBuyRatio,taker_buy_heavy_strong,trend_up,short,30m,DISCOVERY_REJECTED,31671,23959,0.062995,-4.937005,-7.437005,-9.937005,47.188279,0.768130,0.062995,2.700000,-9.813865,-6.112914,false,false,false,0.000000,100.000000,0.000000
ATRPct14,atr_pct_14_low,range,short,30m,DISCOVERY_REJECTED,168432,77710,0.062390,-4.937610,-7.437610,-9.937610,43.446613,0.717748,0.062390,0.000000,-8.242827,-5.473660,false,false,false,0.000000,0.000000,0.000000
RealizedVol60,realized_vol_60_low,range,short,60m,DISCOVERY_REJECTED,206395,91613,0.060896,-4.939104,-7.439104,-9.939104,45.315051,0.814744,0.060896,-0.500000,-10.520233,-5.536427,false,false,false,0.000000,100.000000,0.000000
TakerBuyRatio,taker_sell_heavy_strong,compressed_up,short,5m,DISCOVERY_REJECTED,11774,10583,0.060417,-4.939583,-7.439583,-9.939583,39.578733,0.559569,0.060417,0.600000,-8.297326,-5.980532,false,false,false,0.000000,0.000000,0.000000
BTCContext60,btc_down,compressed_down,long,120m,DISCOVERY_REJECTED,28763,23014,0.057308,-4.942692,-7.442692,-9.942692,48.624970,0.892781,0.057308,2.200000,-21.813905,-7.333363,false,false,false,0.000000,24.271908,80.339970
TakerBuyRatio,taker_sell_heavy_strong,compressed_up,short,60m,DISCOVERY_REJECTED,11774,10583,0.057298,-4.942702,-7.442702,-9.942702,46.653644,0.842809,0.057298,0.300000,-23.117091,-8.421089,false,false,false,0.000000,59.235646,0.000000
ETHContext60,eth_flat,range,short,60m,DISCOVERY_REJECTED,99773,58953,0.053710,-4.946290,-7.446290,-9.946290,45.065298,0.814596,0.053710,-0.400000,-11.808175,-5.740262,false,false,false,0.000000,100.000000,0.000000
ATRPct14,atr_pct_14_low,compressed_down,long,5m,DISCOVERY_REJECTED,22712,17912,0.053635,-4.946365,-7.446365,-9.946365,39.802747,0.510638,0.053635,0.600000,-7.173886,-5.565176,false,false,false,0.000000,0.000000,0.000000
RealizedVol60,realized_vol_60_low,trend_up,long,120m,DISCOVERY_REJECTED,105546,50932,0.052968,-4.947032,-7.447032,-9.947032,45.149035,0.871431,0.052968,-3.000000,-19.827552,-6.371758,false,false,false,0.000000,52.900892,0.000000
TrendSlope20,slope_up_strong,compressed_up,short,15m,DISCOVERY_REJECTED,12648,10219,0.052166,-4.947834,-7.447834,-9.947834,44.141366,0.710843,0.052166,1.000000,-8.843146,-365.910031,false,false,false,0.000000,0.000000,0.000000
ETHContext60,eth_flat,compressed_up,long,5m,DISCOVERY_REJECTED,12086,9678,0.051072,-4.948928,-7.448928,-9.948928,37.299355,0.553515,0.051072,-0.200000,-7.477290,-5.898513,false,false,false,0.000000,0.000000,0.000000
BTCContext60,btc_flat,trend_up,short,30m,DISCOVERY_REJECTED,48622,30859,0.050683,-4.949317,-7.449317,-9.949317,46.499527,0.762023,0.050683,2.000000,-10.867953,-5.864168,false,false,false,0.000000,0.000000,0.000000
RealizedVol60,realized_vol_60_low,range,short,30m,DISCOVERY_REJECTED,206395,91613,0.050160,-4.949840,-7.449840,-9.949840,43.957460,0.745002,0.050160,0.000000,-7.919504,-5.297076,false,false,false,0.000000,0.000000,0.000000
TakerBuyRatio,taker_sell_heavy,trend_up,short,120m,DISCOVERY_REJECTED,21621,17988,0.049351,-4.950649,-7.450649,-9.950649,49.798807,0.893112,0.049351,4.700000,-23.189611,-8.433648,false,false,false,0.000000,38.855941,100.000000
RealizedVol60,realized_vol_60_low,trend_up,long,60m,DISCOVERY_REJECTED,105546,50932,0.047964,-4.952036,-7.452036,-9.952036,43.269285,0.820697,0.047964,-3.050000,-12.895702,-6.043982,false,false,false,0.000000,56.444941,0.000000
BBWidthPctRank60,bb_width_low,trend_down,short,60m,DISCOVERY_REJECTED,14627,12488,0.045975,-4.954025,-7.454025,-9.954025,43.836740,0.818525,0.045975,-2.100000,-20.698090,-8.685658,false,false,false,0.000000,60.998302,0.000000
ATRPct14,atr_pct_14_low,range,short,120m,DISCOVERY_REJECTED,168432,77710,0.044442,-4.955558,-7.455558,-9.955558,46.260212,0.853120,0.044442,-0.800000,-12.865831,-6.615680,false,false,false,0.000000,47.381450,0.000000
ETHContext60,eth_flat,range,short,15m,DISCOVERY_REJECTED,99773,58953,0.042279,-4.957721,-7.457721,-9.957721,41.570365,0.658950,0.042279,0.000000,-6.898479,-5.220705,false,false,false,0.000000,0.000000,0.000000
TrendSlope20,slope_down_strong,compressed_up,long,5m,DISCOVERY_REJECTED,9108,7921,0.041948,-4.958052,-7.458052,-9.958052,38.438735,0.583153,0.041948,0.000000,-7.749798,-5.535191,false,false,false,100.000000,0.000000,0.000000
VolumeRatio20,volume_ratio_high,compressed_up,short,15m,DISCOVERY_REJECTED,10023,9362,0.038813,-4.961187,-7.461187,-9.961187,44.557518,0.717389,0.038813,1.200000,-12.388654,-6.931263,false,false,false,0.000000,100.000000,0.000000
VolumeRatio20,volume_ratio_normal,compressed_up,long,5m,DISCOVERY_REJECTED,19087,16220,0.036811,-4.963189,-7.463189,-9.963189,38.869388,0.608851,0.036811,-0.200000,-8.774568,-6.262368,false,false,false,0.000000,0.000000,0.000000
BTCContext60,btc_up,range,long,5m,DISCOVERY_REJECTED,50840,36199,0.035530,-4.964470,-7.464470,-9.964470,37.897325,0.571511,0.035530,-0.300000,-7.121294,-5.388527,false,false,false,0.000000,0.000000,0.000000
ETHContext60,eth_flat,compressed_up,short,240m,DISCOVERY_REJECTED,12086,9678,0.033983,-4.966017,-7.466017,-9.966017,47.865299,0.915930,0.033983,-0.800000,-40.073804,-11.557838,false,false,false,48.053962,31.291377,74.389600
CloseRelativeEMA20,above_ema20,range,long,60m,DISCOVERY_REJECTED,50321,36553,0.033759,-4.966241,-7.466241,-9.966241,47.540788,0.851135,0.033759,1.400000,-12.865316,-8.420352,false,false,false,0.000000,74.049069,0.000000
ETHContext60,eth_flat,compressed_up,short,120m,DISCOVERY_REJECTED,12086,9678,0.031479,-4.968521,-7.468521,-9.968521,47.178554,0.881417,0.031479,0.000000,-30.770470,-8.671440,false,false,false,100.000000,34.271696,100.000000
ATRPct14,atr_pct_14_low,trend_up,short,30m,DISCOVERY_REJECTED,80850,41538,0.031399,-4.968601,-7.468601,-9.968601,46.131107,0.717684,0.031399,2.000000,-7.921947,-5.933145,false,false,false,0.000000,0.000000,0.000000
BBWidthPctRank60,bb_width_low,trend_down,short,30m,DISCOVERY_REJECTED,14627,12488,0.030606,-4.969394,-7.469394,-9.969394,42.599303,0.756899,0.030606,-1.500000,-9.847516,-7.914423,false,false,false,0.000000,61.266104,0.000000
TakerBuyRatio,taker_buy_heavy_strong,trend_down,long,240m,DISCOVERY_REJECTED,25915,20568,0.029620,-4.970380,-7.470380,-9.970380,50.021223,0.915517,0.029620,5.000000,-35.766159,-9.680969,false,false,false,100.000000,33.170554,57.765579
ETHContext60,eth_up_strong,range,short,30m,DISCOVERY_REJECTED,17543,13106,0.027861,-4.972139,-7.472139,-9.972139,47.300918,0.821870,0.027861,1.700000,-13.300426,-6.481802,false,false,false,0.000000,45.048886,100.000000
TrendSlope20,slope_up,trend_up,short,15m,DISCOVERY_REJECTED,18838,12454,0.027566,-4.972434,-7.472434,-9.972434,47.181229,0.758128,0.027566,2.800000,-9.377133,-5.198067,false,false,false,0.000000,0.000000,0.000000
BTCContext60,btc_up,range,long,30m,DISCOVERY_REJECTED,50840,36199,0.026843,-4.973157,-7.473157,-9.973157,44.046027,0.776234,0.026843,-0.700000,-9.683189,-5.938218,false,false,false,0.000000,100.000000,0.000000
BTCContext60,btc_down_strong,compressed_down,long,60m,DISCOVERY_REJECTED,9137,7263,0.022987,-4.977013,-7.477013,-9.977013,49.239356,0.892798,0.022987,3.600000,-36.374917,-10.159448,false,false,false,0.000000,37.158955,83.300225
ATRPct14,atr_pct_14_low,trend_up,long,120m,DISCOVERY_REJECTED,80850,41538,0.022587,-4.977413,-7.477413,-9.977413,44.943723,0.853234,0.022587,-2.500000,-21.095702,-6.594811,false,false,false,0.000000,35.398894,0.000000
CloseRelativeEMA20,near_ema20,compressed_up,long,15m,DISCOVERY_REJECTED,30161,23507,0.022255,-4.977745,-7.477745,-9.977745,41.610026,0.683580,0.022255,-0.700000,-7.898687,-5.779211,false,false,false,0.000000,0.000000,0.000000
RealizedVol60,realized_vol_60_low,range,short,15m,DISCOVERY_REJECTED,206395,91613,0.021594,-4.978406,-7.478406,-9.978406,42.124082,0.658857,0.021594,0.000000,-6.432761,-5.168553,false,false,false,0.000000,0.000000,0.000000
ATRPct14,atr_pct_14_low,compressed_up,long,15m,DISCOVERY_REJECTED,31595,23082,0.020464,-4.979536,-7.479536,-9.979536,41.028644,0.646109,0.020464,-0.800000,-8.241874,-5.649492,false,false,false,0.000000,0.000000,0.000000
TrendSlope20,slope_flat,trend_down,long,120m,DISCOVERY_REJECTED,32441,17055,0.019114,-4.980886,-7.480886,-9.980886,49.983046,0.886194,0.019114,5.000000,-19.748842,-73.621201,false,false,false,0.000000,36.599314,81.353573
TakerBuyRatio,taker_balanced,range,short,5m,DISCOVERY_REJECTED,29607,25604,0.016273,-4.983727,-7.483727,-9.983727,39.267741,0.605883,0.016273,0.000000,-7.853914,-5.362316,false,false,false,0.000000,0.000000,0.000000
RealizedVol60,realized_vol_60_low,compressed_up,long,120m,DISCOVERY_REJECTED,37813,26821,0.014442,-4.985558,-7.485558,-9.985558,47.348795,0.871956,0.014442,0.000000,-24.805325,-8.116192,false,false,false,0.000000,27.297407,100.000000
ATRPct14,atr_pct_14_low,range,short,15m,DISCOVERY_REJECTED,168432,77710,0.012857,-4.987143,-7.487143,-9.987143,41.343094,0.622491,0.012857,0.000000,-6.737715,-5.377805,false,false,false,0.000000,0.000000,0.000000
Return15,return15_down,compressed_up,long,5m,DISCOVERY_REJECTED,10593,9639,0.011045,-4.988955,-7.488955,-9.988955,40.432361,0.622288,0.011045,0.000000,-9.446362,-6.739741,false,false,false,0.000000,0.000000,0.000000
RealizedVol60,realized_vol_60_low,compressed_up,long,15m,DISCOVERY_REJECTED,37813,26821,0.008354,-4.991646,-7.491646,-9.991646,41.580938,0.669964,0.008354,-0.800000,-7.024752,-5.582680,false,false,false,0.000000,0.000000,0.000000
CloseRelativeEMA20,near_ema20,range,short,15m,DISCOVERY_REJECTED,122555,70127,0.008238,-4.991762,-7.491762,-9.991762,41.261474,0.644717,0.008238,0.000000,-6.253189,-5.172235,false,false,false,0.000000,0.000000,0.000000
TakerBuyRatio,taker_buy_heavy,compressed_up,long,30m,DISCOVERY_REJECTED,8839,8142,0.006720,-4.993280,-7.493280,-9.993280,44.473357,0.810551,0.006720,-1.300000,-11.663096,-9.064900,false,false,false,0.000000,44.424487,0.000000
BBWidthPctRank60,bb_width_low,compressed_up,short,5m,DISCOVERY_REJECTED,47721,32604,0.005469,-4.994531,-7.494531,-9.994531,40.120702,0.593424,0.005469,0.200000,-7.562896,-5.684728,false,false,false,0.000000,0.000000,0.000000
CompositeRegime,compressed_up,compressed_up,short,5m,DISCOVERY_REJECTED,47721,32604,0.005469,-4.994531,-7.494531,-9.994531,40.120702,0.593424,0.005469,0.200000,-7.562896,-5.684728,false,false,false,0.000000,0.000000,0.000000
TakerBuyRatio,taker_buy_heavy,trend_up,long,30m,DISCOVERY_REJECTED,22883,18806,0.003208,-4.996792,-7.496792,-9.996792,42.114233,0.806242,0.003208,-3.200000,-13.949218,-8.298191,false,false,false,0.000000,76.707822,0.000000
CloseRelativeEMA20,below_ema20,compressed_down,long,5m,DISCOVERY_REJECTED,8958,8058,0.002063,-4.997937,-7.497937,-9.997937,44.407234,0.677181,0.002063,0.700000,-10.187010,-7.193705,false,false,false,0.000000,100.000000,0.000000
CloseRelativeEMA20,below_ema20,compressed_down,short,5m,DISCOVERY_REJECTED,8958,8058,-0.002063,-5.002063,-7.502063,-10.002063,41.661085,0.679460,-0.002063,-0.700000,-11.840054,-5.722590,false,false,false,0.000000,100.000000,0.000000
TakerBuyRatio,taker_buy_heavy,trend_up,short,30m,DISCOVERY_REJECTED,22883,18806,-0.003208,-5.003208,-7.503208,-10.003208,48.306603,0.803641,-0.003208,3.200000,-12.653667,-6.687513,false,false,false,0.000000,92.886501,0.000000
BBWidthPctRank60,bb_width_low,compressed_up,long,5m,DISCOVERY_REJECTED,47721,32604,-0.005469,-5.005469,-7.505469,-10.005469,38.498774,0.595380,-0.005469,-0.200000,-8.307446,-5.434424,false,false,false,0.000000,0.000000,0.000000
CompositeRegime,compressed_up,compressed_up,long,5m,DISCOVERY_REJECTED,47721,32604,-0.005469,-5.005469,-7.505469,-10.005469,38.498774,0.595380,-0.005469,-0.200000,-8.307446,-5.434424,false,false,false,0.000000,0.000000,0.000000
TakerBuyRatio,taker_buy_heavy,compressed_up,short,30m,DISCOVERY_REJECTED,8839,8142,-0.006720,-5.006720,-7.506720,-10.006720,46.441905,0.809247,-0.006720,1.300000,-13.216382,-8.364705,false,false,false,0.000000,65.363913,0.000000
CloseRelativeEMA20,near_ema20,range,long,15m,DISCOVERY_REJECTED,122555,70127,-0.008238,-5.008238,-7.508238,-10.008238,41.361022,0.643497,-0.008238,0.000000,-7.278884,-5.339638,false,false,false,0.000000,0.000000,0.000000
RealizedVol60,realized_vol_60_low,compressed_up,short,15m,DISCOVERY_REJECTED,37813,26821,-0.008354,-5.008354,-7.508354,-10.008354,43.453310,0.666598,-0.008354,0.800000,-7.656971,-5.624838,false,false,false,0.000000,0.000000,0.000000
Return15,return15_down,compressed_up,short,5m,DISCOVERY_REJECTED,10593,9639,-0.011045,-5.011045,-7.511045,-10.011045,41.281979,0.619764,-0.011045,0.000000,-9.171679,-5.474681,false,false,false,0.000000,0.000000,0.000000
ATRPct14,atr_pct_14_low,range,long,15m,DISCOVERY_REJECTED,168432,77710,-0.012857,-5.012857,-7.512857,-10.012857,41.321720,0.620897,-0.012857,0.000000,-6.433476,-5.482942,false,false,false,0.000000,0.000000,0.000000
RealizedVol60,realized_vol_60_low,compressed_up,short,120m,DISCOVERY_REJECTED,37813,26821,-0.014442,-5.014442,-7.514442,-10.014442,47.158385,0.871284,-0.014442,0.000000,-21.401653,-6.876356,false,false,false,0.000000,31.245624,67.253602
TakerBuyRatio,taker_balanced,range,long,5m,DISCOVERY_REJECTED,29607,25604,-0.016273,-5.016273,-7.516273,-10.016273,39.939879,0.602396,-0.016273,0.000000,-7.469914,-5.358654,false,false,false,0.000000,0.000000,0.000000
TrendSlope20,slope_flat,trend_down,short,120m,DISCOVERY_REJECTED,32441,17055,-0.019114,-5.019114,-7.519114,-10.019114,44.767424,0.886053,-0.019114,-5.000000,-33.179921,-7.622533,false,false,false,85.824296,36.069545,82.405342
ATRPct14,atr_pct_14_low,compressed_up,short,15m,DISCOVERY_REJECTED,31595,23082,-0.020464,-5.020464,-7.520464,-10.020464,42.845387,0.640834,-0.020464,0.800000,-7.816408,-5.437971,false,false,false,0.000000,0.000000,0.000000
RealizedVol60,realized_vol_60_low,range,long,15m,DISCOVERY_REJECTED,206395,91613,-0.021594,-5.021594,-7.521594,-10.021594,42.013130,0.656484,-0.021594,0.000000,-6.166454,-5.306900,false,false,false,0.000000,0.000000,0.000000
CloseRelativeEMA20,near_ema20,compressed_up,short,15m,DISCOVERY_REJECTED,30161,23507,-0.022255,-5.022255,-7.522255,-10.022255,43.340738,0.679032,-0.022255,0.700000,-7.656714,-5.706139,false,false,false,0.000000,0.000000,0.000000
ATRPct14,atr_pct_14_low,trend_up,short,120m,DISCOVERY_REJECTED,80850,41538,-0.022587,-5.022587,-7.522587,-10.022587,48.390847,0.851253,-0.022587,2.500000,-15.599686,-6.710777,false,false,false,0.000000,55.695518,100.000000
BTCContext60,btc_down_strong,compressed_down,short,60m,DISCOVERY_REJECTED,9137,7263,-0.022987,-5.022987,-7.522987,-10.022987,45.977892,0.892258,-0.022987,-3.600000,-41.535293,-9.815360,false,false,false,100.000000,34.238138,91.843420
BTCContext60,btc_up,range,short,30m,DISCOVERY_REJECTED,50840,36199,-0.026843,-5.026843,-7.526843,-10.026843,45.432730,0.773301,-0.026843,0.700000,-12.357405,-6.201334,false,false,false,0.000000,0.000000,0.000000
TrendSlope20,slope_up,trend_up,long,15m,DISCOVERY_REJECTED,18838,12454,-0.027566,-5.027566,-7.527566,-10.027566,40.890753,0.759530,-0.027566,-2.800000,-8.250870,-9.186419,false,false,false,0.000000,0.000000,0.000000
ETHContext60,eth_up_strong,range,long,30m,DISCOVERY_REJECTED,17543,13106,-0.027861,-5.027861,-7.527861,-10.027861,44.889700,0.820906,-0.027861,-1.700000,-19.408130,-6.754965,false,false,false,0.000000,41.686097,0.000000
TakerBuyRatio,taker_buy_heavy_strong,trend_down,short,240m,DISCOVERY_REJECTED,25915,20568,-0.029620,-5.029620,-7.529620,-10.029620,46.177889,0.914837,-0.029620,-5.000000,-49.154585,-10.749866,false,false,false,0.000000,23.532748,94.612353
BBWidthPctRank60,bb_width_low,trend_down,long,30m,DISCOVERY_REJECTED,14627,12488,-0.030606,-5.030606,-7.530606,-10.030606,45.792028,0.752309,-0.030606,1.500000,-12.391350,-7.086456,false,false,false,0.000000,0.000000,0.000000
ATRPct14,atr_pct_14_low,trend_up,long,30m,DISCOVERY_REJECTED,80850,41538,-0.031399,-5.031399,-7.531399,-10.031399,40.789116,0.718877,-0.031399,-2.000000,-9.880557,-6.176069,false,false,false,0.000000,0.000000,0.000000
ETHContext60,eth_flat,compressed_up,long,120m,DISCOVERY_REJECTED,12086,9678,-0.031479,-5.031479,-7.531479,-10.031479,47.352308,0.879987,-0.031479,0.000000,-34.912800,-16.351888,false,false,false,0.000000,33.185538,55.602350
CloseRelativeEMA20,above_ema20,range,short,60m,DISCOVERY_REJECTED,50321,36553,-0.033759,-5.033759,-7.533759,-10.033759,45.782079,0.849654,-0.033759,-1.400000,-15.937434,-6.561073,false,false,false,0.000000,36.270045,0.000000
ETHContext60,eth_flat,compressed_up,long,240m,DISCOVERY_REJECTED,12086,9678,-0.033983,-5.033983,-7.533983,-10.033983,48.303823,0.914785,-0.033983,0.800000,-52.481333,-18.868730,false,false,false,100.000000,21.491314,45.906680
BTCContext60,btc_up,range,short,5m,DISCOVERY_REJECTED,50840,36199,-0.035530,-5.035530,-7.535530,-10.035530,39.643981,0.563073,-0.035530,0.300000,-8.080191,-5.517060,false,false,false,0.000000,0.000000,0.000000
VolumeRatio20,volume_ratio_normal,compressed_up,short,5m,DISCOVERY_REJECTED,19087,16220,-0.036811,-5.036811,-7.536811,-10.036811,40.378268,0.601831,-0.036811,0.200000,-8.829369,-6.224753,false,false,false,0.000000,0.000000,0.000000
VolumeRatio20,volume_ratio_high,compressed_up,long,15m,DISCOVERY_REJECTED,10023,9362,-0.038813,-5.038813,-7.538813,-10.038813,41.674149,0.716218,-0.038813,-1.200000,-10.648320,-7.048874,false,false,false,0.000000,100.000000,0.000000
TrendSlope20,slope_down_strong,compressed_up,short,5m,DISCOVERY_REJECTED,9108,7921,-0.041948,-5.041948,-7.541948,-10.041948,39.415898,0.576342,-0.041948,0.000000,-8.055665,-45.669588,false,false,false,0.000000,0.000000,0.000000
ETHContext60,eth_flat,range,long,15m,DISCOVERY_REJECTED,99773,58953,-0.042279,-5.042279,-7.542279,-10.042279,41.653554,0.653889,-0.042279,0.000000,-6.706528,-5.824229,false,false,false,0.000000,0.000000,0.000000
ATRPct14,atr_pct_14_low,range,long,120m,DISCOVERY_REJECTED,168432,77710,-0.044442,-5.044442,-7.544442,-10.044442,47.258834,0.850448,-0.044442,0.800000,-16.110287,-6.511587,false,false,false,0.000000,26.794158,0.000000
BBWidthPctRank60,bb_width_low,trend_down,long,60m,DISCOVERY_REJECTED,14627,12488,-0.045975,-5.045975,-7.545975,-10.045975,47.296096,0.814189,-0.045975,2.100000,-16.089013,-7.393541,false,false,false,0.000000,72.055164,0.000000
RealizedVol60,realized_vol_60_low,trend_up,short,60m,DISCOVERY_REJECTED,105546,50932,-0.047964,-5.047964,-7.547964,-10.047964,48.339113,0.815842,-0.047964,3.050000,-10.798821,-5.856043,false,false,false,0.000000,72.215267,0.000000
TakerBuyRatio,taker_sell_heavy,trend_up,long,120m,DISCOVERY_REJECTED,21621,17988,-0.049351,-5.049351,-7.549351,-10.049351,44.919291,0.891662,-0.049351,-4.700000,-18.496841,-8.970561,false,false,false,0.000000,47.547686,0.000000
RealizedVol60,realized_vol_60_low,range,long,30m,DISCOVERY_REJECTED,206395,91613,-0.050160,-5.050160,-7.550160,-10.050160,44.345066,0.740261,-0.050160,0.000000,-7.527343,-5.428213,false,false,false,0.000000,0.000000,0.000000
BTCContext60,btc_flat,trend_up,long,30m,DISCOVERY_REJECTED,48622,30859,-0.050683,-5.050683,-7.550683,-10.050683,41.495619,0.760550,-0.050683,-2.000000,-8.915416,-5.654685,false,false,false,0.000000,100.000000,0.000000
ETHContext60,eth_flat,compressed_up,short,5m,DISCOVERY_REJECTED,12086,9678,-0.051072,-5.051072,-7.551072,-10.051072,38.970710,0.543229,-0.051072,0.200000,-8.077578,-6.524392,false,false,false,0.000000,0.000000,0.000000
TrendSlope20,slope_up_strong,compressed_up,long,15m,DISCOVERY_REJECTED,12648,10219,-0.052166,-5.052166,-7.552166,-10.052166,41.318786,0.708034,-0.052166,-1.000000,-9.343293,-6.938178,false,false,false,75.143728,0.000000,0.000000
RealizedVol60,realized_vol_60_low,trend_up,short,120m,DISCOVERY_REJECTED,105546,50932,-0.052968,-5.052968,-7.552968,-10.052968,48.834631,0.868234,-0.052968,3.000000,-20.321558,-6.402890,false,false,false,0.000000,39.987204,100.000000
ATRPct14,atr_pct_14_low,compressed_down,short,5m,DISCOVERY_REJECTED,22712,17912,-0.053635,-5.053635,-7.553635,-10.053635,37.068510,0.509853,-0.053635,-0.600000,-8.431427,-5.648458,false,false,false,0.000000,0.000000,0.000000
ETHContext60,eth_flat,range,long,60m,DISCOVERY_REJECTED,99773,58953,-0.053710,-5.053710,-7.553710,-10.053710,45.959328,0.810636,-0.053710,0.400000,-10.215950,-6.104364,false,false,false,0.000000,100.000000,0.000000
TakerBuyRatio,taker_sell_heavy_strong,compressed_up,long,60m,DISCOVERY_REJECTED,11774,10583,-0.057298,-5.057298,-7.557298,-10.057298,45.999660,0.839620,-0.057298,-0.300000,-20.740192,-9.450209,false,false,false,0.000000,70.748276,0.000000
BTCContext60,btc_down,compressed_down,short,120m,DISCOVERY_REJECTED,28763,23014,-0.057308,-5.057308,-7.557308,-10.057308,46.330355,0.890704,-0.057308,-2.200000,-21.615425,-7.077223,false,false,false,0.000000,34.329175,100.000000
TakerBuyRatio,taker_sell_heavy_strong,compressed_up,long,5m,DISCOVERY_REJECTED,11774,10583,-0.060417,-5.060417,-7.560417,-10.060417,37.302531,0.556830,-0.060417,-0.600000,-7.837579,-5.784937,false,false,false,0.000000,0.000000,0.000000
RealizedVol60,realized_vol_60_low,range,long,60m,DISCOVERY_REJECTED,206395,91613,-0.060896,-5.060896,-7.560896,-10.060896,46.128540,0.810302,-0.060896,0.500000,-10.418371,-6.139696,false,false,false,0.000000,100.000000,0.000000
ATRPct14,atr_pct_14_low,range,long,30m,DISCOVERY_REJECTED,168432,77710,-0.062390,-5.062390,-7.562390,-10.062390,43.805215,0.711354,-0.062390,0.000000,-7.439765,-5.576320,false,false,false,0.000000,0.000000,0.000000
TakerBuyRatio,taker_buy_heavy_strong,trend_up,long,30m,DISCOVERY_REJECTED,31671,23959,-0.062995,-5.062995,-7.562995,-10.062995,41.144896,0.766306,-0.062995,-2.700000,-10.744759,-6.612838,false,false,false,0.000000,0.000000,0.000000
CloseRelativeEMA20,near_ema20,range,short,30m,DISCOVERY_REJECTED,122555,70127,-0.063517,-5.063517,-7.563517,-10.063517,43.429481,0.729450,-0.063517,0.000000,-8.642516,-5.641484,false,false,false,0.000000,0.000000,0.000000
TakerBuyRatio,taker_sell_heavy_strong,trend_up,long,60m,DISCOVERY_REJECTED,28559,22518,-0.064221,-5.064221,-7.564221,-10.064221,43.649988,0.826496,-0.064221,-2.800000,-12.013384,-6.436612,false,false,false,0.000000,100.000000,0.000000
BBWidthPctRank60,bb_width_high,range,short,15m,DISCOVERY_REJECTED,60561,48988,-0.064916,-5.064916,-7.564916,-10.064916,42.852661,0.710287,-0.064916,0.000000,-8.189392,-5.666145,false,false,false,0.000000,0.000000,0.000000
TrendSlope20,slope_up,compressed_down,long,30m,DISCOVERY_REJECTED,3139,2893,-0.065727,-5.065727,-7.565727,-10.065727,47.212488,0.818571,-0.065727,1.500000,-17.978697,-21.658753,false,false,false,100.000000,38.191977,0.000000
TakerBuyRatio,taker_buy_heavy,range,short,60m,DISCOVERY_REJECTED,41156,33832,-0.066449,-5.066449,-7.566449,-10.066449,46.267859,0.847880,-0.066449,-0.200000,-12.749111,-6.861206,false,false,false,0.000000,88.925310,0.000000
TrendSlope20,slope_up,compressed_down,short,60m,DISCOVERY_REJECTED,3139,2893,-0.066669,-5.066669,-7.566669,-10.066669,46.033769,0.866396,-0.066669,-1.500000,-23.359741,-11.607654,false,false,false,80.380920,37.941144,100.000000
TakerBuyRatio,taker_sell_heavy,compressed_down,long,30m,DISCOVERY_REJECTED,7551,7017,-0.067762,-5.067762,-7.567762,-10.067762,47.490399,0.827847,-0.067762,1.700000,-20.295304,-8.624360,false,false,false,0.000000,28.840098,97.539620
ETHContext60,eth_up_strong,range,long,60m,DISCOVERY_REJECTED,17543,13106,-0.068975,-5.068975,-7.568975,-10.068975,46.269167,0.869576,-0.068975,-1.000000,-27.478152,-7.741449,false,false,false,0.000000,59.881561,100.000000
Return15,return15_up,trend_up,short,240m,DISCOVERY_REJECTED,66825,41220,-0.069611,-5.069611,-7.569611,-10.069611,49.288440,0.910044,-0.069611,3.000000,-34.323797,-9.573757,false,false,false,0.000000,22.127416,56.949194
TakerBuyRatio,taker_buy_heavy_strong,compressed_up,short,5m,DISCOVERY_REJECTED,11361,10313,-0.070243,-5.070243,-7.570243,-10.070243,38.693777,0.558569,-0.070243,0.000000,-8.204129,-5.469909,false,false,false,0.000000,0.000000,0.000000
VolumeRatio20,volume_ratio_high,trend_down,long,120m,DISCOVERY_REJECTED,33415,25511,-0.071408,-5.071408,-7.571408,-10.071408,50.725722,0.894791,-0.071408,6.400000,-30.625764,-9.335878,false,false,false,0.000000,29.138656,72.840988
BTCContext60,btc_down,trend_up,long,5m,DISCOVERY_REJECTED,10313,8385,-0.075178,-5.075178,-7.575178,-10.075178,38.863570,0.620038,-0.075178,-0.700000,-9.463127,-6.199994,false,false,false,0.000000,57.761850,0.000000
CloseRelativeEMA20,near_ema20,trend_up,long,5m,DISCOVERY_REJECTED,51603,33500,-0.076619,-5.076619,-7.576619,-10.076619,34.143364,0.475832,-0.076619,-0.400000,-6.557871,-5.799114,false,false,false,0.000000,0.000000,0.000000
SessionUTC,us,compressed_up,short,5m,DISCOVERY_REJECTED,15929,10923,-0.077505,-5.077505,-7.577505,-10.077505,41.565698,0.629036,-0.077505,0.300000,-9.040756,-6.289794,false,false,false,0.000000,100.000000,0.000000
TakerBuyRatio,taker_sell_heavy_strong,compressed_down,long,5m,DISCOVERY_REJECTED,9624,8842,-0.079319,-5.079319,-7.579319,-10.079319,41.708229,0.598357,-0.079319,0.600000,-8.948794,-6.587397,false,false,false,0.000000,0.000000,0.000000
VolumeRatio20,volume_ratio_high,compressed_down,short,5m,DISCOVERY_REJECTED,7944,7486,-0.079789,-5.079789,-7.579789,-10.079789,39.149043,0.610913,-0.079789,-0.700000,-9.954234,-6.220649,false,false,false,0.000000,100.000000,0.000000
BBWidthPctRank60,bb_width_low,range,short,15m,DISCOVERY_REJECTED,52222,39805,-0.080005,-5.080005,-7.580005,-10.080005,42.133584,0.662665,-0.080005,0.000000,-8.295650,-5.426358,false,false,false,0.000000,0.000000,0.000000
TrendSlope20,slope_flat,range,short,15m,DISCOVERY_REJECTED,74161,36150,-0.080066,-5.080066,-7.580066,-10.080066,42.790685,0.690318,-0.080066,0.000000,-6.524544,-18.117351,false,false,false,0.000000,0.000000,0.000000
CloseRelativeEMA20,near_ema20,compressed_up,long,5m,DISCOVERY_REJECTED,30161,23507,-0.080096,-5.080096,-7.580096,-10.080096,37.127416,0.533631,-0.080096,0.000000,-8.283037,-5.470576,false,false,false,0.000000,0.000000,0.000000
ETHContext60,eth_down,range,long,15m,DISCOVERY_REJECTED,50385,34896,-0.080495,-5.080495,-7.580495,-10.080495,43.816612,0.705135,-0.080495,0.300000,-8.354400,-5.885996,false,false,false,0.000000,0.000000,0.000000
Return15,return15_flat,compressed_up,short,5m,DISCOVERY_REJECTED,20805,17343,-0.081283,-5.081283,-7.581283,-10.081283,37.745734,0.519630,-0.081283,0.000000,-7.101980,-6.274238,false,false,false,0.000000,0.000000,0.000000
TakerBuyRatio,taker_buy_heavy,trend_up,short,60m,DISCOVERY_REJECTED,22883,18806,-0.081659,-5.081659,-7.581659,-10.081659,49.110694,0.850286,-0.081659,3.800000,-15.301364,-6.731443,false,false,false,0.000000,75.591555,0.000000
ETHContext60,eth_up,range,long,120m,DISCOVERY_REJECTED,53353,36724,-0.084668,-5.084668,-7.584668,-10.084668,47.316927,0.878857,-0.084668,0.000000,-25.277181,-6.343611,false,false,false,0.000000,50.678265,100.000000
TrendSlope20,slope_up_strong,compressed_down,long,15m,DISCOVERY_REJECTED,7930,6987,-0.085545,-5.085545,-7.585545,-10.085545,44.930643,0.738171,-0.085545,0.800000,-11.333968,-7.072117,false,false,false,100.000000,70.007994,0.000000
ATRPct14,atr_pct_14_low,range,long,60m,DISCOVERY_REJECTED,168432,77710,-0.086078,-5.086078,-7.586078,-10.086078,45.668282,0.788135,-0.086078,0.200000,-9.647056,-5.888614,false,false,false,0.000000,100.000000,0.000000
ETHContext60,eth_down,compressed_down,long,15m,DISCOVERY_REJECTED,14985,12760,-0.087083,-5.087083,-7.587083,-10.087083,44.864865,0.716656,-0.087083,1.000000,-12.112848,-6.118233,false,false,false,0.000000,100.000000,0.000000
ATRPct14,atr_pct_14_low,trend_down,long,5m,DISCOVERY_REJECTED,71298,37426,-0.089616,-5.089616,-7.589616,-10.089616,38.605571,0.473865,-0.089616,0.700000,-7.709498,-5.431481,false,false,false,0.000000,0.000000,0.000000
TakerBuyRatio,taker_buy_heavy_strong,trend_down,long,15m,DISCOVERY_REJECTED,25915,20568,-0.089668,-5.089668,-7.589668,-10.089668,44.761721,0.695098,-0.089668,1.700000,-10.170322,-6.236276,false,false,false,0.000000,0.000000,0.000000
CompositeRegime,range,range,short,15m,DISCOVERY_REJECTED,237733,104960,-0.089801,-5.089801,-7.589801,-10.089801,42.680234,0.696029,-0.089801,0.000000,-6.292991,-5.570328,false,false,false,0.000000,0.000000,0.000000
BTCContext60,btc_flat,range,long,5m,DISCOVERY_REJECTED,119071,68033,-0.090606,-5.090606,-7.590606,-10.090606,36.536184,0.513005,-0.090606,0.000000,-6.589606,-5.326497,false,false,false,0.000000,0.000000,0.000000
Return15,return15_flat,range,short,60m,DISCOVERY_REJECTED,69421,46659,-0.091812,-5.091812,-7.591812,-10.091812,44.701171,0.795420,-0.091812,-0.300000,-11.689751,-5.790465,false,false,false,0.000000,0.000000,0.000000
SessionUTC,us,trend_down,short,30m,DISCOVERY_REJECTED,35007,17366,-0.092926,-5.092926,-7.592926,-10.092926,42.048733,0.826942,-0.092926,-4.600000,-15.829348,-6.787054,false,false,false,0.000000,37.246200,100.000000
CloseRelativeEMA20,above_ema20,compressed_up,long,120m,DISCOVERY_REJECTED,10988,9527,-0.093048,-5.093048,-7.593048,-10.093048,48.552967,0.903988,-0.093048,1.500000,-25.660022,-15.513618,false,false,false,79.789399,14.318535,54.150391
Return15,return15_down,trend_down,long,120m,DISCOVERY_REJECTED,64104,39511,-0.094557,-5.094557,-7.594557,-10.094557,49.928242,0.875378,-0.094557,4.900000,-22.136006,-8.139312,false,false,false,0.000000,27.476206,100.000000
VolumeRatio20,volume_ratio_low,compressed_up,short,5m,DISCOVERY_REJECTED,18592,15813,-0.095210,-5.095210,-7.595210,-10.095210,39.635327,0.579767,-0.095210,0.000000,-8.813759,-6.080266,false,false,false,0.000000,0.000000,0.000000
SessionUTC,asia,trend_up,short,15m,DISCOVERY_REJECTED,36588,17818,-0.098189,-5.098189,-7.598189,-10.098189,45.173281,0.696530,-0.098189,1.800000,-9.343658,-5.611597,false,false,false,0.000000,0.000000,0.000000
Return15,return15_flat,trend_up,short,15m,DISCOVERY_REJECTED,24361,18680,-0.100290,-5.100290,-7.600290,-10.100290,41.738845,0.615429,-0.100290,0.800000,-8.063011,-6.081392,false,false,false,0.000000,0.000000,0.000000
TrendSlope20,slope_flat,range,short,60m,DISCOVERY_REJECTED,74161,36150,-0.101156,-5.101156,-7.601156,-10.101156,45.865077,0.830005,-0.101156,0.000000,-16.461652,-26.019626,false,false,false,0.000000,0.000000,0.000000
CloseRelativeEMA20,above_ema20,trend_down,short,15m,DISCOVERY_REJECTED,2094,2021,-0.102863,-5.102863,-7.602863,-10.102863,45.749761,0.817243,-0.102863,-0.400000,-36.743575,-8.814930,false,false,false,100.000000,30.708381,92.128918
Return15,return15_flat,trend_up,long,5m,DISCOVERY_REJECTED,24361,18680,-0.102968,-5.102968,-7.602968,-10.102968,33.286811,0.456615,-0.102968,-0.400000,-6.525611,-5.396376,false,false,false,0.000000,0.000000,0.000000
TakerBuyRatio,taker_buy_heavy_strong,trend_down,short,120m,DISCOVERY_REJECTED,25915,20568,-0.104299,-5.104299,-7.604299,-10.104299,44.804167,0.878254,-0.104299,-4.300000,-29.204246,-8.388593,false,false,false,0.000000,36.505756,82.178843
BTCContext60,btc_up,compressed_up,long,5m,DISCOVERY_REJECTED,35294,26890,-0.105026,-5.105026,-7.605026,-10.105026,37.680626,0.556025,-0.105026,-0.100000,-7.663521,-5.608053,false,false,false,0.000000,0.000000,0.000000
BBWidthPctRank60,bb_width_mid,range,short,15m,DISCOVERY_REJECTED,124950,76776,-0.105956,-5.105956,-7.605956,-10.105956,42.825130,0.701247,-0.105956,0.000000,-6.972087,-5.596171,false,false,false,0.000000,0.000000,0.000000
BTCContext60,btc_up,range,short,15m,DISCOVERY_REJECTED,50840,36199,-0.106053,-5.106053,-7.606053,-10.106053,43.809992,0.696335,-0.106053,0.500000,-7.679776,-5.812668,false,false,false,0.000000,0.000000,0.000000
TrendSlope20,slope_down,compressed_up,short,15m,DISCOVERY_REJECTED,4016,3655,-0.107819,-5.107819,-7.607819,-10.107819,45.019920,0.737988,-0.107819,0.800000,-16.148598,-36.021631,false,false,false,0.000000,56.195919,0.000000
TrendSlope20,slope_up_strong,trend_up,long,15m,DISCOVERY_REJECTED,68487,34304,-0.109995,-5.109995,-7.609995,-10.109995,39.711186,0.706850,-0.109995,-2.000000,-6.823982,-5.891794,false,false,false,100.000000,0.000000,0.000000
SessionUTC,asia,compressed_up,short,5m,DISCOVERY_REJECTED,13062,9148,-0.110271,-5.110271,-7.610271,-10.110271,38.546930,0.563553,-0.110271,0.000000,-7.239522,-6.140804,false,false,false,0.000000,0.000000,0.000000
TakerBuyRatio,taker_buy_heavy,range,long,15m,DISCOVERY_REJECTED,41156,33832,-0.111337,-5.111337,-7.611337,-10.111337,43.002235,0.715834,-0.111337,0.000000,-8.821455,-5.874499,false,false,false,0.000000,0.000000,0.000000
ETHContext60,eth_flat,trend_up,long,15m,DISCOVERY_REJECTED,44266,27627,-0.111987,-5.111987,-7.611987,-10.111987,39.054805,0.673763,-0.111987,-1.700000,-7.327268,-5.947769,false,false,false,0.000000,0.000000,0.000000
BBWidthPctRank60,bb_width_low,trend_down,short,15m,DISCOVERY_REJECTED,14627,12488,-0.112726,-5.112726,-7.612726,-10.112726,40.896971,0.670228,-0.112726,-0.800000,-8.821719,-6.251447,false,false,false,0.000000,0.000000,0.000000
TakerBuyRatio,taker_sell_heavy_strong,compressed_up,short,30m,DISCOVERY_REJECTED,11774,10583,-0.113210,-5.113210,-7.613210,-10.113210,45.914727,0.772423,-0.113210,1.100000,-14.092325,-7.206746,false,false,false,0.000000,70.414841,0.000000
TrendSlope20,slope_up_strong,trend_up,short,30m,DISCOVERY_REJECTED,68487,34304,-0.114474,-5.114474,-7.614474,-10.114474,47.062946,0.775238,-0.114474,2.400000,-9.530015,-148.452297,false,false,false,0.000000,0.000000,0.000000
TakerBuyRatio,taker_sell_heavy_strong,range,short,60m,DISCOVERY_REJECTED,64482,47166,-0.115010,-5.115010,-7.615010,-10.115010,45.135076,0.820093,-0.115010,-0.600000,-12.979917,-6.071451,false,false,false,0.000000,69.918813,0.000000
RealizedVol60,realized_vol_60_low,range,short,120m,DISCOVERY_REJECTED,206395,91613,-0.115242,-5.115242,-7.615242,-10.115242,46.515177,0.863865,-0.115242,-1.000000,-17.082681,-6.236035,false,false,false,0.000000,59.995778,0.000000
CloseRelativeEMA20,above_ema20,trend_up,long,30m,DISCOVERY_REJECTED,54940,35721,-0.117649,-5.117649,-7.617649,-10.117649,41.918456,0.786274,-0.117649,-3.600000,-9.004683,-6.304642,false,false,false,0.000000,100.000000,0.000000
VolumeRatio20,volume_ratio_low,range,short,15m,DISCOVERY_REJECTED,94356,64836,-0.118637,-5.118637,-7.618637,-10.118637,42.284539,0.686246,-0.118637,0.000000,-7.890392,-5.826942,false,false,false,0.000000,0.000000,0.000000
TakerBuyRatio,taker_buy_heavy_strong,compressed_down,long,30m,DISCOVERY_REJECTED,8318,7729,-0.122643,-5.122643,-7.622643,-10.122643,46.934359,0.782681,-0.122643,2.150000,-16.244305,-6.318764,false,false,false,0.000000,48.561797,0.000000
BBWidthPctRank60,bb_width_mid,trend_up,short,120m,DISCOVERY_REJECTED,57180,37750,-0.123385,-5.123385,-7.623385,-10.123385,49.006646,0.882053,-0.123385,3.200000,-23.961793,-8.981016,false,false,false,0.000000,47.904812,0.000000
Return15,return15_flat,range,long,30m,DISCOVERY_REJECTED,69421,46659,-0.123439,-5.123439,-7.623439,-10.123439,43.466674,0.718573,-0.123439,0.000000,-8.574278,-5.516975,false,false,false,0.000000,0.000000,0.000000
BBWidthPctRank60,bb_width_mid,trend_up,long,60m,DISCOVERY_REJECTED,57180,37750,-0.125879,-5.125879,-7.625879,-10.125879,43.399790,0.837830,-0.125879,-3.600000,-14.302866,-6.177162,false,false,false,0.000000,53.464761,0.000000
Return15,return15_down,compressed_down,long,60m,DISCOVERY_REJECTED,11217,10153,-0.126225,-5.126225,-7.626225,-10.126225,49.255594,0.866695,-0.126225,3.700000,-22.474537,-7.100547,false,false,false,0.000000,32.757656,100.000000
TrendSlope20,slope_down_strong,compressed_down,long,15m,DISCOVERY_REJECTED,9731,8341,-0.126351,-5.126351,-7.626351,-10.126351,46.233686,0.742660,-0.126351,1.800000,-19.504432,-106.256491,false,false,false,0.000000,47.666782,0.000000
BTCContext60,btc_down_strong,trend_down,long,30m,DISCOVERY_REJECTED,19720,11580,-0.126410,-5.126410,-7.626410,-10.126410,51.871197,0.872100,-0.126410,8.200000,-26.391368,-7.396647,false,false,false,0.000000,31.232137,66.679812
ETHContext60,eth_up,compressed_up,long,120m,DISCOVERY_REJECTED,18939,15533,-0.129960,-5.129960,-7.629960,-10.129960,47.795554,0.882687,-0.129960,0.700000,-26.639875,-7.872699,false,false,false,0.000000,22.313465,57.593141
BTCContext60,btc_up,range,short,120m,DISCOVERY_REJECTED,50840,36199,-0.130509,-5.130509,-7.630509,-10.130509,47.387884,0.881819,-0.130509,0.000000,-24.817352,-7.521702,false,false,false,0.000000,33.582437,0.000000
CloseRelativeEMA20,near_ema20,trend_down,short,15m,DISCOVERY_REJECTED,47739,31374,-0.131678,-5.131678,-7.631678,-10.131678,39.663587,0.656066,-0.131678,-1.300000,-7.584544,-5.748373,false,false,false,0.000000,0.000000,0.000000
BBWidthPctRank60,bb_width_low,trend_down,short,120m,DISCOVERY_REJECTED,14627,12488,-0.132409,-5.132409,-7.632409,-10.132409,45.593765,0.864790,-0.132409,-2.400000,-35.001137,-8.478136,false,false,false,0.000000,30.014539,0.000000
ATRPct14,atr_pct_14_low,compressed_down,long,15m,DISCOVERY_REJECTED,22712,17912,-0.132657,-5.132657,-7.632657,-10.132657,43.959141,0.652655,-0.132657,0.800000,-8.902137,-6.223843,false,false,false,0.000000,0.000000,0.000000
ETHContext60,eth_up_strong,range,short,15m,DISCOVERY_REJECTED,17543,13106,-0.133783,-5.133783,-7.633783,-10.133783,46.320470,0.758608,-0.133783,1.400000,-13.449373,-5.883060,false,false,false,0.000000,61.997220,0.000000
VolumeRatio20,volume_ratio_low,compressed_down,short,15m,DISCOVERY_REJECTED,15215,13295,-0.134076,-5.134076,-7.634076,-10.134076,43.345383,0.746824,-0.134076,-0.500000,-18.054830,-7.298815,false,false,false,0.000000,52.470615,0.000000
ETHContext60,eth_flat,range,short,30m,DISCOVERY_REJECTED,99773,58953,-0.134389,-5.134389,-7.634389,-10.134389,43.444619,0.735843,-0.134389,-0.100000,-8.044983,-5.598537,false,false,false,0.000000,0.000000,0.000000
ETHContext60,eth_up,range,long,5m,DISCOVERY_REJECTED,53353,36724,-0.135863,-5.135863,-7.635863,-10.135863,37.304369,0.544479,-0.135863,-0.400000,-6.756619,-5.386985,false,false,false,0.000000,0.000000,0.000000
SessionUTC,europe,range,long,60m,DISCOVERY_REJECTED,61231,27836,-0.137408,-5.137408,-7.637408,-10.137408,45.535758,0.816430,-0.137408,0.000000,-18.797556,-6.473810,false,false,false,0.000000,98.466468,0.000000
ETHContext60,eth_up,compressed_up,long,5m,DISCOVERY_REJECTED,18939,15533,-0.139582,-5.139582,-7.639582,-10.139582,37.768626,0.555013,-0.139582,0.000000,-9.688048,-5.795459,false,false,false,0.000000,0.000000,0.000000
ETHContext60,eth_up,trend_up,short,60m,DISCOVERY_REJECTED,38223,25072,-0.139802,-5.139802,-7.639802,-10.139802,48.889412,0.828597,-0.139802,3.600000,-14.927685,-6.900869,false,false,false,0.000000,58.152385,0.000000
ETHContext60,eth_flat,compressed_down,short,60m,DISCOVERY_REJECTED,9366,7741,-0.140362,-5.140362,-7.640362,-10.140362,44.223788,0.834028,-0.140362,-3.500000,-18.121171,-8.814967,false,false,false,100.000000,29.492422,0.000000
TakerBuyRatio,taker_buy_heavy,range,short,30m,DISCOVERY_REJECTED,41156,33832,-0.143833,-5.143833,-7.643833,-10.143833,44.965497,0.787009,-0.143833,0.000000,-9.126760,-6.047277,false,false,false,0.000000,0.000000,0.000000
BTCContext60,btc_up,trend_up,long,5m,DISCOVERY_REJECTED,43361,28304,-0.144783,-5.144783,-7.644783,-10.144783,36.283757,0.570110,-0.144783,-1.200000,-7.574106,-5.772354,false,false,false,0.000000,0.000000,0.000000
RealizedVol60,realized_vol_60_low,compressed_up,long,5m,DISCOVERY_REJECTED,37813,26821,-0.145226,-5.145226,-7.645226,-10.145226,37.011081,0.510961,-0.145226,0.000000,-7.645854,-5.579310,false,false,false,0.000000,0.000000,0.000000
CloseRelativeEMA20,below_ema20,trend_down,long,60m,DISCOVERY_REJECTED,54135,34965,-0.145771,-5.145771,-7.645771,-10.145771,49.803270,0.850178,-0.145771,4.700000,-15.991468,-7.625205,false,false,false,0.000000,67.779465,0.000000
CloseRelativeEMA20,near_ema20,range,long,60m,DISCOVERY_REJECTED,122555,70127,-0.147615,-5.147615,-7.647615,-10.147615,45.670923,0.799089,-0.147615,0.300000,-10.463339,-6.093511,false,false,false,0.000000,0.000000,0.000000
TakerBuyRatio,taker_sell_heavy_strong,compressed_up,short,15m,DISCOVERY_REJECTED,11774,10583,-0.147678,-5.147678,-7.647678,-10.147678,44.097163,0.692142,-0.147678,0.900000,-8.508188,-5.729092,false,false,false,0.000000,0.000000,0.000000
ETHContext60,eth_up_strong,compressed_up,short,15m,DISCOVERY_REJECTED,15140,11284,-0.149575,-5.149575,-7.649575,-10.149575,46.142668,0.751937,-0.149575,1.500000,-10.737590,-6.995366,false,false,false,0.000000,100.000000,0.000000
TakerBuyRatio,taker_balanced,compressed_down,short,120m,DISCOVERY_REJECTED,5250,4978,-0.152897,-5.152897,-7.652897,-10.152897,47.447619,0.907059,-0.152897,-1.200000,-37.942222,-15.576384,false,false,false,46.052193,28.925110,94.784063
ATRPct14,atr_pct_14_mid,compressed_up,short,5m,DISCOVERY_REJECTED,15927,11173,-0.154768,-5.154768,-7.654768,-10.154768,44.358636,0.696238,-0.154768,0.200000,-10.227743,-6.814438,false,false,false,0.000000,0.000000,0.000000
RealizedVol60,realized_vol_60_low,range,long,5m,DISCOVERY_REJECTED,206395,91613,-0.154929,-5.154929,-7.654929,-10.154929,37.000412,0.498718,-0.154929,0.000000,-6.067931,-5.440267,false,false,false,0.000000,0.000000,0.000000
TakerBuyRatio,taker_buy_heavy,trend_up,long,15m,DISCOVERY_REJECTED,22883,18806,-0.156822,-5.156822,-7.656822,-10.156822,40.497312,0.738822,-0.156822,-2.500000,-10.801929,-6.586471,false,false,false,0.000000,100.000000,0.000000
BBWidthPctRank60,bb_width_low,range,long,5m,DISCOVERY_REJECTED,52222,39805,-0.158900,-5.158900,-7.658900,-10.158900,36.536326,0.506539,-0.158900,0.000000,-6.818841,-5.354060,false,false,false,0.000000,0.000000,0.000000
TrendSlope20,slope_flat,range,long,5m,DISCOVERY_REJECTED,74161,36150,-0.159323,-5.159323,-7.659323,-10.159323,38.013241,0.547994,-0.159323,0.000000,-6.718292,-7.048089,false,false,false,100.000000,0.000000,0.000000
ETHContext60,eth_down,range,short,60m,DISCOVERY_REJECTED,50385,34896,-0.160250,-5.160250,-7.660250,-10.160250,45.205914,0.838319,-0.160250,-1.800000,-15.370198,-6.648440,false,false,false,0.000000,53.042802,0.000000
SessionUTC,late_us,trend_up,short,15m,DISCOVERY_REJECTED,20591,10345,-0.160437,-5.160437,-7.660437,-10.160437,45.738429,0.688019,-0.160437,2.300000,-13.779338,-6.414160,false,false,false,0.000000,0.000000,0.000000
SessionUTC,asia,range,short,5m,DISCOVERY_REJECTED,70306,31991,-0.162452,-5.162452,-7.662452,-10.162452,37.998179,0.542671,-0.162452,0.000000,-6.703105,-5.473705,false,false,false,0.000000,0.000000,0.000000
ETHContext60,eth_up,trend_up,short,30m,DISCOVERY_REJECTED,38223,25072,-0.163481,-5.163481,-7.663481,-10.163481,47.528975,0.765791,-0.163481,2.800000,-13.689073,-6.399663,false,false,false,0.000000,98.561341,0.000000
TakerBuyRatio,taker_buy_heavy_strong,compressed_down,short,60m,DISCOVERY_REJECTED,8318,7729,-0.165706,-5.165706,-7.665706,-10.165706,44.662178,0.844163,-0.165706,-3.100000,-20.807520,-7.999719,false,false,false,0.000000,31.185842,77.059441
BTCContext60,btc_up,trend_down,short,30m,DISCOVERY_REJECTED,9157,7754,-0.166340,-5.166340,-7.666340,-10.166340,43.267446,0.791404,-0.166340,-2.100000,-17.705500,-7.791641,false,false,false,0.000000,31.153733,100.000000
VolumeRatio20,volume_ratio_normal,range,long,15m,DISCOVERY_REJECTED,87721,59480,-0.167740,-5.167740,-7.667740,-10.167740,42.851769,0.697988,-0.167740,0.000000,-6.787024,-5.857603,false,false,false,0.000000,0.000000,0.000000
VolumeRatio20,volume_ratio_high,compressed_down,long,60m,DISCOVERY_REJECTED,7944,7486,-0.169556,-5.169556,-7.669556,-10.169556,48.426485,0.849382,-0.169556,2.850000,-22.117782,-7.667904,false,false,false,0.000000,29.138859,100.000000
SessionUTC,europe,range,long,5m,DISCOVERY_REJECTED,61231,27836,-0.169839,-5.169839,-7.669839,-10.169839,36.457023,0.526443,-0.169839,-0.200000,-7.130562,-5.444932,false,false,false,0.000000,0.000000,0.000000
TakerBuyRatio,taker_sell_heavy_strong,trend_up,long,15m,DISCOVERY_REJECTED,28559,22518,-0.171845,-5.171845,-7.671845,-10.171845,39.378129,0.677887,-0.171845,-1.700000,-7.315600,-6.324618,false,false,false,0.000000,0.000000,0.000000
ATRPct14,atr_pct_14_low,range,long,5m,DISCOVERY_REJECTED,168432,77710,-0.173401,-5.173401,-7.673401,-10.173401,35.744989,0.450418,-0.173401,0.000000,-6.077945,-5.497392,false,false,false,0.000000,0.000000,0.000000
TrendSlope20,slope_down_strong,compressed_down,short,60m,DISCOVERY_REJECTED,9731,8341,-0.173990,-5.173990,-7.673990,-10.173990,44.106464,0.854950,-0.173990,-3.600000,-19.182614,-7.789269,false,false,false,100.000000,51.595340,100.000000
BTCContext60,btc_flat,range,short,15m,DISCOVERY_REJECTED,119071,68033,-0.175186,-5.175186,-7.675186,-10.175186,41.869137,0.655759,-0.175186,0.000000,-7.377647,-5.515238,false,false,false,0.000000,0.000000,0.000000
BTCContext60,btc_up_strong,range,short,5m,DISCOVERY_REJECTED,10002,7967,-0.176716,-5.176716,-7.676716,-10.176716,42.861428,0.673911,-0.176716,0.400000,-10.806710,-6.176520,false,false,false,0.000000,67.437588,0.000000
TakerBuyRatio,taker_sell_heavy,trend_up,long,5m,DISCOVERY_REJECTED,21621,17988,-0.178029,-5.178029,-7.678029,-10.178029,37.468202,0.602285,-0.178029,-1.000000,-8.241016,-6.666597,false,false,false,0.000000,0.000000,0.000000
VolumeRatio20,volume_ratio_high,trend_down,short,15m,DISCOVERY_REJECTED,33415,25511,-0.178428,-5.178428,-7.678428,-10.178428,40.808020,0.748937,-0.178428,-2.500000,-14.890083,-6.076470,false,false,false,0.000000,100.000000,0.000000
VolumeRatio20,volume_ratio_normal,range,short,60m,DISCOVERY_REJECTED,87721,59480,-0.178500,-5.178500,-7.678500,-10.178500,45.680054,0.835594,-0.178500,-0.600000,-13.331341,-6.779980,false,false,false,0.000000,100.000000,0.000000
Return15,return15_flat,compressed_down,short,15m,DISCOVERY_REJECTED,15786,13763,-0.179463,-5.179463,-7.679463,-10.179463,41.701508,0.694676,-0.179463,-0.800000,-9.711175,-6.862598,false,false,false,0.000000,0.000000,0.000000
CompositeRegime,range,range,short,30m,DISCOVERY_REJECTED,237733,104960,-0.185195,-5.185195,-7.685195,-10.185195,44.310634,0.768183,-0.185195,0.000000,-8.557773,-5.688948,false,false,false,0.000000,0.000000,0.000000
ATRPct14,atr_pct_14_low,compressed_up,long,5m,DISCOVERY_REJECTED,31595,23082,-0.187381,-5.187381,-7.687381,-10.187381,35.989872,0.474575,-0.187381,-0.200000,-7.696449,-5.482698,false,false,false,0.000000,0.000000,0.000000
TrendSlope20,slope_down,compressed_up,short,5m,DISCOVERY_REJECTED,4016,3655,-0.188462,-5.188462,-7.688462,-10.188462,39.790837,0.606931,-0.188462,-0.050000,-9.972371,-38.475658,false,false,false,0.000000,0.000000,0.000000
ATRPct14,atr_pct_14_low,trend_up,long,15m,DISCOVERY_REJECTED,80850,41538,-0.188561,-5.188561,-7.688561,-10.188561,38.518244,0.621323,-0.188561,-1.700000,-7.707169,-5.674709,false,false,false,0.000000,0.000000,0.000000
VolumeRatio20,volume_ratio_high,range,short,5m,DISCOVERY_REJECTED,55634,43212,-0.188665,-5.188665,-7.688665,-10.188665,38.578927,0.564260,-0.188665,0.000000,-7.781660,-5.748739,false,false,false,0.000000,0.000000,0.000000
Return15,return15_flat,compressed_up,short,15m,DISCOVERY_REJECTED,20805,17343,-0.188849,-5.188849,-7.688849,-10.188849,42.907955,0.658589,-0.188849,0.700000,-8.888060,-5.904410,false,false,false,0.000000,0.000000,0.000000
TrendSlope20,slope_flat,range,short,30m,DISCOVERY_REJECTED,74161,36150,-0.188875,-5.188875,-7.688875,-10.188875,44.549022,0.762892,-0.188875,0.000000,-12.254877,-13.244108,false,false,false,0.000000,0.000000,0.000000
Return15,return15_flat,compressed_down,short,5m,DISCOVERY_REJECTED,15786,13763,-0.189282,-5.189282,-7.689282,-10.189282,37.292538,0.554288,-0.189282,-0.700000,-8.958497,-6.011741,false,false,false,0.000000,0.000000,0.000000
BTCContext60,btc_down_strong,compressed_down,long,15m,DISCOVERY_REJECTED,9137,7263,-0.190788,-5.190788,-7.690788,-10.190788,47.761847,0.800871,-0.190788,2.100000,-16.422864,-6.266415,false,false,false,0.000000,25.245599,73.677827
Return15,return15_flat,trend_down,long,30m,DISCOVERY_REJECTED,21667,16887,-0.191824,-5.191824,-7.691824,-10.191824,45.936216,0.719018,-0.191824,1.900000,-11.843364,-6.667969,false,false,false,0.000000,100.000000,0.000000
CompositeRegime,range,range,long,5m,DISCOVERY_REJECTED,237733,104960,-0.192353,-5.192353,-7.692353,-10.192353,37.977900,0.554094,-0.192353,0.000000,-6.826965,-5.438690,false,false,false,0.000000,0.000000,0.000000
ETHContext60,eth_up,trend_up,long,15m,DISCOVERY_REJECTED,38223,25072,-0.192718,-5.192718,-7.692718,-10.192718,39.382047,0.695046,-0.192718,-2.100000,-7.707861,-5.864299,false,false,false,0.000000,100.000000,0.000000
BBWidthPctRank60,bb_width_mid,range,long,5m,DISCOVERY_REJECTED,124950,76776,-0.193863,-5.193863,-7.693863,-10.193863,38.292117,0.561484,-0.193863,0.000000,-6.959928,-5.525254,false,false,false,0.000000,0.000000,0.000000
ATRPct14,atr_pct_14_mid,range,long,5m,DISCOVERY_REJECTED,68277,38332,-0.199560,-5.199560,-7.699560,-10.199560,43.349884,0.688708,-0.199560,0.000000,-8.037460,-5.807046,false,false,false,0.000000,0.000000,0.000000
TakerBuyRatio,taker_sell_heavy,compressed_up,short,5m,DISCOVERY_REJECTED,9060,8314,-0.200400,-5.200400,-7.700400,-10.200400,40.717439,0.604676,-0.200400,0.300000,-10.105974,-7.098567,false,false,false,0.000000,0.000000,0.000000
ETHContext60,eth_up,range,short,60m,DISCOVERY_REJECTED,53353,36724,-0.200900,-5.200900,-7.700900,-10.200900,46.342286,0.826795,-0.200900,0.300000,-18.251678,-5.920873,false,false,false,0.000000,53.944353,0.000000
ETHContext60,eth_up,range,short,15m,DISCOVERY_REJECTED,53353,36724,-0.201142,-5.201142,-7.701142,-10.201142,43.581429,0.681752,-0.201142,0.500000,-7.489528,-5.614579,false,false,false,0.000000,0.000000,0.000000
CloseRelativeEMA20,below_ema20,trend_down,long,120m,DISCOVERY_REJECTED,54135,34965,-0.203760,-5.203760,-7.703760,-10.203760,50.503371,0.890630,-0.203760,6.100000,-24.048539,-9.414934,false,false,false,0.000000,41.903971,50.252365
VolumeRatio20,volume_ratio_normal,trend_down,short,15m,DISCOVERY_REJECTED,43789,30955,-0.206824,-5.206824,-7.706824,-10.206824,40.793350,0.742407,-0.206824,-2.400000,-10.097512,-6.260419,false,false,false,0.000000,100.000000,0.000000
TakerBuyRatio,taker_buy_heavy_strong,compressed_down,short,15m,DISCOVERY_REJECTED,8318,7729,-0.206975,-5.206975,-7.706975,-10.206975,41.812936,0.707678,-0.206975,-1.300000,-10.745405,-6.619588,false,false,false,0.000000,0.000000,0.000000
BTCContext60,btc_up_strong,trend_up,long,15m,DISCOVERY_REJECTED,17436,10827,-0.210506,-5.210506,-7.710506,-10.210506,40.611379,0.778785,-0.210506,-4.400000,-11.881029,-6.311427,false,false,false,0.000000,100.000000,0.000000
BTCContext60,btc_up,trend_down,long,15m,DISCOVERY_REJECTED,9157,7754,-0.210776,-5.210776,-7.710776,-10.210776,44.894616,0.713631,-0.210776,1.100000,-14.993479,-6.918525,false,false,false,0.000000,85.691157,0.000000
Return15,return15_flat,trend_up,long,120m,DISCOVERY_REJECTED,24361,18680,-0.211361,-5.211361,-7.711361,-10.211361,44.969418,0.846123,-0.211361,-1.800000,-25.578682,-6.951153,false,false,false,0.000000,90.797687,0.000000
ETHContext60,eth_flat,range,long,5m,DISCOVERY_REJECTED,99773,58953,-0.211780,-5.211780,-7.711780,-10.211780,36.108967,0.495817,-0.211780,0.000000,-6.917991,-5.656867,false,false,false,0.000000,0.000000,0.000000
CloseRelativeEMA20,near_ema20,range,long,5m,DISCOVERY_REJECTED,122555,70127,-0.214841,-5.214841,-7.714841,-10.214841,35.641957,0.475280,-0.214841,0.000000,-6.249035,-5.376786,false,false,false,0.000000,0.000000,0.000000
RealizedVol60,realized_vol_60_low,compressed_down,long,15m,DISCOVERY_REJECTED,28359,21606,-0.217450,-5.217450,-7.717450,-10.217450,44.426813,0.682104,-0.217450,0.800000,-8.442517,-6.284177,false,false,false,0.000000,0.000000,0.000000
BBWidthPctRank60,bb_width_high,range,long,5m,DISCOVERY_REJECTED,60561,48988,-0.218084,-5.218084,-7.718084,-10.218084,38.572679,0.574335,-0.218084,0.000000,-7.428319,-5.457649,false,false,false,0.000000,0.000000,0.000000
ETHContext60,eth_flat,trend_up,short,60m,DISCOVERY_REJECTED,44266,27627,-0.219200,-5.219200,-7.719200,-10.219200,48.027832,0.811642,-0.219200,2.900000,-12.374933,-5.954037,false,false,false,0.000000,75.745252,0.000000
SessionUTC,late_us,range,long,5m,DISCOVERY_REJECTED,39572,18660,-0.222329,-5.222329,-7.722329,-10.222329,37.294046,0.526164,-0.222329,0.000000,-8.034866,-5.534458,false,false,false,0.000000,0.000000,0.000000
TakerBuyRatio,taker_buy_heavy_strong,trend_down,short,60m,DISCOVERY_REJECTED,25915,20568,-0.222916,-5.222916,-7.722916,-10.222916,43.229790,0.827852,-0.222916,-3.600000,-18.064729,-8.324041,false,false,false,0.000000,49.436324,0.000000
CompositeRegime,trend_up,trend_up,short,60m,DISCOVERY_REJECTED,120660,57289,-0.223513,-5.223513,-7.723513,-10.223513,48.785845,0.834503,-0.223513,3.500000,-12.321030,-5.885087,false,false,false,0.000000,53.644174,0.000000
CompositeRegime,trend_up,trend_up,long,30m,DISCOVERY_REJECTED,120660,57289,-0.223700,-5.223700,-7.723700,-10.223700,41.631029,0.779655,-0.223700,-2.800000,-9.033879,-5.893513,false,false,false,0.000000,0.000000,0.000000
BBWidthPctRank60,bb_width_high,trend_up,long,15m,DISCOVERY_REJECTED,46994,34217,-0.224324,-5.224324,-7.724324,-10.224324,39.519939,0.729002,-0.224324,-2.800000,-8.088086,-6.226017,false,false,false,0.000000,0.000000,0.000000
CloseRelativeEMA20,below_ema20,compressed_up,short,15m,DISCOVERY_REJECTED,5531,5079,-0.226655,-5.226655,-7.726655,-10.226655,46.356897,0.768728,-0.226655,1.400000,-18.630362,-7.238693,false,false,false,0.000000,40.130390,100.000000
TakerBuyRatio,taker_sell_heavy_strong,trend_down,short,60m,DISCOVERY_REJECTED,32354,24211,-0.229792,-5.229792,-7.729792,-10.229792,43.178587,0.836900,-0.229792,-4.200000,-22.858667,-6.606206,false,false,false,0.000000,44.445378,0.000000
Return15,return15_flat,range,long,15m,DISCOVERY_REJECTED,69421,46659,-0.231469,-5.231469,-7.731469,-10.231469,40.447415,0.623785,-0.231469,0.000000,-7.556738,-5.551222,false,false,false,0.000000,0.000000,0.000000
Return15,return15_flat,range,short,240m,DISCOVERY_REJECTED,69421,46659,-0.235215,-5.235215,-7.735215,-10.235215,47.001628,0.894365,-0.235215,-1.500000,-35.123374,-7.262911,false,false,false,0.000000,29.934193,65.972827
Return15,return15_up,range,long,120m,DISCOVERY_REJECTED,64270,43953,-0.235706,-5.235706,-7.735706,-10.235706,47.950832,0.873979,-0.235706,1.200000,-20.499947,-6.877329,false,false,false,0.000000,34.218725,100.000000
SessionUTC,asia,range,short,15m,DISCOVERY_REJECTED,70306,31991,-0.237654,-5.237654,-7.737654,-10.237654,42.603761,0.677339,-0.237654,0.000000,-7.950372,-5.805540,false,false,false,0.000000,0.000000,0.000000
BTCContext60,btc_down,compressed_down,long,30m,DISCOVERY_REJECTED,28763,23014,-0.238985,-5.238985,-7.738985,-10.238985,46.716267,0.784910,-0.238985,1.600000,-12.082514,-6.279488,false,false,false,0.000000,67.381747,0.000000
CloseRelativeEMA20,near_ema20,range,short,240m,DISCOVERY_REJECTED,122555,70127,-0.239086,-5.239086,-7.739086,-10.239086,47.289788,0.898614,-0.239086,-1.000000,-28.716067,-7.724598,false,false,false,0.000000,25.499057,57.057091
RealizedVol60,realized_vol_60_low,trend_up,long,30m,DISCOVERY_REJECTED,105546,50932,-0.239191,-5.239191,-7.739191,-10.239191,41.291001,0.746003,-0.239191,-2.500000,-8.628574,-6.188308,false,false,false,0.000000,0.000000,0.000000
BTCContext60,btc_down,compressed_down,long,5m,DISCOVERY_REJECTED,28763,23014,-0.239543,-5.239543,-7.739543,-10.239543,41.031881,0.581116,-0.239543,0.500000,-8.882723,-5.850119,false,false,false,0.000000,0.000000,0.000000
SessionUTC,late_us,compressed_down,short,15m,DISCOVERY_REJECTED,6263,4772,-0.240176,-5.240176,-7.740176,-10.240176,42.407792,0.731386,-0.240176,-0.900000,-16.403326,-7.598479,false,false,false,0.000000,52.332069,0.000000
VolumeRatio20,volume_ratio_high,trend_up,long,15m,DISCOVERY_REJECTED,36160,27339,-0.240963,-5.240963,-7.740963,-10.240963,39.272677,0.721999,-0.240963,-2.900000,-10.661727,-6.114101,false,false,false,0.000000,0.000000,0.000000
TrendSlope20,slope_flat,compressed_up,short,5m,DISCOVERY_REJECTED,17276,12403,-0.241089,-5.241089,-7.741089,-10.241089,40.368141,0.582180,-0.241089,0.000000,-9.856346,-10.080083,false,false,false,0.000000,0.000000,0.000000
RealizedVol60,realized_vol_60_low,compressed_down,long,5m,DISCOVERY_REJECTED,28359,21606,-0.241666,-5.241666,-7.741666,-10.241666,40.413978,0.532737,-0.241666,0.400000,-8.030585,-5.592959,false,false,false,0.000000,0.000000,0.000000
SessionUTC,us,trend_up,long,5m,DISCOVERY_REJECTED,32725,16493,-0.242814,-5.242814,-7.742814,-10.242814,38.362108,0.621847,-0.242814,-1.000000,-8.959880,-6.849644,false,false,false,0.000000,0.000000,0.000000
TrendSlope20,slope_up_strong,compressed_up,long,5m,DISCOVERY_REJECTED,12648,10219,-0.243007,-5.243007,-7.743007,-10.243007,37.112587,0.563727,-0.243007,-0.500000,-8.882261,-5.977992,false,false,false,57.054343,0.000000,0.000000
Return15,return15_up_strong,range,long,15m,DISCOVERY_REJECTED,19019,15548,-0.243704,-5.243704,-7.743704,-10.243704,44.066460,0.791256,-0.243704,-2.100000,-17.877924,-7.397469,false,false,false,0.000000,69.136301,0.000000
CloseRelativeEMA20,above_ema20,compressed_down,long,15m,DISCOVERY_REJECTED,4917,4574,-0.243718,-5.243718,-7.743718,-10.243718,45.962986,0.774508,-0.243718,1.000000,-19.118945,-7.258788,false,false,false,0.000000,61.849328,81.749392
TakerBuyRatio,taker_sell_heavy,trend_up,long,60m,DISCOVERY_REJECTED,21621,17988,-0.244819,-5.244819,-7.744819,-10.244819,43.314370,0.846637,-0.244819,-4.300000,-14.321857,-8.238171,false,false,false,0.000000,56.094515,0.000000
CompositeRegime,range,range,short,60m,DISCOVERY_REJECTED,237733,104960,-0.245032,-5.245032,-7.745032,-10.245032,45.533014,0.829580,-0.245032,-0.600000,-12.967942,-6.113063,false,false,false,0.000000,0.000000,0.000000
ETHContext60,eth_down,trend_up,long,60m,DISCOVERY_REJECTED,11162,8904,-0.245545,-5.245545,-7.745545,-10.245545,44.561906,0.847577,-0.245545,-2.300000,-14.691859,-9.571103,false,false,false,0.000000,54.865771,0.000000
TrendSlope20,slope_down_strong,range,short,5m,DISCOVERY_REJECTED,63457,36606,-0.246957,-5.246957,-7.746957,-10.246957,36.566494,0.534109,-0.246957,-0.500000,-6.856586,-6.593200,false,false,false,100.000000,0.000000,0.000000
BTCContext60,btc_down,trend_up,short,240m,DISCOVERY_REJECTED,10313,8385,-0.247573,-5.247573,-7.747573,-10.247573,50.150296,0.922998,-0.247573,5.300000,-41.848056,-11.864075,false,false,false,100.000000,20.193017,52.562594
BBWidthPctRank60,bb_width_low,compressed_down,long,120m,DISCOVERY_REJECTED,37900,27941,-0.247706,-5.247706,-7.747706,-10.247706,48.585752,0.896389,-0.247706,2.000000,-24.317256,-7.458471,false,false,false,0.000000,51.866094,65.550104
CompositeRegime,compressed_down,compressed_down,long,120m,DISCOVERY_REJECTED,37900,27941,-0.247706,-5.247706,-7.747706,-10.247706,48.585752,0.896389,-0.247706,2.000000,-24.317256,-7.458471,false,false,false,0.000000,51.866094,65.550104
ETHContext60,eth_up,trend_down,short,5m,DISCOVERY_REJECTED,10576,8702,-0.248812,-5.248812,-7.748812,-10.248812,37.509455,0.558686,-0.248812,-0.300000,-8.551525,-5.914177,false,false,false,0.000000,0.000000,0.000000
TakerBuyRatio,taker_balanced,range,long,15m,DISCOVERY_REJECTED,29607,25604,-0.250391,-5.250391,-7.750391,-10.250391,43.648462,0.713939,-0.250391,0.000000,-7.415163,-6.543808,false,false,false,0.000000,0.000000,0.000000
RealizedVol60,realized_vol_60_low,trend_down,long,60m,DISCOVERY_REJECTED,99011,47972,-0.250546,-5.250546,-7.750546,-10.250546,48.930927,0.818608,-0.250546,3.700000,-16.764901,-6.244138,false,false,false,0.000000,100.000000,0.000000
BTCContext60,btc_down,trend_up,short,120m,DISCOVERY_REJECTED,10313,8385,-0.251621,-5.251621,-7.751621,-10.251621,49.035198,0.893089,-0.251621,2.500000,-20.462684,-9.424524,false,false,false,100.000000,28.372998,100.000000
VolumeRatio20,volume_ratio_normal,trend_up,short,60m,DISCOVERY_REJECTED,45584,32228,-0.255125,-5.255125,-7.755125,-10.255125,48.721042,0.838182,-0.255125,3.400000,-13.802710,-6.508029,false,false,false,0.000000,79.166884,0.000000
SessionUTC,asia,trend_down,long,5m,DISCOVERY_REJECTED,33470,16334,-0.255408,-5.255408,-7.755408,-10.255408,40.484016,0.594144,-0.255408,0.500000,-9.254661,-6.485036,false,false,false,0.000000,0.000000,0.000000
ETHContext60,eth_up,trend_down,long,30m,DISCOVERY_REJECTED,10576,8702,-0.256563,-5.256563,-7.756563,-10.256563,46.473147,0.775084,-0.256563,1.500000,-15.537760,-6.120108,false,false,false,0.000000,80.076547,0.000000
ETHContext60,eth_flat,compressed_up,short,15m,DISCOVERY_REJECTED,12086,9678,-0.256706,-5.256706,-7.756706,-10.256706,43.215290,0.680318,-0.256706,0.400000,-11.193048,-6.742497,false,false,false,0.000000,0.000000,0.000000
BTCContext60,btc_flat,trend_down,long,5m,DISCOVERY_REJECTED,43905,28497,-0.256822,-5.256822,-7.756822,-10.256822,38.405649,0.520327,-0.256822,0.400000,-14.320959,-5.985309,false,false,false,0.000000,0.000000,0.000000
SessionUTC,us,compressed_down,long,15m,DISCOVERY_REJECTED,13459,9794,-0.257985,-5.257985,-7.757985,-10.257985,46.102979,0.768232,-0.257985,1.400000,-12.822159,-6.602229,false,false,false,0.000000,49.806774,0.000000
CloseRelativeEMA20,above_ema20,compressed_up,long,5m,DISCOVERY_REJECTED,10988,9527,-0.259506,-5.259506,-7.759506,-10.259506,39.779760,0.625426,-0.259506,-0.800000,-10.500785,-6.551960,false,false,false,0.000000,0.000000,0.000000
VolumeRatio20,volume_ratio_normal,range,long,30m,DISCOVERY_REJECTED,87721,59480,-0.259524,-5.259524,-7.759524,-10.259524,44.802271,0.769828,-0.259524,0.000000,-7.270585,-6.309828,false,false,false,0.000000,0.000000,0.000000
TrendSlope20,slope_down_strong,compressed_down,short,120m,DISCOVERY_REJECTED,9731,8341,-0.261689,-5.261689,-7.761689,-10.261689,45.658206,0.891679,-0.261689,-3.900000,-24.693698,-164.848676,false,false,false,0.000000,39.764312,83.573932
TakerBuyRatio,taker_balanced,trend_up,long,30m,DISCOVERY_REJECTED,15926,13764,-0.263927,-5.263927,-7.763927,-10.263927,42.389803,0.798804,-0.263927,-3.000000,-10.689555,-8.200617,false,false,false,0.000000,70.450913,0.000000
ETHContext60,eth_up,range,short,30m,DISCOVERY_REJECTED,53353,36724,-0.264773,-5.264773,-7.764773,-10.264773,44.953423,0.758667,-0.264773,0.300000,-10.915278,-5.968469,false,false,false,0.000000,0.000000,0.000000
VolumeRatio20,volume_ratio_low,range,short,60m,DISCOVERY_REJECTED,94356,64836,-0.265109,-5.265109,-7.765109,-10.265109,45.193734,0.826704,-0.265109,-1.100000,-12.734775,-6.228596,false,false,false,0.000000,0.000000,0.000000
TrendSlope20,slope_up,trend_up,long,5m,DISCOVERY_REJECTED,18838,12454,-0.266350,-5.266350,-7.766350,-10.266350,38.098524,0.630680,-0.266350,-1.300000,-10.660138,-7.610747,false,false,false,0.000000,0.000000,0.000000
RealizedVol60,realized_vol_60_low,compressed_up,short,30m,DISCOVERY_REJECTED,37813,26821,-0.267822,-5.267822,-7.767822,-10.267822,45.148494,0.740582,-0.267822,0.600000,-12.850695,-6.267794,false,false,false,0.000000,0.000000,0.000000
VolumeRatio20,volume_ratio_normal,trend_up,long,15m,DISCOVERY_REJECTED,45584,32228,-0.269047,-5.269047,-7.769047,-10.269047,39.996490,0.712669,-0.269047,-2.200000,-7.747302,-6.138746,false,false,false,0.000000,0.000000,0.000000
ATRPct14,atr_pct_14_mid,range,short,15m,DISCOVERY_REJECTED,68277,38332,-0.271806,-5.271806,-7.771806,-10.271806,45.958375,0.787450,-0.271806,0.000000,-9.100123,-6.737884,false,false,false,0.000000,0.000000,0.000000
VolumeRatio20,volume_ratio_high,compressed_up,long,5m,DISCOVERY_REJECTED,10023,9362,-0.272758,-5.272758,-7.772758,-10.272758,38.082410,0.571750,-0.272758,-0.500000,-8.680080,-5.945081,false,false,false,0.000000,0.000000,0.000000
TrendSlope20,slope_down_strong,compressed_down,long,5m,DISCOVERY_REJECTED,9731,8341,-0.273515,-5.273515,-7.773515,-10.273515,41.742884,0.603651,-0.273515,0.900000,-9.540531,-43.396862,false,false,false,0.000000,100.000000,0.000000
BBWidthPctRank60,bb_width_low,trend_down,long,5m,DISCOVERY_REJECTED,14627,12488,-0.274164,-5.274164,-7.774164,-10.274164,37.642716,0.508621,-0.274164,0.000000,-7.674771,-6.637739,false,false,false,0.000000,0.000000,0.000000
ETHContext60,eth_down,range,long,5m,DISCOVERY_REJECTED,50385,34896,-0.275340,-5.275340,-7.775340,-10.275340,39.414508,0.558893,-0.275340,0.000000,-7.588635,-5.723901,false,false,false,0.000000,0.000000,0.000000
TrendSlope20,slope_up,trend_up,short,60m,DISCOVERY_REJECTED,18838,12454,-0.275397,-5.275397,-7.775397,-10.275397,50.015925,0.857697,-0.275397,5.000000,-17.768832,-9.274813,false,false,false,100.000000,47.440521,0.000000
VolumeRatio20,volume_ratio_normal,compressed_up,long,15m,DISCOVERY_REJECTED,19087,16220,-0.275456,-5.275456,-7.775456,-10.275456,41.871431,0.716730,-0.275456,-1.400000,-10.341582,-6.038592,false,false,false,0.000000,0.000000,0.000000
BTCContext60,btc_up_strong,compressed_up,short,5m,DISCOVERY_REJECTED,12427,9282,-0.277283,-5.277283,-7.777283,-10.277283,42.496178,0.649125,-0.277283,0.400000,-12.850515,-6.505143,false,false,false,0.000000,89.418478,0.000000
TakerBuyRatio,taker_sell_heavy_strong,range,short,30m,DISCOVERY_REJECTED,64482,47166,-0.277460,-5.277460,-7.777460,-10.277460,43.623027,0.746918,-0.277460,-0.400000,-10.095251,-6.045924,false,false,false,0.000000,0.000000,0.000000
TrendSlope20,slope_flat,trend_down,long,60m,DISCOVERY_REJECTED,32441,17055,-0.278279,-5.278279,-7.778279,-10.278279,48.947320,0.833648,-0.278279,3.600000,-15.310795,-59.197226,false,false,false,0.000000,76.349347,0.000000
ETHContext60,eth_up_strong,compressed_up,short,5m,DISCOVERY_REJECTED,15140,11284,-0.279940,-5.279940,-7.779940,-10.279940,42.331572,0.629332,-0.279940,0.600000,-11.942677,-6.883568,false,false,false,0.000000,0.000000,0.000000
TakerBuyRatio,taker_buy_heavy_strong,range,short,30m,DISCOVERY_REJECTED,60588,45105,-0.279985,-5.279985,-7.779985,-10.279985,43.949297,0.743856,-0.279985,0.000000,-9.796342,-5.902046,false,false,false,0.000000,0.000000,0.000000
CloseRelativeEMA20,near_ema20,compressed_down,long,15m,DISCOVERY_REJECTED,22983,18922,-0.280228,-5.280228,-7.780228,-10.280228,44.158726,0.697007,-0.280228,0.600000,-8.768365,-6.110528,false,false,false,0.000000,100.000000,0.000000
Return15,return15_up,compressed_up,long,30m,DISCOVERY_REJECTED,14229,12419,-0.281035,-5.281035,-7.781035,-10.281035,43.362148,0.793692,-0.281035,-2.400000,-14.799778,-7.025315,false,false,false,0.000000,54.039989,0.000000
VolumeRatio20,volume_ratio_high,trend_down,long,30m,DISCOVERY_REJECTED,33415,25511,-0.281172,-5.281172,-7.781172,-10.281172,48.621876,0.803067,-0.281172,3.500000,-17.489559,-6.881753,false,false,false,0.000000,56.608553,100.000000
VolumeRatio20,volume_ratio_normal,trend_up,long,30m,DISCOVERY_REJECTED,45584,32228,-0.282276,-5.282276,-7.782276,-10.282276,41.858986,0.781690,-0.282276,-2.800000,-7.692237,-6.393090,false,false,false,0.000000,0.000000,0.000000
TrendSlope20,slope_up_strong,compressed_up,short,120m,DISCOVERY_REJECTED,12648,10219,-0.285186,-5.285186,-7.785186,-10.285186,47.058824,0.881130,-0.285186,-0.700000,-21.878194,-529.301965,false,false,false,100.000000,62.173012,88.129559
BBWidthPctRank60,bb_width_mid,trend_up,long,5m,DISCOVERY_REJECTED,57180,37750,-0.287097,-5.287097,-7.787097,-10.287097,36.629941,0.561047,-0.287097,-0.800000,-7.733035,-6.540518,false,false,false,0.000000,0.000000,0.000000
BTCContext60,btc_down,range,short,120m,DISCOVERY_REJECTED,48253,34843,-0.287200,-5.287200,-7.787200,-10.287200,46.179512,0.883049,-0.287200,-2.900000,-14.120448,-6.880131,false,false,false,0.000000,62.030518,0.000000
VolumeRatio20,volume_ratio_high,range,short,60m,DISCOVERY_REJECTED,55634,43212,-0.287584,-5.287584,-7.787584,-10.287584,45.892799,0.825440,-0.287584,0.000000,-12.780475,-5.782064,false,false,false,0.000000,0.000000,0.000000
ATRPct14,atr_pct_14_low,trend_down,short,30m,DISCOVERY_REJECTED,71298,37426,-0.288111,-5.288111,-7.788111,-10.288111,40.839855,0.715328,-0.288111,-2.400000,-7.726640,-5.999195,false,false,false,0.000000,100.000000,0.000000
SessionUTC,europe,range,long,120m,DISCOVERY_REJECTED,61231,27836,-0.291189,-5.291189,-7.791189,-10.291189,46.433996,0.868868,-0.291189,-1.200000,-28.732765,-7.951522,false,false,false,0.000000,39.179149,0.000000
VolumeRatio20,volume_ratio_low,trend_down,long,5m,DISCOVERY_REJECTED,40070,29660,-0.292944,-5.292944,-7.792944,-10.292944,40.286998,0.578325,-0.292944,0.600000,-8.476704,-6.143415,false,false,false,0.000000,0.000000,0.000000
TrendSlope20,slope_up_strong,compressed_down,long,120m,DISCOVERY_REJECTED,7930,6987,-0.293094,-5.293094,-7.793094,-10.293094,48.259773,0.888929,-0.293094,1.200000,-25.459437,-8.275281,false,false,false,72.969833,23.442980,100.000000
BBWidthPctRank60,bb_width_low,compressed_down,short,15m,DISCOVERY_REJECTED,37900,27941,-0.294090,-5.294090,-7.794090,-10.294090,42.854881,0.742135,-0.294090,-1.300000,-13.317099,-6.439401,false,false,false,0.000000,0.000000,0.000000
CompositeRegime,compressed_down,compressed_down,short,15m,DISCOVERY_REJECTED,37900,27941,-0.294090,-5.294090,-7.794090,-10.294090,42.854881,0.742135,-0.294090,-1.300000,-13.317099,-6.439401,false,false,false,0.000000,0.000000,0.000000
ETHContext60,eth_down,trend_down,short,60m,DISCOVERY_REJECTED,36425,24133,-0.297231,-5.297231,-7.797231,-10.297231,43.544269,0.832415,-0.297231,-3.700000,-14.026087,-6.621310,false,false,false,0.000000,36.368831,100.000000
BTCContext60,btc_up,compressed_up,long,120m,DISCOVERY_REJECTED,35294,26890,-0.297243,-5.297243,-7.797243,-10.297243,47.645492,0.877950,-0.297243,0.200000,-34.731892,-6.825930,false,false,false,0.000000,30.056810,51.034815
TrendSlope20,slope_flat,trend_up,long,120m,DISCOVERY_REJECTED,33335,17630,-0.302688,-5.302688,-7.802688,-10.302688,44.697765,0.874827,-0.302688,-4.300000,-26.637736,-24.038027,false,false,false,48.855641,60.776877,100.000000
TrendSlope20,slope_up,trend_up,long,30m,DISCOVERY_REJECTED,18838,12454,-0.303221,-5.303221,-7.803221,-10.303221,42.414269,0.809117,-0.303221,-3.600000,-11.247853,-11.827393,false,false,false,0.000000,100.000000,0.000000
VolumeRatio20,volume_ratio_normal,range,long,5m,DISCOVERY_REJECTED,87721,59480,-0.304638,-5.304638,-7.804638,-10.304638,38.155060,0.551161,-0.304638,0.000000,-7.127968,-5.763162,false,false,false,0.000000,0.000000,0.000000
SessionUTC,europe,range,short,30m,DISCOVERY_REJECTED,61231,27836,-0.304762,-5.304762,-7.804762,-10.304762,44.212899,0.741744,-0.304762,0.000000,-8.587304,-6.883397,false,false,false,0.000000,100.000000,0.000000
BTCContext60,btc_flat,trend_up,long,15m,DISCOVERY_REJECTED,48622,30859,-0.304842,-5.304842,-7.804842,-10.304842,39.399860,0.667262,-0.304842,-1.500000,-7.177975,-5.932782,false,false,false,0.000000,0.000000,0.000000
BTCContext60,btc_up,compressed_up,short,15m,DISCOVERY_REJECTED,35294,26890,-0.305024,-5.305024,-7.805024,-10.305024,43.440811,0.684920,-0.305024,0.500000,-9.518699,-5.729783,false,false,false,0.000000,0.000000,0.000000
ATRPct14,atr_pct_14_low,trend_up,short,60m,DISCOVERY_REJECTED,80850,41538,-0.305554,-5.305554,-7.805554,-10.305554,47.588126,0.779019,-0.305554,2.450000,-9.910821,-6.457855,false,false,false,0.000000,100.000000,0.000000
SessionUTC,asia,trend_up,long,5m,DISCOVERY_REJECTED,36588,17818,-0.308547,-5.308547,-7.808547,-10.308547,36.047338,0.555630,-0.308547,-1.000000,-7.048121,-5.945647,false,false,false,0.000000,0.000000,0.000000
SessionUTC,europe,compressed_down,short,15m,DISCOVERY_REJECTED,7860,6073,-0.309380,-5.309380,-7.809380,-10.309380,42.773537,0.711336,-0.309380,-0.800000,-13.157571,-6.984629,false,false,false,0.000000,69.818134,0.000000
ETHContext60,eth_down,range,long,30m,DISCOVERY_REJECTED,50385,34896,-0.309967,-5.309967,-7.809967,-10.309967,45.531408,0.772213,-0.309967,0.300000,-10.680790,-6.148875,false,false,false,0.000000,0.000000,0.000000
RealizedVol60,realized_vol_60_low,trend_up,long,15m,DISCOVERY_REJECTED,105546,50932,-0.310421,-5.310421,-7.810421,-10.310421,39.215129,0.662220,-0.310421,-2.000000,-7.202813,-5.880020,false,false,false,0.000000,0.000000,0.000000
BTCContext60,btc_flat,trend_down,short,120m,DISCOVERY_REJECTED,43905,28497,-0.312071,-5.312071,-7.812071,-10.312071,45.329689,0.862837,-0.312071,-3.000000,-29.723761,-7.413364,false,false,false,0.000000,50.029793,0.000000
VolumeRatio20,volume_ratio_low,range,long,5m,DISCOVERY_REJECTED,94356,64836,-0.312711,-5.312711,-7.812711,-10.312711,37.720972,0.535230,-0.312711,0.000000,-6.394187,-5.759215,false,false,false,0.000000,0.000000,0.000000
TakerBuyRatio,taker_sell_heavy,trend_up,long,15m,DISCOVERY_REJECTED,21621,17988,-0.313482,-5.313482,-7.813482,-10.313482,40.007400,0.722928,-0.313482,-2.400000,-8.492398,-8.258993,false,false,false,0.000000,0.000000,0.000000
TrendSlope20,slope_flat,trend_down,short,15m,DISCOVERY_REJECTED,32441,17055,-0.314106,-5.314106,-7.814106,-10.314106,40.501218,0.707709,-0.314106,-2.000000,-9.062331,-8.648922,false,false,false,100.000000,0.000000,0.000000
ETHContext60,eth_down,trend_down,short,120m,DISCOVERY_REJECTED,36425,24133,-0.315261,-5.315261,-7.815261,-10.315261,45.067948,0.876167,-0.315261,-4.200000,-24.543889,-6.966050,false,false,false,0.000000,39.081124,94.034554
ETHContext60,eth_flat,trend_up,long,30m,DISCOVERY_REJECTED,44266,27627,-0.315487,-5.315487,-7.815487,-10.315487,40.798807,0.745803,-0.315487,-2.400000,-10.685249,-7.173530,false,false,false,0.000000,0.000000,0.000000
RealizedVol60,realized_vol_60_mid,trend_up,short,60m,DISCOVERY_REJECTED,15023,8195,-0.315657,-5.315657,-7.815657,-10.315657,52.020236,0.910217,-0.315657,10.400000,-30.758389,-12.210686,false,false,false,100.000000,29.902072,70.420889
ETHContext60,eth_flat,range,short,240m,DISCOVERY_REJECTED,99773,58953,-0.315891,-5.315891,-7.815891,-10.315891,47.387570,0.901286,-0.315891,-1.000000,-30.047236,-7.132854,false,false,false,0.000000,24.531289,56.020028
CloseRelativeEMA20,below_ema20,trend_up,long,240m,DISCOVERY_REJECTED,1748,1700,-0.315989,-5.315989,-7.815989,-10.315989,47.139588,0.935562,-0.315989,-9.050000,-90.376148,-30.349942,false,false,false,51.417055,29.037063,68.990744
BBWidthPctRank60,bb_width_low,compressed_down,short,60m,DISCOVERY_REJECTED,37900,27941,-0.317788,-5.317788,-7.817788,-10.317788,45.224274,0.854571,-0.317788,-2.650000,-22.256697,-6.858524,false,false,false,0.000000,37.200017,100.000000
CompositeRegime,compressed_down,compressed_down,short,60m,DISCOVERY_REJECTED,37900,27941,-0.317788,-5.317788,-7.817788,-10.317788,45.224274,0.854571,-0.317788,-2.650000,-22.256697,-6.858524,false,false,false,0.000000,37.200017,100.000000
BBWidthPctRank60,bb_width_low,compressed_up,short,15m,DISCOVERY_REJECTED,47721,32604,-0.317825,-5.317825,-7.817825,-10.317825,44.257245,0.707269,-0.317825,0.800000,-8.665946,-6.023700,false,false,false,0.000000,0.000000,0.000000
CompositeRegime,compressed_up,compressed_up,short,15m,DISCOVERY_REJECTED,47721,32604,-0.317825,-5.317825,-7.817825,-10.317825,44.257245,0.707269,-0.317825,0.800000,-8.665946,-6.023700,false,false,false,0.000000,0.000000,0.000000
TakerBuyRatio,taker_balanced,trend_up,long,15m,DISCOVERY_REJECTED,15926,13764,-0.318195,-5.318195,-7.818195,-10.318195,40.550044,0.730755,-0.318195,-2.400000,-7.904879,-6.868904,false,false,false,0.000000,0.000000,0.000000
Return15,return15_down,trend_down,short,60m,DISCOVERY_REJECTED,64104,39511,-0.320624,-5.320624,-7.820624,-10.320624,43.290590,0.821296,-0.320624,-3.900000,-13.559695,-6.562933,false,false,false,0.000000,93.599748,0.000000
TrendSlope20,slope_up_strong,range,long,240m,DISCOVERY_REJECTED,60984,35788,-0.320707,-5.320707,-7.820707,-10.320707,48.875115,0.910868,-0.320707,2.100000,-38.413866,-9.287498,false,false,false,55.366538,25.277638,87.792673
ETHContext60,eth_flat,trend_up,long,5m,DISCOVERY_REJECTED,44266,27627,-0.322112,-5.322112,-7.822112,-10.322112,34.297203,0.512360,-0.322112,-1.100000,-7.386407,-6.468635,false,false,false,0.000000,0.000000,0.000000
BBWidthPctRank60,bb_width_high,range,long,60m,DISCOVERY_REJECTED,60561,48988,-0.322997,-5.322997,-7.822997,-10.322997,46.587738,0.832815,-0.322997,0.600000,-13.192281,-6.884086,false,false,false,0.000000,100.000000,0.000000
BBWidthPctRank60,bb_width_low,trend_down,long,240m,DISCOVERY_REJECTED,14627,12488,-0.326402,-5.326402,-7.826402,-10.326402,49.066794,0.903446,-0.326402,3.100000,-27.263714,-8.577677,false,false,false,100.000000,29.417911,37.560016
TrendSlope20,slope_flat,compressed_down,long,5m,DISCOVERY_REJECTED,13339,10268,-0.327939,-5.327939,-7.827939,-10.327939,42.184572,0.618355,-0.327939,0.000000,-9.524844,-9.715979,false,false,false,0.000000,100.000000,0.000000
BTCContext60,btc_up,compressed_up,short,240m,DISCOVERY_REJECTED,35294,26890,-0.328344,-5.328344,-7.828344,-10.328344,47.940160,0.914793,-0.328344,-0.650000,-55.616658,-7.524663,false,false,false,0.000000,26.189070,67.395088
ATRPct14,atr_pct_14_low,trend_up,short,240m,DISCOVERY_REJECTED,80850,41538,-0.329028,-5.329028,-7.829028,-10.329028,48.756957,0.892489,-0.329028,2.200000,-34.095047,-8.831232,false,false,false,0.000000,31.345852,56.077766
VolumeRatio20,volume_ratio_normal,compressed_down,short,15m,DISCOVERY_REJECTED,14733,12999,-0.329213,-5.329213,-7.829213,-10.329213,42.598249,0.748056,-0.329213,-1.800000,-12.170074,-6.952466,false,false,false,0.000000,0.000000,0.000000
TrendSlope20,slope_flat,trend_up,long,60m,DISCOVERY_REJECTED,33335,17630,-0.331828,-5.331828,-7.831828,-10.331828,42.699865,0.824894,-0.331828,-4.300000,-18.136264,-32.267102,false,false,false,76.057846,76.210628,0.000000
CompositeRegime,trend_up,trend_up,long,15m,DISCOVERY_REJECTED,120660,57289,-0.333979,-5.333979,-7.833979,-10.333979,39.726504,0.703826,-0.333979,-2.200000,-6.880469,-5.867420,false,false,false,0.000000,0.000000,0.000000
ETHContext60,eth_flat,compressed_down,short,120m,DISCOVERY_REJECTED,9366,7741,-0.334864,-5.334864,-7.834864,-10.334864,46.049541,0.877091,-0.334864,-2.100000,-24.466128,-13.418908,false,false,false,0.000000,31.393066,67.201679
ETHContext60,eth_up_strong,range,short,5m,DISCOVERY_REJECTED,17543,13106,-0.337872,-5.337872,-7.837872,-10.337872,42.290372,0.637753,-0.337872,0.600000,-9.297785,-5.828075,false,false,false,0.000000,100.000000,0.000000
CloseRelativeEMA20,below_ema20,range,short,60m,DISCOVERY_REJECTED,51248,36653,-0.338596,-5.338596,-7.838596,-10.338596,46.212535,0.840615,-0.338596,-0.800000,-12.211963,-7.888445,false,false,false,0.000000,78.915366,0.000000
ETHContext60,eth_up,trend_down,short,60m,DISCOVERY_REJECTED,10576,8702,-0.340110,-5.340110,-7.840110,-10.340110,44.610439,0.828696,-0.340110,-2.500000,-19.792317,-7.551632,false,false,false,0.000000,66.656405,56.351553
BBWidthPctRank60,bb_width_low,range,short,30m,DISCOVERY_REJECTED,52222,39805,-0.341612,-5.341612,-7.841612,-10.341612,43.755505,0.735640,-0.341612,-0.100000,-9.651119,-6.017303,false,false,false,0.000000,0.000000,0.000000
ETHContext60,eth_down,trend_down,short,15m,DISCOVERY_REJECTED,36425,24133,-0.342480,-5.342480,-7.842480,-10.342480,40.743995,0.698696,-0.342480,-1.900000,-8.288212,-5.914410,false,false,false,0.000000,76.600284,0.000000
Return15,return15_flat,range,long,5m,DISCOVERY_REJECTED,69421,46659,-0.342675,-5.342675,-7.842675,-10.342675,34.694113,0.454873,-0.342675,0.000000,-6.673336,-5.712034,false,false,false,0.000000,0.000000,0.000000
VolumeRatio20,volume_ratio_normal,trend_up,long,5m,DISCOVERY_REJECTED,45584,32228,-0.343378,-5.343378,-7.843378,-10.343378,36.719024,0.575733,-0.343378,-1.100000,-7.524262,-6.202065,false,false,false,0.000000,0.000000,0.000000
RealizedVol60,realized_vol_60_low,trend_down,long,5m,DISCOVERY_REJECTED,99011,47972,-0.346114,-5.346114,-7.846114,-10.346114,40.240983,0.529273,-0.346114,0.700000,-8.009225,-5.997043,false,false,false,0.000000,0.000000,0.000000
ETHContext60,eth_down,trend_up,long,30m,DISCOVERY_REJECTED,11162,8904,-0.348379,-5.348379,-7.848379,-10.348379,43.585379,0.791232,-0.348379,-1.600000,-13.427334,-7.871532,false,false,false,0.000000,53.660576,0.000000
TakerBuyRatio,taker_sell_heavy,range,short,5m,DISCOVERY_REJECTED,41900,34274,-0.348659,-5.348659,-7.848659,-10.348659,39.274463,0.574592,-0.348659,0.000000,-7.495859,-6.151459,false,false,false,0.000000,0.000000,0.000000
RealizedVol60,realized_vol_60_mid,compressed_up,short,5m,DISCOVERY_REJECTED,9772,6723,-0.348754,-5.348754,-7.848754,-10.348754,45.364306,0.721605,-0.348754,0.700000,-14.306653,-7.290490,false,false,false,0.000000,74.585826,0.000000
TakerBuyRatio,taker_sell_heavy_strong,trend_down,long,5m,DISCOVERY_REJECTED,32354,24211,-0.351019,-5.351019,-7.851019,-10.351019,41.243741,0.580983,-0.351019,0.900000,-14.024061,-7.164766,false,false,false,0.000000,100.000000,0.000000
CloseRelativeEMA20,near_ema20,compressed_up,short,30m,DISCOVERY_REJECTED,30161,23507,-0.351388,-5.351388,-7.851388,-10.351388,45.187494,0.745767,-0.351388,0.700000,-12.895633,-7.313390,false,false,false,0.000000,0.000000,0.000000
BTCContext60,btc_up,range,long,60m,DISCOVERY_REJECTED,50840,36199,-0.353022,-5.353022,-7.853022,-10.353022,45.403226,0.827525,-0.353022,-1.000000,-15.392440,-7.052966,false,false,false,0.000000,64.515027,0.000000
BTCContext60,btc_up_strong,compressed_up,short,15m,DISCOVERY_REJECTED,12427,9282,-0.354181,-5.354181,-7.854181,-10.354181,46.576004,0.755976,-0.354181,1.700000,-12.744112,-6.849691,false,false,false,0.000000,100.000000,0.000000
Return15,return15_up,compressed_up,long,15m,DISCOVERY_REJECTED,14229,12419,-0.354671,-5.354671,-7.854671,-10.354671,42.033874,0.715503,-0.354671,-1.400000,-13.441275,-6.174318,false,false,false,0.000000,0.000000,0.000000
ATRPct14,atr_pct_14_low,trend_down,long,60m,DISCOVERY_REJECTED,71298,37426,-0.355336,-5.355336,-7.855336,-10.355336,48.027995,0.783315,-0.355336,2.800000,-15.884865,-6.374742,false,false,false,0.000000,100.000000,0.000000
ETHContext60,eth_flat,trend_down,long,60m,DISCOVERY_REJECTED,39989,25593,-0.355842,-5.355842,-7.855842,-10.355842,48.608367,0.810934,-0.355842,3.500000,-19.549609,-7.280396,false,false,false,0.000000,50.687846,0.000000
TrendSlope20,slope_flat,compressed_down,long,120m,DISCOVERY_REJECTED,13339,10268,-0.356622,-5.356622,-7.856622,-10.356622,48.212010,0.897249,-0.356622,1.600000,-27.460705,-16.343703,false,false,false,47.563285,49.110525,88.667655
BBWidthPctRank60,bb_width_mid,range,short,60m,DISCOVERY_REJECTED,124950,76776,-0.356810,-5.356810,-7.856810,-10.356810,45.544618,0.830505,-0.356810,-0.700000,-12.133573,-6.201127,false,false,false,0.000000,0.000000,0.000000
TrendSlope20,slope_up_strong,trend_up,long,5m,DISCOVERY_REJECTED,68487,34304,-0.356914,-5.356914,-7.856914,-10.356914,35.922146,0.558551,-0.356914,-1.000000,-7.512955,-21.334662,false,false,false,100.000000,0.000000,0.000000
Return15,return15_down,compressed_down,short,5m,DISCOVERY_REJECTED,11217,10153,-0.357160,-5.357160,-7.857160,-10.357160,40.108763,0.636547,-0.357160,-1.400000,-11.112362,-6.161415,false,false,false,0.000000,0.000000,0.000000
ETHContext60,eth_down_strong,trend_up,long,15m,DISCOVERY_REJECTED,1665,1438,-0.357629,-5.357629,-7.857629,-10.357629,44.324324,0.807254,-0.357629,-2.500000,-23.422588,-14.516050,false,false,false,65.138089,34.621765,100.000000
SessionUTC,asia,trend_down,short,30m,DISCOVERY_REJECTED,33470,16334,-0.358897,-5.358897,-7.858897,-10.358897,41.927099,0.787334,-0.358897,-3.100000,-15.759465,-7.050961,false,false,false,0.000000,86.842317,100.000000
TrendSlope20,slope_down,compressed_down,short,30m,DISCOVERY_REJECTED,3761,3427,-0.359420,-5.359420,-7.859420,-10.359420,44.190375,0.818631,-0.359420,-2.300000,-17.916156,-26.445988,false,false,false,78.120899,30.717104,100.000000
VolumeRatio20,volume_ratio_low,trend_up,long,5m,DISCOVERY_REJECTED,38909,29272,-0.360167,-5.360167,-7.860167,-10.360167,35.387700,0.533593,-0.360167,-0.900000,-8.598206,-6.241612,false,false,false,0.000000,0.000000,0.000000
Return15,return15_down,trend_down,long,5m,DISCOVERY_REJECTED,64104,39511,-0.360815,-5.360815,-7.860815,-10.360815,40.644890,0.533958,-0.360815,0.800000,-8.144026,-6.210338,false,false,false,0.000000,0.000000,0.000000
Return15,return15_flat,trend_down,long,15m,DISCOVERY_REJECTED,21667,16887,-0.361431,-5.361431,-7.861431,-10.361431,42.299349,0.623555,-0.361431,0.900000,-10.435641,-6.751079,false,false,false,0.000000,0.000000,0.000000
SessionUTC,late_us,range,short,30m,DISCOVERY_REJECTED,39572,18660,-0.362100,-5.362100,-7.862100,-10.362100,43.487820,0.750422,-0.362100,-0.400000,-13.194110,-6.463653,false,false,false,0.000000,74.296119,0.000000
TakerBuyRatio,taker_buy_heavy,compressed_down,long,15m,DISCOVERY_REJECTED,7157,6698,-0.362190,-5.362190,-7.862190,-10.362190,45.102697,0.751410,-0.362190,0.500000,-11.160239,-8.461363,false,false,false,0.000000,100.000000,0.000000
RealizedVol60,realized_vol_60_low,trend_up,short,240m,DISCOVERY_REJECTED,105546,50932,-0.363587,-5.363587,-7.863587,-10.363587,49.066758,0.902804,-0.363587,2.700000,-36.332345,-9.282853,false,false,false,0.000000,24.818066,66.610246
TakerBuyRatio,taker_buy_heavy_strong,range,long,15m,DISCOVERY_REJECTED,60588,45105,-0.365138,-5.365138,-7.865138,-10.365138,41.745890,0.654779,-0.365138,0.000000,-8.832218,-6.093494,false,false,false,0.000000,0.000000,0.000000
Return15,return15_down,trend_up,short,5m,DISCOVERY_REJECTED,2286,2245,-0.366520,-5.366520,-7.866520,-10.366520,42.869641,0.627254,-0.366520,0.600000,-12.402144,-9.469617,false,false,false,0.000000,60.081807,0.000000
RealizedVol60,realized_vol_60_low,trend_down,short,15m,DISCOVERY_REJECTED,99011,47972,-0.367563,-5.367563,-7.867563,-10.367563,40.001616,0.677800,-0.367563,-2.100000,-8.145069,-6.020560,false,false,false,0.000000,0.000000,0.000000
BTCContext60,btc_flat,trend_down,short,60m,DISCOVERY_REJECTED,43905,28497,-0.369399,-5.369399,-7.869399,-10.369399,43.610067,0.809515,-0.369399,-2.700000,-18.934702,-6.104274,false,false,false,0.000000,47.613566,0.000000
CloseRelativeEMA20,above_ema20_strong,trend_up,short,15m,DISCOVERY_REJECTED,12304,9129,-0.369600,-5.369600,-7.869600,-10.369600,51.763654,0.831536,-0.369600,7.700000,-12.660138,-7.743663,false,false,false,0.000000,89.221263,0.000000
CloseRelativeEMA20,near_ema20,range,short,120m,DISCOVERY_REJECTED,122555,70127,-0.370549,-5.370549,-7.870549,-10.370549,46.251071,0.850066,-0.370549,-0.800000,-14.884738,-6.746233,false,false,false,0.000000,55.440552,0.000000
TakerBuyRatio,taker_sell_heavy_strong,trend_up,short,5m,DISCOVERY_REJECTED,28559,22518,-0.372783,-5.372783,-7.872783,-10.372783,38.614797,0.514656,-0.372783,0.600000,-8.106560,-6.026156,false,false,false,0.000000,0.000000,0.000000
TakerBuyRatio,taker_balanced,trend_down,long,5m,DISCOVERY_REJECTED,15801,13594,-0.374955,-5.374955,-7.874955,-10.374955,42.813746,0.648895,-0.374955,1.000000,-12.605875,-7.613024,false,false,false,0.000000,0.000000,0.000000
VolumeRatio20,volume_ratio_normal,compressed_down,long,30m,DISCOVERY_REJECTED,14733,12999,-0.375093,-5.375093,-7.875093,-10.375093,47.444512,0.806319,-0.375093,2.200000,-12.342628,-9.496303,false,false,false,0.000000,58.832967,100.000000
TakerBuyRatio,taker_sell_heavy_strong,trend_up,long,30m,DISCOVERY_REJECTED,28559,22518,-0.376025,-5.376025,-7.876025,-10.376025,41.261949,0.749383,-0.376025,-2.200000,-8.834106,-6.190638,false,false,false,0.000000,0.000000,0.000000
TakerBuyRatio,taker_balanced,compressed_up,short,15m,DISCOVERY_REJECTED,6687,6271,-0.376564,-5.376564,-7.876564,-10.376564,45.536115,0.728986,-0.376564,1.200000,-12.822044,-6.454468,false,false,false,0.000000,52.145303,0.000000
SessionUTC,asia,trend_down,short,15m,DISCOVERY_REJECTED,33470,16334,-0.377777,-5.377777,-7.877777,-10.377777,40.791754,0.720550,-0.377777,-1.900000,-11.087465,-6.385655,false,false,false,0.000000,58.770810,0.000000
ETHContext60,eth_down_strong,trend_up,long,5m,DISCOVERY_REJECTED,1665,1438,-0.379656,-5.379656,-7.879656,-10.379656,41.441441,0.692864,-0.379656,-0.400000,-18.466615,-9.540065,false,false,false,0.000000,74.034673,0.000000
VolumeRatio20,volume_ratio_low,compressed_down,long,60m,DISCOVERY_REJECTED,15215,13295,-0.380237,-5.380237,-7.880237,-10.380237,47.926388,0.851713,-0.380237,1.900000,-24.472567,-6.179016,false,false,false,0.000000,41.954195,100.000000
ATRPct14,atr_pct_14_mid,compressed_down,long,30m,DISCOVERY_REJECTED,14955,11158,-0.380355,-5.380355,-7.880355,-10.380355,48.197927,0.855875,-0.380355,1.600000,-22.109629,-8.008201,false,false,false,0.000000,44.087758,100.000000
SessionUTC,asia,trend_up,short,30m,DISCOVERY_REJECTED,36588,17818,-0.380662,-5.380662,-7.880662,-10.380662,46.966218,0.758787,-0.380662,2.200000,-12.750715,-6.510619,false,false,false,0.000000,100.000000,0.000000
BBWidthPctRank60,bb_width_mid,trend_up,long,15m,DISCOVERY_REJECTED,57180,37750,-0.382672,-5.382672,-7.882672,-10.382672,39.980763,0.695657,-0.382672,-2.000000,-8.199520,-6.700922,false,false,false,0.000000,0.000000,0.000000
CloseRelativeEMA20,near_ema20,trend_up,long,15m,DISCOVERY_REJECTED,51603,33500,-0.384387,-5.384387,-7.884387,-10.384387,39.003546,0.619475,-0.384387,-1.100000,-7.939868,-6.393201,false,false,false,0.000000,0.000000,0.000000
Return15,return15_flat,trend_down,long,60m,DISCOVERY_REJECTED,21667,16887,-0.385069,-5.385069,-7.885069,-10.385069,47.768496,0.785717,-0.385069,2.800000,-14.116268,-6.944530,false,false,false,0.000000,75.510742,0.000000
RealizedVol60,realized_vol_60_low,trend_up,long,5m,DISCOVERY_REJECTED,105546,50932,-0.385234,-5.385234,-7.885234,-10.385234,35.295511,0.510177,-0.385234,-1.100000,-7.284631,-5.986618,false,false,false,0.000000,0.000000,0.000000
SessionUTC,europe,range,short,15m,DISCOVERY_REJECTED,61231,27836,-0.386202,-5.386202,-7.886202,-10.386202,42.068560,0.654718,-0.386202,0.000000,-6.970706,-6.389192,false,false,false,0.000000,0.000000,0.000000
Return15,return15_up,trend_up,long,5m,DISCOVERY_REJECTED,66825,41220,-0.387029,-5.387029,-7.887029,-10.387029,35.480733,0.511905,-0.387029,-1.200000,-7.585727,-6.373697,false,false,false,0.000000,0.000000,0.000000
TakerBuyRatio,taker_sell_heavy,range,short,30m,DISCOVERY_REJECTED,41900,34274,-0.387409,-5.387409,-7.887409,-10.387409,44.410501,0.777130,-0.387409,-0.500000,-10.173323,-6.605078,false,false,false,0.000000,0.000000,0.000000
SessionUTC,us,range,short,240m,DISCOVERY_REJECTED,66624,31478,-0.388418,-5.388418,-7.888418,-10.388418,47.287764,0.918384,-0.388418,-2.400000,-38.939798,-11.508907,false,false,false,100.000000,38.295645,56.922237
TrendSlope20,slope_up_strong,range,short,120m,DISCOVERY_REJECTED,60984,35788,-0.391847,-5.391847,-7.891847,-10.391847,46.098977,0.873959,-0.391847,-2.100000,-15.230863,-211.101668,false,false,false,0.000000,39.206383,100.000000
Return15,return15_flat,trend_down,long,120m,DISCOVERY_REJECTED,21667,16887,-0.392982,-5.392982,-7.892982,-10.392982,48.170028,0.845765,-0.392982,2.400000,-29.325196,-9.440706,false,false,false,0.000000,38.341066,100.000000
VolumeRatio20,volume_ratio_low,range,short,30m,DISCOVERY_REJECTED,94356,64836,-0.393159,-5.393159,-7.893159,-10.393159,43.873204,0.755516,-0.393159,-0.400000,-8.402623,-6.094217,false,false,false,0.000000,0.000000,0.000000
Return15,return15_up,trend_up,long,60m,DISCOVERY_REJECTED,66825,41220,-0.396498,-5.396498,-7.896498,-10.396498,43.097643,0.810586,-0.396498,-3.500000,-14.717408,-7.506091,false,false,false,0.000000,100.000000,0.000000
ETHContext60,eth_down_strong,compressed_down,short,60m,DISCOVERY_REJECTED,11580,9296,-0.396606,-5.396606,-7.896606,-10.396606,45.794473,0.879445,-0.396606,-3.500000,-37.485697,-8.612565,false,false,false,0.000000,28.121835,52.554445
TakerBuyRatio,taker_sell_heavy_strong,range,short,5m,DISCOVERY_REJECTED,64482,47166,-0.396784,-5.396784,-7.896784,-10.396784,36.974660,0.508003,-0.396784,0.000000,-7.139226,-5.875236,false,false,false,0.000000,0.000000,0.000000
VolumeRatio20,volume_ratio_normal,compressed_down,long,5m,DISCOVERY_REJECTED,14733,12999,-0.399291,-5.399291,-7.899291,-10.399291,42.286025,0.620813,-0.399291,0.800000,-9.184480,-6.275856,false,false,false,0.000000,0.000000,0.000000
VolumeRatio20,volume_ratio_normal,compressed_down,short,120m,DISCOVERY_REJECTED,14733,12999,-0.402530,-5.402530,-7.902530,-10.402530,46.704677,0.897335,-0.402530,-2.100000,-27.260649,-12.647728,false,false,false,0.000000,41.659593,96.028243
TakerBuyRatio,taker_sell_heavy_strong,trend_down,short,30m,DISCOVERY_REJECTED,32354,24211,-0.404056,-5.404056,-7.904056,-10.404056,41.670273,0.775483,-0.404056,-3.000000,-17.045409,-6.549119,false,false,false,0.000000,100.000000,0.000000
ETHContext60,eth_up,compressed_down,short,30m,DISCOVERY_REJECTED,1561,1464,-0.404761,-5.404761,-7.904761,-10.404761,45.868033,0.814837,-0.404761,-0.700000,-94.163225,-15.575348,false,false,false,0.000000,26.519011,59.113075
ATRPct14,atr_pct_14_low,compressed_up,short,240m,DISCOVERY_REJECTED,31595,23082,-0.407073,-5.407073,-7.907073,-10.407073,47.580313,0.898156,-0.407073,-0.800000,-38.414863,-7.109379,false,false,false,0.000000,29.193288,94.736527
TakerBuyRatio,taker_sell_heavy_strong,trend_up,short,120m,DISCOVERY_REJECTED,28559,22518,-0.407454,-5.407454,-7.907454,-10.407454,48.482090,0.866849,-0.407454,2.400000,-25.272896,-8.983454,false,false,false,0.000000,39.583606,100.000000
CloseRelativeEMA20,below_ema20,trend_down,short,240m,DISCOVERY_REJECTED,54135,34965,-0.409758,-5.409758,-7.909758,-10.409758,46.360026,0.919519,-0.409758,-6.600000,-45.086654,-9.517761,false,false,false,100.000000,24.908046,63.259416
TakerBuyRatio,taker_balanced,trend_up,short,120m,DISCOVERY_REJECTED,15926,13764,-0.411345,-5.411345,-7.911345,-10.411345,49.190004,0.886038,-0.411345,3.100000,-28.884984,-15.156225,false,false,false,100.000000,75.525789,0.000000
VolumeRatio20,volume_ratio_high,compressed_up,long,240m,DISCOVERY_REJECTED,10023,9362,-0.411355,-5.411355,-7.911355,-10.411355,48.189165,0.913672,-0.411355,0.000000,-64.580359,-9.593393,false,false,false,100.000000,36.221147,71.775954
BTCContext60,btc_down,compressed_down,short,60m,DISCOVERY_REJECTED,28763,23014,-0.411437,-5.411437,-7.911437,-10.411437,44.984876,0.837846,-0.411437,-2.300000,-15.756950,-7.520164,false,false,false,0.000000,24.471433,0.000000
ETHContext60,eth_up,trend_up,long,5m,DISCOVERY_REJECTED,38223,25072,-0.411673,-5.411673,-7.911673,-10.411673,35.850143,0.543486,-0.411673,-1.100000,-7.780850,-6.115591,false,false,false,0.000000,0.000000,0.000000
BTCContext60,btc_flat,trend_down,short,15m,DISCOVERY_REJECTED,43905,28497,-0.414244,-5.414244,-7.914244,-10.414244,40.132103,0.661293,-0.414244,-1.300000,-11.296603,-5.929761,false,false,false,0.000000,100.000000,0.000000
VolumeRatio20,volume_ratio_high,compressed_up,short,30m,DISCOVERY_REJECTED,10023,9362,-0.415472,-5.415472,-7.915472,-10.415472,46.393295,0.777125,-0.415472,1.300000,-20.139226,-8.067777,false,false,false,0.000000,81.638350,0.000000
ETHContext60,eth_flat,trend_down,long,5m,DISCOVERY_REJECTED,39989,25593,-0.416975,-5.416975,-7.916975,-10.416975,38.910700,0.515001,-0.416975,0.500000,-8.631152,-6.385408,false,false,false,0.000000,0.000000,0.000000
CompositeRegime,trend_up,trend_up,long,5m,DISCOVERY_REJECTED,120660,57289,-0.419832,-5.419832,-7.919832,-10.419832,36.260567,0.564869,-0.419832,-1.100000,-7.833985,-6.064724,false,false,false,0.000000,0.000000,0.000000
ATRPct14,atr_pct_14_low,compressed_up,short,30m,DISCOVERY_REJECTED,31595,23082,-0.420347,-5.420347,-7.920347,-10.420347,44.649470,0.713708,-0.420347,0.500000,-12.142168,-5.872548,false,false,false,0.000000,100.000000,0.000000
ETHContext60,eth_flat,trend_down,short,30m,DISCOVERY_REJECTED,39989,25593,-0.422488,-5.422488,-7.922488,-10.422488,40.838731,0.744537,-0.422488,-2.800000,-10.561350,-6.236206,false,false,false,0.000000,59.117689,0.000000
TrendSlope20,slope_flat,compressed_down,long,240m,DISCOVERY_REJECTED,13339,10268,-0.423552,-5.423552,-7.923552,-10.423552,48.474398,0.926442,-0.423552,0.000000,-46.099762,-19.634250,false,false,false,72.635942,51.246728,69.933778
ETHContext60,eth_flat,compressed_down,long,5m,DISCOVERY_REJECTED,9366,7741,-0.425763,-5.425763,-7.925763,-10.425763,39.792868,0.544988,-0.425763,0.100000,-7.816549,-6.367213,false,false,false,0.000000,0.000000,0.000000
ATRPct14,atr_pct_14_low,trend_down,short,15m,DISCOVERY_REJECTED,71298,37426,-0.426352,-5.426352,-7.926352,-10.426352,39.085248,0.618966,-0.426352,-1.800000,-6.997213,-5.797148,false,false,false,0.000000,0.000000,0.000000
ATRPct14,atr_pct_14_low,trend_up,long,5m,DISCOVERY_REJECTED,80850,41538,-0.426484,-5.426484,-7.926484,-10.426484,33.612863,0.445315,-0.426484,-1.000000,-6.576114,-5.798458,false,false,false,0.000000,0.000000,0.000000
Return15,return15_up,trend_up,long,15m,DISCOVERY_REJECTED,66825,41220,-0.428021,-5.428021,-7.928021,-10.428021,39.156004,0.661325,-0.428021,-2.200000,-7.462234,-6.584914,false,false,false,0.000000,0.000000,0.000000
ETHContext60,eth_up_strong,trend_down,short,15m,DISCOVERY_REJECTED,1625,1418,-0.430855,-5.430855,-7.930855,-10.430855,43.630769,0.763236,-0.430855,-1.900000,-26.527425,-9.768197,false,false,false,100.000000,30.497712,100.000000
BTCContext60,btc_up_strong,trend_up,short,30m,DISCOVERY_REJECTED,17436,10827,-0.432299,-5.432299,-7.932299,-10.432299,49.787795,0.821753,-0.432299,4.800000,-20.413140,-7.520633,false,false,false,0.000000,46.421740,0.000000
SessionUTC,late_us,range,short,15m,DISCOVERY_REJECTED,39572,18660,-0.433477,-5.433477,-7.933477,-10.433477,41.483877,0.657842,-0.433477,0.000000,-10.018634,-5.982848,false,false,false,0.000000,0.000000,0.000000
TakerBuyRatio,taker_sell_heavy_strong,compressed_down,short,15m,DISCOVERY_REJECTED,9624,8842,-0.436777,-5.436777,-7.936777,-10.436777,42.103076,0.719453,-0.436777,-1.500000,-14.105035,-6.812517,false,false,false,0.000000,99.588511,100.000000
BBWidthPctRank60,bb_width_mid,range,short,30m,DISCOVERY_REJECTED,124950,76776,-0.437044,-5.437044,-7.937044,-10.437044,44.232893,0.764272,-0.437044,-0.500000,-8.960774,-5.821563,false,false,false,0.000000,0.000000,0.000000
CloseRelativeEMA20,above_ema20,trend_up,long,15m,DISCOVERY_REJECTED,54940,35721,-0.437461,-5.437461,-7.937461,-10.437461,39.663269,0.702192,-0.437461,-3.300000,-8.596236,-5.883910,false,false,false,0.000000,0.000000,0.000000
ETHContext60,eth_flat,trend_down,short,15m,DISCOVERY_REJECTED,39989,25593,-0.437723,-5.437723,-7.937723,-10.437723,39.288304,0.665183,-0.437723,-1.900000,-9.418348,-5.911179,false,false,false,0.000000,0.000000,0.000000
TakerBuyRatio,taker_balanced,range,long,30m,DISCOVERY_REJECTED,29607,25604,-0.438412,-5.438412,-7.938412,-10.438412,44.948830,0.779699,-0.438412,0.000000,-9.281133,-7.550621,false,false,false,0.000000,0.000000,0.000000
BBWidthPctRank60,bb_width_low,compressed_down,long,5m,DISCOVERY_REJECTED,37900,27941,-0.439069,-5.439069,-7.939069,-10.439069,41.651715,0.605474,-0.439069,0.400000,-8.414455,-5.911523,false,false,false,0.000000,0.000000,0.000000
CompositeRegime,compressed_down,compressed_down,long,5m,DISCOVERY_REJECTED,37900,27941,-0.439069,-5.439069,-7.939069,-10.439069,41.651715,0.605474,-0.439069,0.400000,-8.414455,-5.911523,false,false,false,0.000000,0.000000,0.000000
SessionUTC,late_us,compressed_up,short,5m,DISCOVERY_REJECTED,8395,5804,-0.439098,-5.439098,-7.939098,-10.439098,38.999404,0.560186,-0.439098,0.000000,-12.197215,-7.988205,false,false,false,0.000000,100.000000,0.000000
BTCContext60,btc_down,range,long,15m,DISCOVERY_REJECTED,48253,34843,-0.439846,-5.439846,-7.939846,-10.439846,43.879137,0.692548,-0.439846,0.500000,-10.171349,-6.018634,false,false,false,0.000000,100.000000,0.000000
ETHContext60,eth_down,compressed_up,long,60m,DISCOVERY_REJECTED,1354,1292,-0.440544,-5.440544,-7.940544,-10.440544,46.824225,0.861100,-0.440544,0.000000,-54.342300,-11.949270,false,false,false,100.000000,40.622975,70.874899
VolumeRatio20,volume_ratio_high,range,short,15m,DISCOVERY_REJECTED,55634,43212,-0.441303,-5.441303,-7.941303,-10.441303,42.894633,0.683030,-0.441303,0.000000,-9.732523,-6.229527,false,false,false,0.000000,0.000000,0.000000
ETHContext60,eth_flat,compressed_down,long,15m,DISCOVERY_REJECTED,9366,7741,-0.441572,-5.441572,-7.941572,-10.441572,44.181081,0.686921,-0.441572,0.800000,-10.906763,-7.489018,false,false,false,0.000000,100.000000,0.000000
CloseRelativeEMA20,near_ema20,compressed_down,long,5m,DISCOVERY_REJECTED,22983,18922,-0.441844,-5.441844,-7.941844,-10.441844,40.347213,0.544705,-0.441844,0.500000,-7.788009,-5.810827,false,false,false,0.000000,0.000000,0.000000
Return15,return15_down,compressed_down,long,30m,DISCOVERY_REJECTED,11217,10153,-0.442228,-5.442228,-7.942228,-10.442228,48.176874,0.810780,-0.442228,2.800000,-15.244190,-6.227642,false,false,false,0.000000,40.891810,100.000000
ATRPct14,atr_pct_14_mid,trend_up,short,120m,DISCOVERY_REJECTED,39048,22034,-0.442331,-5.442331,-7.942331,-10.442331,50.647921,0.912352,-0.442331,6.800000,-28.499458,-9.994489,false,false,false,0.000000,47.317131,100.000000
TakerBuyRatio,taker_sell_heavy_strong,compressed_up,short,240m,DISCOVERY_REJECTED,11774,10583,-0.442430,-5.442430,-7.942430,-10.442430,47.638865,0.911811,-0.442430,-1.300000,-51.375306,-17.430617,false,false,false,51.274158,32.435229,87.870942
TrendSlope20,slope_flat,compressed_down,long,30m,DISCOVERY_REJECTED,13339,10268,-0.443392,-5.443392,-7.943392,-10.443392,46.960042,0.802983,-0.443392,1.700000,-11.875206,-23.026950,false,false,false,98.688651,50.286599,0.000000
TrendSlope20,slope_up,range,long,60m,DISCOVERY_REJECTED,19458,14427,-0.444327,-5.444327,-7.944327,-10.444327,47.091171,0.842222,-0.444327,0.450000,-11.677256,-10.918633,false,false,false,100.000000,90.033483,0.000000
CloseRelativeEMA20,below_ema20,trend_up,long,15m,DISCOVERY_REJECTED,1748,1700,-0.444331,-5.444331,-7.944331,-10.444331,45.022883,0.775277,-0.444331,-0.550000,-22.367298,-11.110353,false,false,false,0.000000,24.780041,0.000000
Return15,return15_flat,trend_up,long,60m,DISCOVERY_REJECTED,24361,18680,-0.444812,-5.444812,-7.944812,-10.444812,42.884118,0.773863,-0.444812,-2.000000,-13.792223,-7.480576,false,false,false,0.000000,100.000000,0.000000
TrendSlope20,slope_up,range,long,15m,DISCOVERY_REJECTED,19458,14427,-0.446576,-5.446576,-7.946576,-10.446576,42.799877,0.709289,-0.446576,-0.800000,-7.344697,-11.459780,false,false,false,0.000000,0.000000,0.000000
VolumeRatio20,volume_ratio_high,trend_up,short,30m,DISCOVERY_REJECTED,36160,27339,-0.447220,-5.447220,-7.947220,-10.447220,47.923119,0.777291,-0.447220,3.000000,-13.059138,-6.291937,false,false,false,0.000000,52.072125,0.000000
TakerBuyRatio,taker_sell_heavy,range,short,15m,DISCOVERY_REJECTED,41900,34274,-0.447385,-5.447385,-7.947385,-10.447385,43.112172,0.701545,-0.447385,0.000000,-8.118195,-6.555314,false,false,false,0.000000,0.000000,0.000000
BTCContext60,btc_down,compressed_down,short,15m,DISCOVERY_REJECTED,28763,23014,-0.448119,-5.448119,-7.948119,-10.448119,42.471230,0.709857,-0.448119,-1.100000,-12.592020,-6.459256,false,false,false,0.000000,0.000000,0.000000
SessionUTC,europe,compressed_down,short,5m,DISCOVERY_REJECTED,7860,6073,-0.448286,-5.448286,-7.948286,-10.448286,38.371501,0.577299,-0.448286,-0.700000,-13.775746,-6.413737,false,false,false,0.000000,0.000000,0.000000
TrendSlope20,slope_up_strong,compressed_up,short,30m,DISCOVERY_REJECTED,12648,10219,-0.449339,-5.449339,-7.949339,-10.449339,45.714738,0.769056,-0.449339,1.200000,-13.449468,-694.762151,false,false,false,0.000000,61.341768,0.000000
BBWidthPctRank60,bb_width_low,trend_up,long,5m,DISCOVERY_REJECTED,16486,13976,-0.451277,-5.451277,-7.951277,-10.451277,34.726435,0.487660,-0.451277,-0.700000,-8.377318,-6.074389,false,false,false,0.000000,0.000000,0.000000
RealizedVol60,realized_vol_60_low,trend_down,short,30m,DISCOVERY_REJECTED,99011,47972,-0.453118,-5.453118,-7.953118,-10.453118,41.190373,0.750379,-0.453118,-3.200000,-9.834311,-6.570324,false,false,false,0.000000,100.000000,0.000000
SessionUTC,us,trend_down,long,60m,DISCOVERY_REJECTED,35007,17366,-0.453172,-5.453172,-7.953172,-10.453172,50.075699,0.860836,-0.453172,5.100000,-28.595544,-8.951226,false,false,false,0.000000,25.772157,100.000000
TrendSlope20,slope_down,range,short,5m,DISCOVERY_REJECTED,19673,14407,-0.456253,-5.456253,-7.956253,-10.456253,39.190769,0.577142,-0.456253,-0.400000,-8.736885,-5.920464,false,false,false,0.000000,0.000000,0.000000
TakerBuyRatio,taker_sell_heavy_strong,trend_up,short,240m,DISCOVERY_REJECTED,28559,22518,-0.457965,-5.457965,-7.957965,-10.457965,48.898771,0.905013,-0.457965,2.400000,-40.661702,-9.110854,false,false,false,0.000000,31.165093,52.150904
TrendSlope20,slope_flat,trend_up,short,240m,DISCOVERY_REJECTED,33335,17630,-0.458775,-5.458775,-7.958775,-10.458775,50.160492,0.910157,-0.458775,5.500000,-82.382526,-37.308290,false,false,false,95.092072,26.164201,84.169093
ETHContext60,eth_flat,trend_up,short,120m,DISCOVERY_REJECTED,44266,27627,-0.464109,-5.464109,-7.964109,-10.464109,48.789138,0.859085,-0.464109,3.000000,-21.476089,-7.013822,false,false,false,0.000000,37.688312,0.000000
ETHContext60,eth_up_strong,trend_up,long,30m,DISCOVERY_REJECTED,25344,15253,-0.464757,-5.464757,-7.964757,-10.464757,42.167771,0.812633,-0.464757,-4.600000,-15.273229,-6.710564,false,false,false,0.000000,73.781983,0.000000
SessionUTC,europe,trend_down,short,15m,DISCOVERY_REJECTED,30170,14730,-0.465137,-5.465137,-7.965137,-10.465137,40.119324,0.688131,-0.465137,-1.900000,-8.758755,-6.142155,false,false,false,0.000000,100.000000,0.000000
SessionUTC,europe,trend_down,long,5m,DISCOVERY_REJECTED,30170,14730,-0.465963,-5.465963,-7.965963,-10.465963,39.983427,0.544162,-0.465963,0.500000,-7.528930,-5.936119,false,false,false,0.000000,0.000000,0.000000
ATRPct14,atr_pct_14_mid,range,short,30m,DISCOVERY_REJECTED,68277,38332,-0.468046,-5.468046,-7.968046,-10.468046,46.444630,0.836122,-0.468046,-0.700000,-10.346555,-7.660391,false,false,false,0.000000,0.000000,0.000000
TakerBuyRatio,taker_sell_heavy,trend_up,long,30m,DISCOVERY_REJECTED,21621,17988,-0.468419,-5.468419,-7.968419,-10.468419,41.760326,0.786931,-0.468419,-3.300000,-9.502457,-7.831771,false,false,false,0.000000,0.000000,0.000000
BBWidthPctRank60,bb_width_high,range,long,30m,DISCOVERY_REJECTED,60561,48988,-0.469303,-5.469303,-7.969303,-10.469303,44.335463,0.765310,-0.469303,-0.400000,-10.869892,-6.516505,false,false,false,0.000000,0.000000,0.000000
RealizedVol60,realized_vol_60_low,range,long,240m,DISCOVERY_REJECTED,206395,91613,-0.469305,-5.469305,-7.969305,-10.469305,48.219676,0.898893,-0.469305,0.700000,-28.491887,-7.828477,false,false,false,0.000000,34.449181,65.784832
VolumeRatio20,volume_ratio_normal,compressed_down,short,240m,DISCOVERY_REJECTED,14733,12999,-0.474249,-5.474249,-7.974249,-10.474249,47.519175,0.926398,-0.474249,-2.900000,-59.178244,-11.350627,false,false,false,52.605629,33.320450,92.713051
BTCContext60,btc_up_strong,trend_down,short,120m,DISCOVERY_REJECTED,759,705,-0.475470,-5.475470,-7.975470,-10.475470,44.005270,0.910877,-0.475470,-10.600000,-125.213733,-26.114822,false,false,false,100.000000,37.347940,57.558530
TrendSlope20,slope_up,compressed_down,short,15m,DISCOVERY_REJECTED,3139,2893,-0.476681,-5.476681,-7.976681,-10.476681,43.899331,0.745147,-0.476681,-0.700000,-18.911966,-41.536709,false,false,false,100.000000,88.370128,0.000000
BBWidthPctRank60,bb_width_low,trend_up,long,15m,DISCOVERY_REJECTED,16486,13976,-0.477665,-5.477665,-7.977665,-10.477665,39.433459,0.646954,-0.477665,-1.500000,-7.260450,-6.509975,false,false,false,0.000000,0.000000,0.000000
SessionUTC,us,trend_down,short,15m,DISCOVERY_REJECTED,35007,17366,-0.477973,-5.477973,-7.977973,-10.477973,41.128917,0.753811,-0.477973,-3.200000,-15.087034,-6.802824,false,false,false,0.000000,89.813726,0.000000
TakerBuyRatio,taker_balanced,range,short,120m,DISCOVERY_REJECTED,29607,25604,-0.478815,-5.478815,-7.978815,-10.478815,46.705171,0.883981,-0.478815,-1.900000,-20.286958,-8.576374,false,false,false,0.000000,69.082124,0.000000
TrendSlope20,slope_up_strong,trend_up,short,60m,DISCOVERY_REJECTED,68487,34304,-0.479545,-5.479545,-7.979545,-10.479545,48.139063,0.822756,-0.479545,2.800000,-11.690752,-275.925339,false,false,false,0.000000,100.000000,0.000000
Return15,return15_flat,trend_down,long,240m,DISCOVERY_REJECTED,21667,16887,-0.480565,-5.480565,-7.980565,-10.480565,49.370010,0.890219,-0.480565,3.700000,-36.590895,-11.718468,false,false,false,100.000000,22.785430,100.000000
SessionUTC,asia,trend_down,short,60m,DISCOVERY_REJECTED,33470,16334,-0.481336,-5.481336,-7.981336,-10.481336,43.122199,0.839005,-0.481336,-4.500000,-19.952266,-8.159465,false,false,false,0.000000,87.520341,100.000000
Return15,return15_down,range,short,5m,DISCOVERY_REJECTED,68379,46101,-0.486029,-5.486029,-7.986029,-10.486029,37.150295,0.512348,-0.486029,-0.500000,-6.991612,-6.002848,false,false,false,0.000000,0.000000,0.000000
SessionUTC,asia,compressed_down,short,30m,DISCOVERY_REJECTED,10318,7817,-0.486827,-5.486827,-7.986827,-10.486827,43.787556,0.790527,-0.486827,-1.800000,-23.351760,-7.595262,false,false,false,0.000000,52.437518,100.000000
ATRPct14,atr_pct_14_mid,compressed_up,short,15m,DISCOVERY_REJECTED,15927,11173,-0.486862,-5.486862,-7.986862,-10.486862,47.102405,0.785274,-0.486862,1.000000,-11.548428,-8.452039,false,false,false,0.000000,61.146464,0.000000
CloseRelativeEMA20,above_ema20_strong,range,long,5m,DISCOVERY_REJECTED,7404,6323,-0.487796,-5.487796,-7.987796,-10.487796,41.153431,0.746605,-0.487796,-3.300000,-20.165680,-8.653279,false,false,false,0.000000,71.758716,0.000000
ATRPct14,atr_pct_14_mid,trend_up,long,5m,DISCOVERY_REJECTED,39048,22034,-0.492217,-5.492217,-7.992217,-10.492217,41.536058,0.683429,-0.492217,-1.800000,-10.508576,-6.438830,false,false,false,0.000000,0.000000,0.000000
BTCContext60,btc_down,trend_up,long,15m,DISCOVERY_REJECTED,10313,8385,-0.493629,-5.493629,-7.993629,-10.493629,41.830699,0.722896,-0.493629,-1.700000,-10.716680,-8.889021,false,false,false,0.000000,66.118851,0.000000
BTCContext60,btc_flat,range,short,60m,DISCOVERY_REJECTED,119071,68033,-0.495764,-5.495764,-7.995764,-10.495764,45.139455,0.801814,-0.495764,-0.600000,-14.392770,-5.822639,false,false,false,0.000000,100.000000,0.000000
ETHContext60,eth_down_strong,compressed_down,short,5m,DISCOVERY_REJECTED,11580,9296,-0.496403,-5.496403,-7.996403,-10.496403,41.183074,0.679167,-0.496403,-1.300000,-12.741060,-6.486611,false,false,false,0.000000,100.000000,0.000000
VolumeRatio20,volume_ratio_low,trend_up,long,15m,DISCOVERY_REJECTED,38909,29272,-0.497876,-5.497876,-7.997876,-10.497876,39.836542,0.673605,-0.497876,-1.700000,-8.351025,-6.374018,false,false,false,0.000000,0.000000,0.000000
ETHContext60,eth_up,trend_up,short,120m,DISCOVERY_REJECTED,38223,25072,-0.498746,-5.498746,-7.998746,-10.498746,48.860634,0.869979,-0.498746,2.900000,-21.370124,-8.486913,false,false,false,0.000000,36.451577,100.000000
TrendSlope20,slope_down,compressed_down,short,5m,DISCOVERY_REJECTED,3761,3427,-0.504839,-5.504839,-8.004839,-10.504839,40.122308,0.619569,-0.504839,-0.800000,-13.785781,-112.175695,false,false,false,100.000000,0.000000,0.000000
ETHContext60,eth_flat,compressed_up,short,30m,DISCOVERY_REJECTED,12086,9678,-0.505740,-5.505740,-8.005740,-10.505740,44.820453,0.750416,-0.505740,0.250000,-16.349145,-9.028998,false,false,false,0.000000,77.190899,0.000000
BTCContext60,btc_up,trend_up,short,240m,DISCOVERY_REJECTED,43361,28304,-0.505873,-5.505873,-8.005873,-10.505873,49.592952,0.908267,-0.505873,3.900000,-41.964149,-10.680184,false,false,false,0.000000,28.172296,52.713213
BBWidthPctRank60,bb_width_high,range,short,240m,DISCOVERY_REJECTED,60561,48988,-0.507817,-5.507817,-8.007817,-10.507817,47.786529,0.912205,-0.507817,-1.200000,-47.296090,-9.215697,false,false,false,0.000000,32.810445,59.779347
TakerBuyRatio,taker_buy_heavy_strong,compressed_up,short,15m,DISCOVERY_REJECTED,11361,10313,-0.511451,-5.511451,-8.011451,-10.511451,42.689904,0.670288,-0.511451,0.000000,-9.713945,-6.280467,false,false,false,0.000000,0.000000,0.000000
BTCContext60,btc_flat,range,short,30m,DISCOVERY_REJECTED,119071,68033,-0.511499,-5.511499,-8.011499,-10.511499,43.546288,0.727662,-0.511499,-0.200000,-11.306337,-5.926281,false,false,false,0.000000,0.000000,0.000000
CloseRelativeEMA20,below_ema20,trend_down,long,5m,DISCOVERY_REJECTED,54135,34965,-0.512389,-5.512389,-8.012389,-10.512389,43.424771,0.585151,-0.512389,1.400000,-8.406723,-6.456837,false,false,false,0.000000,0.000000,0.000000
BBWidthPctRank60,bb_width_high,trend_up,short,30m,DISCOVERY_REJECTED,46994,34217,-0.512744,-5.512744,-8.012744,-10.512744,48.155084,0.781194,-0.512744,3.200000,-11.031274,-6.090347,false,false,false,0.000000,0.000000,0.000000
SessionUTC,europe,trend_up,long,60m,DISCOVERY_REJECTED,30756,15080,-0.513164,-5.513164,-8.013164,-10.513164,42.768891,0.817819,-0.513164,-4.200000,-17.117565,-8.467788,false,false,false,0.000000,56.590500,100.000000
TrendSlope20,slope_up,compressed_up,long,120m,DISCOVERY_REJECTED,4673,4171,-0.516952,-5.516952,-8.016952,-10.516952,46.008988,0.888869,-0.516952,-3.300000,-30.275724,-30.522528,false,false,false,100.000000,47.545870,49.081736
CloseRelativeEMA20,near_ema20,trend_down,short,60m,DISCOVERY_REJECTED,47739,31374,-0.517165,-5.517165,-8.017165,-10.517165,42.654852,0.792189,-0.517165,-3.100000,-12.389594,-7.668679,false,false,false,0.000000,59.707634,0.000000
BBWidthPctRank60,bb_width_mid,trend_down,long,5m,DISCOVERY_REJECTED,54405,35906,-0.523312,-5.523312,-8.023312,-10.523312,41.029317,0.584703,-0.523312,0.600000,-10.470544,-6.118505,false,false,false,0.000000,0.000000,0.000000
VolumeRatio20,volume_ratio_high,range,short,30m,DISCOVERY_REJECTED,55634,43212,-0.524276,-5.524276,-8.024276,-10.524276,44.305640,0.754872,-0.524276,0.000000,-12.561535,-6.314824,false,false,false,0.000000,0.000000,0.000000
ETHContext60,eth_up,compressed_up,short,15m,DISCOVERY_REJECTED,18939,15533,-0.524420,-5.524420,-8.024420,-10.524420,43.370822,0.672447,-0.524420,0.600000,-8.271368,-6.576410,false,false,false,0.000000,0.000000,0.000000
TrendSlope20,slope_up_strong,compressed_down,long,240m,DISCOVERY_REJECTED,7930,6987,-0.524827,-5.524827,-8.024827,-10.524827,48.991173,0.917480,-0.524827,1.700000,-35.141352,-6.113341,false,false,false,100.000000,30.732314,95.869000
VolumeRatio20,volume_ratio_low,trend_up,long,60m,DISCOVERY_REJECTED,38909,29272,-0.525389,-5.525389,-8.025389,-10.525389,43.316456,0.816797,-0.525389,-3.400000,-10.446280,-6.734577,false,false,false,0.000000,0.000000,0.000000
RealizedVol60,realized_vol_60_low,compressed_up,long,240m,DISCOVERY_REJECTED,37813,26821,-0.526494,-5.526494,-8.026494,-10.526494,48.150107,0.902363,-0.526494,0.400000,-53.670683,-9.633673,false,false,false,0.000000,29.021600,100.000000
BTCContext60,btc_up,trend_up,long,15m,DISCOVERY_REJECTED,43361,28304,-0.530252,-5.530252,-8.030252,-10.530252,39.014322,0.683529,-0.530252,-2.800000,-10.777821,-6.250878,false,false,false,0.000000,100.000000,0.000000
RealizedVol60,realized_vol_60_mid,range,long,5m,DISCOVERY_REJECTED,31002,16617,-0.530765,-5.530765,-8.030765,-10.530765,44.316496,0.728497,-0.530765,-0.500000,-11.112017,-6.639591,false,false,false,0.000000,100.000000,0.000000
Return15,return15_down_strong,range,short,30m,DISCOVERY_REJECTED,16644,13830,-0.532969,-5.532969,-8.032969,-10.532969,45.878395,0.835407,-0.532969,-1.550000,-18.943422,-7.905539,false,false,false,0.000000,43.198336,0.000000
TakerBuyRatio,taker_buy_heavy,compressed_up,long,15m,DISCOVERY_REJECTED,8839,8142,-0.532981,-5.532981,-8.032981,-10.532981,42.188030,0.716092,-0.532981,-1.600000,-11.782505,-7.321384,false,false,false,0.000000,0.000000,0.000000
TrendSlope20,slope_up,compressed_up,long,5m,DISCOVERY_REJECTED,4673,4171,-0.533149,-5.533149,-8.033149,-10.533149,37.406377,0.597996,-0.533149,-1.500000,-10.260408,-8.679464,false,false,false,0.000000,100.000000,0.000000
ETHContext60,eth_up,range,short,240m,DISCOVERY_REJECTED,53353,36724,-0.533318,-5.533318,-8.033318,-10.533318,48.420895,0.908583,-0.533318,0.600000,-39.332626,-7.504098,false,false,false,0.000000,37.021528,66.160679
VolumeRatio20,volume_ratio_high,compressed_down,short,15m,DISCOVERY_REJECTED,7944,7486,-0.535721,-5.535721,-8.035721,-10.535721,42.434542,0.721470,-0.535721,-1.600000,-18.381757,-7.917879,false,false,false,0.000000,95.570117,0.000000
CompositeRegime,trend_up,trend_up,short,120m,DISCOVERY_REJECTED,120660,57289,-0.535992,-5.535992,-8.035992,-10.535992,49.095806,0.873704,-0.535992,3.300000,-22.486364,-7.013822,false,false,false,0.000000,57.060289,0.000000
ATRPct14,atr_pct_14_mid,trend_down,short,15m,DISCOVERY_REJECTED,44654,24466,-0.537604,-5.537604,-8.037604,-10.537604,42.943521,0.796529,-0.537604,-4.500000,-13.808753,-6.549199,false,false,false,0.000000,76.271217,0.000000
BTCContext60,btc_down,trend_down,long,5m,DISCOVERY_REJECTED,43741,28130,-0.537724,-5.537724,-8.037724,-10.537724,42.129810,0.569251,-0.537724,1.200000,-9.132786,-6.277231,false,false,false,0.000000,0.000000,0.000000
ETHContext60,eth_down,trend_up,long,5m,DISCOVERY_REJECTED,11162,8904,-0.539345,-5.539345,-8.039345,-10.539345,37.842681,0.579025,-0.539345,-0.700000,-8.879618,-7.155930,false,false,false,0.000000,0.000000,0.000000
TrendSlope20,slope_down,trend_down,long,5m,DISCOVERY_REJECTED,19465,12644,-0.539844,-5.539844,-8.039844,-10.539844,42.275880,0.640084,-0.539844,0.700000,-9.573985,-14.364963,false,false,false,0.000000,0.000000,0.000000
BTCContext60,btc_down,range,long,5m,DISCOVERY_REJECTED,48253,34843,-0.540491,-5.540491,-8.040491,-10.540491,39.688724,0.553175,-0.540491,0.000000,-9.343232,-5.834535,false,false,false,0.000000,0.000000,0.000000
SessionUTC,us,range,long,15m,DISCOVERY_REJECTED,66624,31478,-0.542762,-5.542762,-8.042762,-10.542762,43.325228,0.714716,-0.542762,0.000000,-7.467796,-6.656005,false,false,false,0.000000,0.000000,0.000000
ETHContext60,eth_flat,trend_down,long,120m,DISCOVERY_REJECTED,39989,25593,-0.544539,-5.544539,-8.044539,-10.544539,49.736177,0.858721,-0.544539,4.600000,-24.468711,-8.264138,false,false,false,0.000000,36.388731,100.000000
TrendSlope20,slope_down,trend_down,short,15m,DISCOVERY_REJECTED,19465,12644,-0.547083,-5.547083,-8.047083,-10.547083,41.669663,0.752849,-0.547083,-2.400000,-13.144356,-7.749511,false,false,false,0.000000,0.000000,0.000000
BBWidthPctRank60,bb_width_high,trend_down,short,15m,DISCOVERY_REJECTED,48250,34344,-0.548341,-5.548341,-8.048341,-10.548341,40.167876,0.743231,-0.548341,-3.300000,-12.557873,-6.844266,false,false,false,0.000000,100.000000,0.000000
TrendSlope20,slope_flat,trend_down,short,30m,DISCOVERY_REJECTED,32441,17055,-0.549228,-5.549228,-8.049228,-10.549228,41.798958,0.768229,-0.549228,-3.200000,-9.924253,-11.031454,false,false,false,0.000000,0.000000,0.000000
CloseRelativeEMA20,below_ema20,range,short,5m,DISCOVERY_REJECTED,51248,36653,-0.550589,-5.550589,-8.050589,-10.550589,38.344911,0.561414,-0.550589,-1.000000,-6.877262,-5.950833,false,false,false,0.000000,0.000000,0.000000
CompositeRegime,trend_down,trend_down,short,15m,DISCOVERY_REJECTED,117282,55506,-0.551080,-5.551080,-8.051080,-10.551080,40.557801,0.721546,-0.551080,-2.400000,-11.005935,-6.062851,false,false,false,0.000000,0.000000,0.000000
BTCContext60,btc_up,trend_up,long,30m,DISCOVERY_REJECTED,43361,28304,-0.552524,-5.552524,-8.052524,-10.552524,41.053020,0.757449,-0.552524,-3.500000,-11.017779,-6.949592,false,false,false,0.000000,100.000000,0.000000
ETHContext60,eth_up_strong,trend_up,long,5m,DISCOVERY_REJECTED,25344,15253,-0.552819,-5.552819,-8.052819,-10.552819,39.271622,0.639734,-0.552819,-1.600000,-11.341556,-6.164238,false,false,false,0.000000,0.000000,0.000000
CloseRelativeEMA20,near_ema20,trend_up,long,240m,DISCOVERY_REJECTED,51603,33500,-0.554886,-5.554886,-8.054886,-10.554886,46.615507,0.892448,-0.554886,-2.000000,-27.537644,-10.530645,false,false,false,0.000000,50.258705,100.000000
RealizedVol60,realized_vol_60_mid,compressed_down,long,5m,DISCOVERY_REJECTED,9381,6861,-0.557613,-5.557613,-8.057613,-10.557613,45.325658,0.730588,-0.557613,0.200000,-12.995767,-7.164730,false,false,false,0.000000,52.254982,0.000000
TakerBuyRatio,taker_buy_heavy_strong,trend_up,short,60m,DISCOVERY_REJECTED,31671,23959,-0.560100,-5.560100,-8.060100,-10.560100,48.227085,0.808024,-0.560100,2.900000,-12.969115,-6.879156,false,false,false,0.000000,55.484585,0.000000
TakerBuyRatio,taker_sell_heavy_strong,compressed_up,long,120m,DISCOVERY_REJECTED,11774,10583,-0.560304,-5.560304,-8.060304,-10.560304,47.435026,0.872905,-0.560304,0.000000,-26.289508,-12.167581,false,false,false,0.000000,48.784891,100.000000
ETHContext60,eth_down_strong,range,long,5m,DISCOVERY_REJECTED,16679,12476,-0.563838,-5.563838,-8.063838,-10.563838,44.247257,0.666632,-0.563838,1.100000,-13.608956,-5.980127,false,false,false,0.000000,0.000000,0.000000
SessionUTC,us,compressed_up,long,15m,DISCOVERY_REJECTED,15929,10923,-0.564358,-5.564358,-8.064358,-10.564358,42.689434,0.728172,-0.564358,-1.200000,-11.013490,-6.938804,false,false,false,0.000000,0.000000,0.000000
Return15,return15_flat,trend_up,long,30m,DISCOVERY_REJECTED,24361,18680,-0.564976,-5.564976,-8.064976,-10.564976,40.158450,0.690165,-0.564976,-1.800000,-9.200426,-6.767457,false,false,false,0.000000,0.000000,0.000000
TakerBuyRatio,taker_balanced,trend_up,long,5m,DISCOVERY_REJECTED,15926,13764,-0.568691,-5.568691,-8.068691,-10.568691,37.033781,0.594378,-0.568691,-1.600000,-8.926349,-7.539014,false,false,false,0.000000,0.000000,0.000000
TakerBuyRatio,taker_sell_heavy_strong,range,short,15m,DISCOVERY_REJECTED,64482,47166,-0.569487,-5.569487,-8.069487,-10.569487,41.955895,0.650154,-0.569487,0.000000,-8.401738,-6.136075,false,false,false,0.000000,0.000000,0.000000
SessionUTC,us,range,long,5m,DISCOVERY_REJECTED,66624,31478,-0.569652,-5.569652,-8.069652,-10.569652,39.409222,0.580060,-0.569652,0.000000,-8.554830,-6.063519,false,false,false,0.000000,0.000000,0.000000
BBWidthPctRank60,bb_width_high,trend_up,long,5m,DISCOVERY_REJECTED,46994,34217,-0.570306,-5.570306,-8.070306,-10.570306,36.349321,0.590191,-0.570306,-1.700000,-8.599013,-6.655329,false,false,false,0.000000,0.000000,0.000000
Return15,return15_flat,range,short,120m,DISCOVERY_REJECTED,69421,46659,-0.570667,-5.570667,-8.070667,-10.570667,45.745524,0.839722,-0.570667,-1.300000,-15.024202,-7.010020,false,false,false,0.000000,40.065349,0.000000
Return15,return15_down,compressed_up,short,15m,DISCOVERY_REJECTED,10593,9639,-0.571498,-5.571498,-8.071498,-10.571498,44.387803,0.723442,-0.571498,0.000000,-12.516378,-7.436426,false,false,false,0.000000,100.000000,0.000000
CloseRelativeEMA20,near_ema20,trend_down,long,5m,DISCOVERY_REJECTED,47739,31374,-0.571808,-5.571808,-8.071808,-10.571808,36.835711,0.468857,-0.571808,0.000000,-8.563089,-6.253675,false,false,false,0.000000,0.000000,0.000000
BTCContext60,btc_up,range,long,240m,DISCOVERY_REJECTED,50840,36199,-0.572101,-5.572101,-8.072101,-10.572101,47.631786,0.909541,-0.572101,-1.700000,-37.838523,-11.777367,false,false,false,0.000000,49.734850,67.518617
ETHContext60,eth_up,trend_down,short,15m,DISCOVERY_REJECTED,10576,8702,-0.572737,-5.572737,-8.072737,-10.572737,41.386157,0.684150,-0.572737,-1.100000,-12.088675,-6.242075,false,false,false,0.000000,100.000000,0.000000
TrendSlope20,slope_down,compressed_down,short,60m,DISCOVERY_REJECTED,3761,3427,-0.577615,-5.577615,-8.077615,-10.577615,45.413454,0.861067,-0.577615,-3.100000,-31.346540,-43.069814,false,false,false,70.748413,45.733640,50.537626
SessionUTC,late_us,trend_up,long,5m,DISCOVERY_REJECTED,20591,10345,-0.577858,-5.577858,-8.077858,-10.577858,34.913312,0.529664,-0.577858,-1.200000,-8.439206,-6.200627,false,false,false,0.000000,0.000000,0.000000
CloseRelativeEMA20,below_ema20,trend_down,short,30m,DISCOVERY_REJECTED,54135,34965,-0.578260,-5.578260,-8.078260,-10.578260,41.969151,0.784896,-0.578260,-4.100000,-10.668437,-6.777450,false,false,false,0.000000,0.000000,0.000000
TakerBuyRatio,taker_sell_heavy,trend_down,long,5m,DISCOVERY_REJECTED,21957,18023,-0.578548,-5.578548,-8.078548,-10.578548,43.147971,0.631298,-0.578548,1.400000,-17.443945,-6.792647,false,false,false,0.000000,0.000000,0.000000
Return15,return15_down,trend_down,short,15m,DISCOVERY_REJECTED,64104,39511,-0.578760,-5.578760,-8.078760,-10.578760,40.239299,0.674846,-0.578760,-2.300000,-8.805740,-6.350475,false,false,false,0.000000,0.000000,0.000000
VolumeRatio20,volume_ratio_high,trend_up,long,5m,DISCOVERY_REJECTED,36160,27339,-0.580493,-5.580493,-8.080493,-10.580493,36.628872,0.580998,-0.580493,-1.400000,-7.545966,-6.095355,false,false,false,0.000000,0.000000,0.000000
Return15,return15_up,trend_up,long,30m,DISCOVERY_REJECTED,66825,41220,-0.581536,-5.581536,-8.081536,-10.581536,41.222596,0.735963,-0.581536,-2.800000,-10.675580,-7.424407,false,false,false,0.000000,0.000000,0.000000
ETHContext60,eth_down,trend_up,short,120m,DISCOVERY_REJECTED,11162,8904,-0.581631,-5.581631,-8.081631,-10.581631,49.041390,0.882348,-0.581631,2.800000,-19.205652,-10.914978,false,false,false,0.000000,29.114789,100.000000
TakerBuyRatio,taker_sell_heavy,trend_down,short,30m,DISCOVERY_REJECTED,21957,18023,-0.582802,-5.582802,-8.082802,-10.582802,41.658697,0.805355,-0.582802,-4.200000,-16.887019,-8.371245,false,false,false,0.000000,67.005931,0.000000
VolumeRatio20,volume_ratio_high,compressed_down,short,30m,DISCOVERY_REJECTED,7944,7486,-0.585388,-5.585388,-8.085388,-10.585388,43.693353,0.783241,-0.585388,-1.800000,-24.138746,-8.541585,false,false,false,0.000000,49.168916,0.000000
BBWidthPctRank60,bb_width_high,range,short,120m,DISCOVERY_REJECTED,60561,48988,-0.586020,-5.586020,-8.086020,-10.586020,46.528294,0.875514,-0.586020,-1.700000,-25.763160,-9.597527,false,false,false,0.000000,58.938046,0.000000
TrendSlope20,slope_flat,compressed_down,short,15m,DISCOVERY_REJECTED,13339,10268,-0.594555,-5.594555,-8.094555,-10.594555,43.099183,0.732328,-0.594555,-1.300000,-14.328573,-9.527263,false,false,false,100.000000,0.000000,0.000000
CloseRelativeEMA20,above_ema20,compressed_up,short,15m,DISCOVERY_REJECTED,10988,9527,-0.595213,-5.595213,-8.095213,-10.595213,45.522388,0.728790,-0.595213,0.900000,-13.062906,-9.083195,false,false,false,0.000000,59.710049,0.000000
BTCContext60,btc_down_strong,trend_down,short,15m,DISCOVERY_REJECTED,19720,11580,-0.597261,-5.597261,-8.097261,-10.597261,42.094320,0.823835,-0.597261,-6.500000,-17.188574,-7.515693,false,false,false,0.000000,50.259120,0.000000
RealizedVol60,realized_vol_60_low,compressed_up,short,60m,DISCOVERY_REJECTED,37813,26821,-0.601761,-5.601761,-8.101761,-10.601761,46.341205,0.801329,-0.601761,0.300000,-19.443296,-6.993492,false,false,false,0.000000,50.541089,0.000000
CloseRelativeEMA20,near_ema20,compressed_up,short,120m,DISCOVERY_REJECTED,30161,23507,-0.603287,-5.603287,-8.103287,-10.603287,47.103876,0.862615,-0.603287,0.000000,-20.699423,-9.052957,false,false,false,0.000000,48.008474,100.000000
VolumeRatio20,volume_ratio_high,trend_down,long,60m,DISCOVERY_REJECTED,33415,25511,-0.604165,-5.604165,-8.104165,-10.604165,49.821936,0.843056,-0.604165,4.700000,-20.061701,-8.784047,false,false,false,0.000000,36.549437,100.000000
CloseRelativeEMA20,above_ema20,trend_up,short,60m,DISCOVERY_REJECTED,54940,35721,-0.604189,-5.604189,-8.104189,-10.604189,49.304696,0.825915,-0.604189,4.000000,-12.268916,-6.943252,false,false,false,0.000000,71.817239,0.000000
Return15,return15_up,compressed_up,long,5m,DISCOVERY_REJECTED,14229,12419,-0.605975,-5.605975,-8.105975,-10.605975,38.351254,0.568598,-0.605975,-0.800000,-10.696496,-6.334726,false,false,false,0.000000,0.000000,0.000000
BBWidthPctRank60,bb_width_mid,trend_up,long,30m,DISCOVERY_REJECTED,57180,37750,-0.606593,-5.606593,-8.106593,-10.606593,41.593214,0.761240,-0.606593,-2.800000,-11.191577,-7.024840,false,false,false,0.000000,0.000000,0.000000
TrendSlope20,slope_flat,compressed_up,short,15m,DISCOVERY_REJECTED,17276,12403,-0.607496,-5.607496,-8.107496,-10.607496,44.333179,0.696794,-0.607496,0.600000,-14.032954,-8.728752,false,false,false,0.000000,0.000000,0.000000
TakerBuyRatio,taker_buy_heavy,trend_down,short,120m,DISCOVERY_REJECTED,21255,17602,-0.607586,-5.607586,-8.107586,-10.607586,44.982357,0.890384,-0.607586,-5.400000,-25.492177,-9.707539,false,false,false,0.000000,31.366735,65.687175
BTCContext60,btc_flat,trend_up,long,5m,DISCOVERY_REJECTED,48622,30859,-0.617250,-5.617250,-8.117250,-10.617250,34.354819,0.498063,-0.617250,-1.000000,-7.044282,-6.371155,false,false,false,0.000000,0.000000,0.000000
SessionUTC,us,compressed_up,long,30m,DISCOVERY_REJECTED,15929,10923,-0.619351,-5.619351,-8.119351,-10.619351,44.032896,0.799993,-0.619351,-1.800000,-17.336914,-8.024159,false,false,false,0.000000,59.789344,0.000000
Return15,return15_flat,compressed_down,long,60m,DISCOVERY_REJECTED,15786,13763,-0.619878,-5.619878,-8.119878,-10.619878,47.871532,0.813782,-0.619878,2.300000,-21.480115,-8.772150,false,false,false,0.000000,38.573427,0.000000
CloseRelativeEMA20,near_ema20,compressed_down,long,60m,DISCOVERY_REJECTED,22983,18922,-0.620975,-5.620975,-8.120975,-10.620975,47.809250,0.820250,-0.620975,2.100000,-17.409789,-8.946664,false,false,false,0.000000,68.966627,100.000000
Return15,return15_up_strong,trend_up,long,15m,DISCOVERY_REJECTED,27060,19225,-0.621550,-5.621550,-8.121550,-10.621550,41.407982,0.790857,-0.621550,-5.700000,-9.018710,-7.658138,false,false,false,0.000000,0.000000,0.000000
SessionUTC,late_us,compressed_down,long,5m,DISCOVERY_REJECTED,6263,4772,-0.622754,-5.622754,-8.122754,-10.622754,41.401884,0.583587,-0.622754,0.600000,-12.205551,-8.195577,false,false,false,0.000000,82.830063,0.000000
ATRPct14,atr_pct_14_mid,trend_up,long,60m,DISCOVERY_REJECTED,39048,22034,-0.623074,-5.623074,-8.123074,-10.623074,44.283958,0.878041,-0.623074,-7.800000,-16.954889,-7.879211,false,false,false,0.000000,36.468997,0.000000
CloseRelativeEMA20,near_ema20,compressed_up,short,60m,DISCOVERY_REJECTED,30161,23507,-0.626576,-5.626576,-8.126576,-10.626576,46.662909,0.807834,-0.626576,0.700000,-18.779755,-8.444702,false,false,false,0.000000,96.242087,0.000000
TakerBuyRatio,taker_sell_heavy,trend_down,short,15m,DISCOVERY_REJECTED,21957,18023,-0.627006,-5.627006,-8.127006,-10.627006,40.597532,0.745890,-0.627006,-3.200000,-10.374593,-7.071326,false,false,false,0.000000,0.000000,0.000000
Return15,return15_up,compressed_up,short,60m,DISCOVERY_REJECTED,14229,12419,-0.627613,-5.627613,-8.127613,-10.627613,46.967461,0.840927,-0.627613,0.000000,-19.236615,-8.066312,false,false,false,0.000000,56.176723,100.000000
TakerBuyRatio,taker_buy_heavy_strong,trend_down,short,30m,DISCOVERY_REJECTED,25915,20568,-0.627948,-5.627948,-8.127948,-10.627948,41.165348,0.750909,-0.627948,-3.000000,-10.188724,-8.083744,false,false,false,0.000000,45.167779,0.000000
TakerBuyRatio,taker_buy_heavy_strong,trend_up,long,15m,DISCOVERY_REJECTED,31671,23959,-0.630110,-5.630110,-8.130110,-10.630110,38.877838,0.665756,-0.630110,-2.300000,-10.146735,-6.950499,false,false,false,0.000000,0.000000,0.000000
RealizedVol60,realized_vol_60_mid,trend_up,long,30m,DISCOVERY_REJECTED,15023,8195,-0.631695,-5.631695,-8.131695,-10.631695,43.985888,0.874651,-0.631695,-8.100000,-23.555221,-8.464253,false,false,false,100.000000,45.082487,80.265440
SessionUTC,europe,compressed_up,short,30m,DISCOVERY_REJECTED,10335,7460,-0.632672,-5.632672,-8.132672,-10.632672,46.173198,0.743805,-0.632672,1.600000,-17.048871,-7.875003,false,false,false,0.000000,46.167289,100.000000
BBWidthPctRank60,bb_width_high,trend_down,short,60m,DISCOVERY_REJECTED,48250,34344,-0.633345,-5.633345,-8.133345,-10.633345,43.098446,0.849435,-0.633345,-5.400000,-20.124228,-7.787954,false,false,false,0.000000,72.880525,0.000000
Return15,return15_up,compressed_down,long,60m,DISCOVERY_REJECTED,8811,8194,-0.633461,-5.633461,-8.133461,-10.633461,47.565543,0.851934,-0.633461,0.700000,-24.068171,-8.304925,false,false,false,0.000000,19.349781,100.000000
SessionUTC,europe,trend_up,long,5m,DISCOVERY_REJECTED,30756,15080,-0.634771,-5.634771,-8.134771,-10.634771,35.180127,0.528943,-0.634771,-1.400000,-8.242563,-6.511899,false,false,false,0.000000,0.000000,0.000000
TrendSlope20,slope_up,range,long,5m,DISCOVERY_REJECTED,19458,14427,-0.635030,-5.635030,-8.135030,-10.635030,38.333847,0.572680,-0.635030,-0.900000,-7.425907,-6.827891,false,false,false,0.000000,0.000000,0.000000
TrendSlope20,slope_flat,trend_up,long,5m,DISCOVERY_REJECTED,33335,17630,-0.635830,-5.635830,-8.135830,-10.635830,35.917204,0.534045,-0.635830,-1.400000,-7.729280,-24.977009,false,false,false,0.000000,0.000000,0.000000
BBWidthPctRank60,bb_width_low,range,short,60m,DISCOVERY_REJECTED,52222,39805,-0.636317,-5.636317,-8.136317,-10.636317,45.297001,0.797896,-0.636317,-0.500000,-10.555901,-6.473849,false,false,false,0.000000,100.000000,0.000000
ATRPct14,atr_pct_14_low,compressed_up,short,120m,DISCOVERY_REJECTED,31595,23082,-0.639936,-5.639936,-8.139936,-10.639936,46.804874,0.845818,-0.639936,0.000000,-21.122604,-6.537682,false,false,false,0.000000,47.598045,61.634450
ATRPct14,atr_pct_14_low,range,long,240m,DISCOVERY_REJECTED,168432,77710,-0.640662,-5.640662,-8.140662,-10.640662,47.959414,0.885683,-0.640662,0.500000,-26.914340,-8.061116,false,false,false,0.000000,30.294502,56.494140
SessionUTC,europe,compressed_up,long,5m,DISCOVERY_REJECTED,10335,7460,-0.640750,-5.640750,-8.140750,-10.640750,36.168360,0.516666,-0.640750,-1.000000,-9.861663,-6.277197,false,false,false,0.000000,100.000000,0.000000
TakerBuyRatio,taker_sell_heavy_strong,trend_down,short,15m,DISCOVERY_REJECTED,32354,24211,-0.640827,-5.640827,-8.140827,-10.640827,40.165049,0.694185,-0.640827,-2.200000,-13.834229,-6.720330,false,false,false,0.000000,0.000000,0.000000
ATRPct14,atr_pct_14_mid,range,short,60m,DISCOVERY_REJECTED,68277,38332,-0.649455,-5.649455,-8.149455,-10.649455,46.903057,0.877590,-0.649455,-2.200000,-16.952733,-8.380778,false,false,false,0.000000,50.752432,0.000000
CloseRelativeEMA20,above_ema20,trend_up,long,5m,DISCOVERY_REJECTED,54940,35721,-0.650371,-5.650371,-8.150371,-10.650371,36.650892,0.555294,-0.650371,-1.800000,-8.088419,-6.528480,false,false,false,0.000000,0.000000,0.000000
BTCContext60,btc_flat,trend_down,long,240m,DISCOVERY_REJECTED,43905,28497,-0.650572,-5.650572,-8.150572,-10.650572,48.987587,0.897875,-0.650572,2.700000,-45.871302,-10.045843,false,false,false,0.000000,26.852943,76.243370
ETHContext60,eth_up_strong,trend_down,short,5m,DISCOVERY_REJECTED,1625,1418,-0.650573,-5.650573,-8.150573,-10.650573,40.246154,0.640682,-0.650573,-1.000000,-19.944795,-7.143359,false,false,false,0.000000,54.952219,0.000000
ETHContext60,eth_up_strong,trend_up,short,60m,DISCOVERY_REJECTED,25344,15253,-0.652670,-5.652670,-8.152670,-10.652670,50.173611,0.853129,-0.652670,5.300000,-20.770339,-7.153590,false,false,false,0.000000,44.821195,0.000000
ETHContext60,eth_flat,range,short,120m,DISCOVERY_REJECTED,99773,58953,-0.654324,-5.654324,-8.154324,-10.654324,46.293085,0.850565,-0.654324,-1.000000,-16.337811,-6.522628,false,false,false,0.000000,59.403568,0.000000
TakerBuyRatio,taker_sell_heavy,range,short,60m,DISCOVERY_REJECTED,41900,34274,-0.654907,-5.654907,-8.154907,-10.654907,45.625298,0.830933,-0.654907,-1.000000,-15.276450,-6.975664,false,false,false,0.000000,0.000000,0.000000
BTCContext60,btc_flat,trend_down,short,30m,DISCOVERY_REJECTED,43905,28497,-0.658094,-5.658094,-8.158094,-10.658094,41.585241,0.733659,-0.658094,-2.400000,-14.144604,-6.203907,false,false,false,0.000000,83.700818,0.000000
VolumeRatio20,volume_ratio_low,trend_up,long,120m,DISCOVERY_REJECTED,38909,29272,-0.660569,-5.660569,-8.160569,-10.660569,45.280012,0.865225,-0.660569,-2.900000,-20.185088,-9.146407,false,false,false,0.000000,51.824272,0.000000
RealizedVol60,realized_vol_60_mid,range,short,15m,DISCOVERY_REJECTED,31002,16617,-0.663348,-5.663348,-8.163348,-10.663348,46.422811,0.814350,-0.663348,-0.700000,-15.080332,-7.010859,false,false,false,0.000000,56.275695,0.000000
SessionUTC,asia,compressed_down,short,5m,DISCOVERY_REJECTED,10318,7817,-0.664025,-5.664025,-8.164025,-10.664025,37.953092,0.579382,-0.664025,-1.400000,-10.774680,-6.703780,false,false,false,0.000000,100.000000,0.000000
SessionUTC,us,range,long,30m,DISCOVERY_REJECTED,66624,31478,-0.667571,-5.667571,-8.167571,-10.667571,45.130884,0.781043,-0.667571,0.000000,-11.530366,-7.007790,false,false,false,0.000000,100.000000,0.000000
CompositeRegime,trend_down,trend_down,long,5m,DISCOVERY_REJECTED,117282,55506,-0.668468,-5.668468,-8.168468,-10.668468,41.383162,0.586453,-0.668468,0.800000,-10.744218,-6.754271,false,false,false,0.000000,0.000000,0.000000
TrendSlope20,slope_up,range,short,120m,DISCOVERY_REJECTED,19458,14427,-0.669348,-5.669348,-8.169348,-10.669348,46.993525,0.882399,-0.669348,-1.300000,-31.450710,-51.272054,false,false,false,0.000000,46.517675,0.000000
TrendSlope20,slope_down_strong,trend_down,short,15m,DISCOVERY_REJECTED,65376,32832,-0.669862,-5.669862,-8.169862,-10.669862,40.254834,0.717341,-0.669862,-2.500000,-10.865313,-810.570245,false,false,false,0.000000,0.000000,0.000000
BBWidthPctRank60,bb_width_mid,trend_down,short,15m,DISCOVERY_REJECTED,54405,35906,-0.671363,-5.671363,-8.171363,-10.671363,40.812425,0.711280,-0.671363,-2.100000,-10.043238,-6.133671,false,false,false,0.000000,100.000000,0.000000
TrendSlope20,slope_down_strong,trend_down,long,5m,DISCOVERY_REJECTED,65376,32832,-0.674705,-5.674705,-8.174705,-10.674705,41.322504,0.586736,-0.674705,0.900000,-13.128391,-201.471356,false,false,false,0.000000,0.000000,0.000000
CloseRelativeEMA20,below_ema20,trend_down,short,15m,DISCOVERY_REJECTED,54135,34965,-0.676094,-5.676094,-8.176094,-10.676094,40.816477,0.713936,-0.676094,-3.200000,-10.857540,-6.742722,false,false,false,0.000000,0.000000,0.000000
BTCContext60,btc_up,compressed_up,short,30m,DISCOVERY_REJECTED,35294,26890,-0.678136,-5.678136,-8.178136,-10.678136,45.273984,0.752892,-0.678136,0.500000,-15.089447,-6.191894,false,false,false,0.000000,0.000000,0.000000
SessionUTC,europe,trend_down,short,30m,DISCOVERY_REJECTED,30170,14730,-0.682490,-5.682490,-8.182490,-10.682490,41.809745,0.753152,-0.682490,-2.600000,-11.957876,-6.931798,false,false,false,0.000000,60.356325,0.000000
Return15,return15_down,trend_down,long,240m,DISCOVERY_REJECTED,64104,39511,-0.687095,-5.687095,-8.187095,-10.687095,49.847123,0.903110,-0.687095,4.600000,-45.678121,-12.076485,false,false,false,0.000000,19.907739,56.377452
Return15,return15_flat,trend_down,long,5m,DISCOVERY_REJECTED,21667,16887,-0.688972,-5.688972,-8.188972,-10.688972,35.579453,0.438822,-0.688972,0.000000,-8.482919,-6.760727,false,false,false,0.000000,0.000000,0.000000
BTCContext60,btc_down,range,long,60m,DISCOVERY_REJECTED,48253,34843,-0.690954,-5.690954,-8.190954,-10.690954,47.764906,0.824483,-0.690954,1.800000,-20.826852,-7.121073,false,false,false,0.000000,82.810163,0.000000
Return15,return15_flat,compressed_up,short,30m,DISCOVERY_REJECTED,20805,17343,-0.692464,-5.692464,-8.192464,-10.692464,44.739245,0.725434,-0.692464,0.400000,-12.754435,-6.723396,false,false,false,0.000000,100.000000,0.000000
TrendSlope20,slope_down_strong,range,short,15m,DISCOVERY_REJECTED,63457,36606,-0.693611,-5.693611,-8.193611,-10.693611,41.134942,0.654337,-0.693611,-0.600000,-8.687556,-23.220552,false,false,false,0.000000,0.000000,0.000000
Return15,return15_up_strong,range,short,30m,DISCOVERY_REJECTED,19019,15548,-0.698522,-5.698522,-8.198522,-10.698522,46.874178,0.832144,-0.698522,0.400000,-15.890379,-8.833620,false,false,false,0.000000,39.528166,100.000000
TakerBuyRatio,taker_buy_heavy_strong,range,short,60m,DISCOVERY_REJECTED,60588,45105,-0.699098,-5.699098,-8.199098,-10.699098,45.020466,0.799176,-0.699098,-0.900000,-15.908931,-6.700208,false,false,false,0.000000,0.000000,0.000000
CloseRelativeEMA20,below_ema20,trend_up,short,5m,DISCOVERY_REJECTED,1748,1700,-0.700171,-5.700171,-8.200171,-10.700171,43.249428,0.669343,-0.700171,-0.750000,-14.801676,-11.668503,false,false,false,0.000000,53.766706,0.000000
TrendSlope20,slope_up,range,short,240m,DISCOVERY_REJECTED,19458,14427,-0.700684,-5.700684,-8.200684,-10.700684,47.466338,0.915225,-0.700684,-2.800000,-67.837830,-55.257574,false,false,false,100.000000,51.775429,72.375150
Return15,return15_up,trend_up,long,120m,DISCOVERY_REJECTED,66825,41220,-0.700687,-5.700687,-8.200687,-10.700687,45.072952,0.856461,-0.700687,-3.500000,-21.630686,-8.007193,false,false,false,0.000000,35.582655,0.000000
TakerBuyRatio,taker_buy_heavy_strong,compressed_down,long,5m,DISCOVERY_REJECTED,8318,7729,-0.708069,-5.708069,-8.208069,-10.708069,40.177927,0.540089,-0.708069,0.100000,-10.213089,-6.771534,false,false,false,0.000000,0.000000,0.000000
ETHContext60,eth_down,trend_down,long,5m,DISCOVERY_REJECTED,36425,24133,-0.708322,-5.708322,-8.208322,-10.708322,40.683596,0.536455,-0.708322,0.800000,-14.632564,-6.410960,false,false,false,0.000000,0.000000,0.000000
RealizedVol60,realized_vol_60_mid,trend_up,long,5m,DISCOVERY_REJECTED,15023,8195,-0.710001,-5.710001,-8.210001,-10.710001,42.960793,0.745499,-0.710001,-2.300000,-12.324247,-7.191142,false,false,false,0.000000,100.000000,0.000000
ETHContext60,eth_down,compressed_up,short,15m,DISCOVERY_REJECTED,1354,1292,-0.710250,-5.710250,-8.210250,-10.710250,43.943870,0.730624,-0.710250,-1.000000,-23.585356,-9.107304,false,false,false,0.000000,56.195722,0.000000
TakerBuyRatio,taker_buy_heavy,range,long,5m,DISCOVERY_REJECTED,41156,33832,-0.713349,-5.713349,-8.213349,-10.713349,38.497424,0.551667,-0.713349,-0.200000,-7.750864,-6.310088,false,false,false,0.000000,0.000000,0.000000
ETHContext60,eth_down,trend_up,long,15m,DISCOVERY_REJECTED,11162,8904,-0.716555,-5.716555,-8.216555,-10.716555,41.032073,0.701685,-0.716555,-1.700000,-12.304079,-6.543262,false,false,false,0.000000,81.668526,0.000000
TakerBuyRatio,taker_sell_heavy,compressed_down,short,5m,DISCOVERY_REJECTED,7551,7017,-0.722669,-5.722669,-8.222669,-10.722669,39.902000,0.620591,-0.722669,-1.200000,-13.197443,-7.436634,false,false,false,0.000000,0.000000,0.000000
SessionUTC,us,trend_up,long,15m,DISCOVERY_REJECTED,32725,16493,-0.722818,-5.722818,-8.222818,-10.722818,40.577540,0.723001,-0.722818,-2.300000,-9.096375,-7.430290,false,false,false,0.000000,0.000000,0.000000
Return15,return15_down_strong,compressed_down,short,5m,DISCOVERY_REJECTED,1168,1104,-0.722904,-5.722904,-8.222904,-10.722904,44.606164,0.782740,-0.722904,-1.950000,-30.016515,-14.893916,false,false,false,88.560531,42.207569,100.000000
SessionUTC,late_us,trend_up,short,30m,DISCOVERY_REJECTED,20591,10345,-0.730259,-5.730259,-8.230259,-10.730259,47.651887,0.744084,-0.730259,3.100000,-18.871876,-8.502303,false,false,false,0.000000,100.000000,0.000000
TakerBuyRatio,taker_balanced,compressed_up,short,5m,DISCOVERY_REJECTED,6687,6271,-0.732326,-5.732326,-8.232326,-10.732326,40.660984,0.581847,-0.732326,0.000000,-11.762607,-6.921381,false,false,false,0.000000,100.000000,0.000000
TakerBuyRatio,taker_balanced,range,long,60m,DISCOVERY_REJECTED,29607,25604,-0.732810,-5.732810,-8.232810,-10.732810,46.755835,0.832434,-0.732810,0.000000,-15.409933,-7.181394,false,false,false,0.000000,100.000000,0.000000
TrendSlope20,slope_flat,trend_down,long,5m,DISCOVERY_REJECTED,32441,17055,-0.733074,-5.733074,-8.233074,-10.733074,40.969760,0.546667,-0.733074,0.500000,-8.340861,-9.433402,false,false,false,0.000000,0.000000,0.000000
BBWidthPctRank60,bb_width_low,compressed_down,long,30m,DISCOVERY_REJECTED,37900,27941,-0.733975,-5.733975,-8.233975,-10.733975,46.891821,0.789846,-0.733975,1.500000,-13.604851,-6.518381,false,false,false,0.000000,69.281904,0.000000
CompositeRegime,compressed_down,compressed_down,long,30m,DISCOVERY_REJECTED,37900,27941,-0.733975,-5.733975,-8.233975,-10.733975,46.891821,0.789846,-0.733975,1.500000,-13.604851,-6.518381,false,false,false,0.000000,69.281904,0.000000
CloseRelativeEMA20,below_ema20,compressed_up,short,5m,DISCOVERY_REJECTED,5531,5079,-0.734359,-5.734359,-8.234359,-10.734359,41.330682,0.616038,-0.734359,0.000000,-13.324818,-7.428527,false,false,false,0.000000,0.000000,0.000000
VolumeRatio20,volume_ratio_high,compressed_down,short,120m,DISCOVERY_REJECTED,7944,7486,-0.734559,-5.734559,-8.234559,-10.734559,45.543807,0.878106,-0.734559,-3.900000,-28.178550,-10.999398,false,false,false,0.000000,39.321946,65.787289
TakerBuyRatio,taker_buy_heavy,trend_down,short,15m,DISCOVERY_REJECTED,21255,17602,-0.739253,-5.739253,-8.239253,-10.739253,40.973888,0.731995,-0.739253,-2.800000,-11.686774,-7.169911,false,false,false,0.000000,100.000000,0.000000
TakerBuyRatio,taker_buy_heavy,trend_up,short,120m,DISCOVERY_REJECTED,22883,18806,-0.746018,-5.746018,-8.246018,-10.746018,49.351047,0.879223,-0.746018,3.700000,-18.855420,-9.552867,false,false,false,100.000000,68.134476,100.000000
TakerBuyRatio,taker_buy_heavy,trend_up,long,5m,DISCOVERY_REJECTED,22883,18806,-0.746672,-5.746672,-8.246672,-10.746672,36.909496,0.582777,-0.746672,-1.500000,-8.625001,-7.398033,false,false,false,0.000000,0.000000,0.000000
CloseRelativeEMA20,near_ema20,trend_down,short,30m,DISCOVERY_REJECTED,47739,31374,-0.748085,-5.748085,-8.248085,-10.748085,40.826159,0.712581,-0.748085,-2.400000,-9.797814,-7.369381,false,false,false,0.000000,100.000000,0.000000
VolumeRatio20,volume_ratio_low,compressed_down,long,5m,DISCOVERY_REJECTED,15215,13295,-0.748722,-5.748722,-8.248722,-10.748722,40.834703,0.585093,-0.748722,0.000000,-9.686452,-6.695600,false,false,false,0.000000,100.000000,0.000000
RealizedVol60,realized_vol_60_low,trend_down,long,120m,DISCOVERY_REJECTED,99011,47972,-0.754780,-5.754780,-8.254780,-10.754780,49.701548,0.857550,-0.754780,4.500000,-24.954863,-8.454271,false,false,false,0.000000,24.754394,85.461653
TrendSlope20,slope_up,range,long,30m,DISCOVERY_REJECTED,19458,14427,-0.755862,-5.755862,-8.255862,-10.755862,45.050879,0.772508,-0.755862,-0.400000,-9.204366,-8.198122,false,false,false,100.000000,100.000000,0.000000
CloseRelativeEMA20,above_ema20_strong,range,short,15m,DISCOVERY_REJECTED,7404,6323,-0.756644,-5.756644,-8.256644,-10.756644,49.068071,0.815753,-0.756644,3.500000,-24.705654,-10.771260,false,false,false,100.000000,32.367376,100.000000
TrendSlope20,slope_up_strong,range,long,5m,DISCOVERY_REJECTED,60984,35788,-0.757636,-5.757636,-8.257636,-10.757636,36.363636,0.518984,-0.757636,-0.600000,-7.536712,-30.196596,false,false,false,0.000000,0.000000,0.000000
ATRPct14,atr_pct_14_low,compressed_up,short,60m,DISCOVERY_REJECTED,31595,23082,-0.761253,-5.761253,-8.261253,-10.761253,46.038930,0.779238,-0.761253,0.300000,-18.236594,-6.952510,false,false,false,0.000000,47.217752,0.000000
VolumeRatio20,volume_ratio_high,trend_down,long,5m,DISCOVERY_REJECTED,33415,25511,-0.761706,-5.761706,-8.261706,-10.761706,42.456980,0.605712,-0.761706,1.200000,-17.885667,-7.122289,false,false,false,0.000000,100.000000,0.000000
ETHContext60,eth_down,compressed_down,long,30m,DISCOVERY_REJECTED,14985,12760,-0.763660,-5.763660,-8.263660,-10.763660,46.599933,0.763292,-0.763660,1.500000,-16.870709,-7.151504,false,false,false,0.000000,69.283253,0.000000
ETHContext60,eth_up_strong,trend_up,long,15m,DISCOVERY_REJECTED,25344,15253,-0.764707,-5.764707,-8.264707,-10.764707,40.542140,0.742951,-0.764707,-4.000000,-12.150542,-6.532024,false,false,false,0.000000,0.000000,0.000000
SessionUTC,europe,trend_up,long,15m,DISCOVERY_REJECTED,30756,15080,-0.765371,-5.765371,-8.265371,-10.765371,38.821693,0.666568,-0.765371,-2.600000,-9.958779,-6.525972,false,false,false,0.000000,100.000000,0.000000
SessionUTC,europe,compressed_up,long,15m,DISCOVERY_REJECTED,10335,7460,-0.765385,-5.765385,-8.265385,-10.765385,40.280600,0.656809,-0.765385,-2.000000,-11.406501,-6.868630,false,false,false,0.000000,50.214195,0.000000
BTCContext60,btc_down,range,long,30m,DISCOVERY_REJECTED,48253,34843,-0.765774,-5.765774,-8.265774,-10.765774,45.505979,0.756974,-0.765774,0.500000,-14.764555,-6.625658,false,false,false,0.000000,100.000000,0.000000
BTCContext60,btc_down,trend_down,short,15m,DISCOVERY_REJECTED,43741,28130,-0.768447,-5.768447,-8.268447,-10.768447,39.852770,0.693243,-0.768447,-3.100000,-10.070178,-7.115931,false,false,false,0.000000,0.000000,0.000000
VolumeRatio20,volume_ratio_normal,trend_up,short,120m,DISCOVERY_REJECTED,45584,32228,-0.772456,-5.772456,-8.272456,-10.772456,49.135662,0.871590,-0.772456,3.300000,-27.690063,-8.475642,false,false,false,0.000000,57.016438,0.000000
BTCContext60,btc_up_strong,range,short,15m,DISCOVERY_REJECTED,10002,7967,-0.777318,-5.777318,-8.277318,-10.777318,46.140772,0.756072,-0.777318,1.000000,-15.870958,-8.554046,false,false,false,0.000000,40.172683,87.190822
ATRPct14,atr_pct_14_low,trend_down,long,120m,DISCOVERY_REJECTED,71298,37426,-0.779823,-5.779823,-8.279823,-10.779823,49.117787,0.834320,-0.779823,3.600000,-23.629554,-7.331770,false,false,false,0.000000,34.510387,63.399003
SessionUTC,us,compressed_up,long,120m,DISCOVERY_REJECTED,15929,10923,-0.781211,-5.781211,-8.281211,-10.781211,47.341327,0.889176,-0.781211,-0.700000,-35.302076,-12.755325,false,false,false,100.000000,26.607553,0.000000
VolumeRatio20,volume_ratio_low,trend_up,long,30m,DISCOVERY_REJECTED,38909,29272,-0.781227,-5.781227,-8.281227,-10.781227,41.391452,0.743741,-0.781227,-2.600000,-8.636981,-7.032534,false,false,false,0.000000,0.000000,0.000000
ETHContext60,eth_down,range,short,120m,DISCOVERY_REJECTED,50385,34896,-0.783348,-5.783348,-8.283348,-10.783348,46.263769,0.870891,-0.783348,-2.300000,-34.049388,-7.338343,false,false,false,0.000000,43.514671,100.000000
ETHContext60,eth_down,compressed_up,long,5m,DISCOVERY_REJECTED,1354,1292,-0.784832,-5.784832,-8.284832,-10.784832,40.398818,0.600146,-0.784832,0.100000,-21.617932,-7.605486,false,false,false,0.000000,40.905823,100.000000
TrendSlope20,slope_up_strong,compressed_down,long,5m,DISCOVERY_REJECTED,7930,6987,-0.786014,-5.786014,-8.286014,-10.786014,40.176545,0.567268,-0.786014,0.250000,-11.944192,-96.139706,false,false,false,0.000000,0.000000,0.000000
CloseRelativeEMA20,below_ema20,compressed_down,short,15m,DISCOVERY_REJECTED,8958,8058,-0.788734,-5.788734,-8.288734,-10.788734,43.402545,0.761126,-0.788734,-2.650000,-15.173193,-7.482235,false,false,false,0.000000,73.694644,0.000000
SessionUTC,asia,range,short,30m,DISCOVERY_REJECTED,70306,31991,-0.789594,-5.789594,-8.289594,-10.789594,43.906637,0.734030,-0.789594,-0.500000,-12.329264,-6.376554,false,false,false,0.000000,0.000000,0.000000
TakerBuyRatio,taker_buy_heavy,compressed_up,long,120m,DISCOVERY_REJECTED,8839,8142,-0.794230,-5.794230,-8.294230,-10.794230,47.890033,0.884107,-0.794230,0.000000,-23.100102,-16.407159,false,false,false,100.000000,34.365540,100.000000
TrendSlope20,slope_up_strong,range,long,15m,DISCOVERY_REJECTED,60984,35788,-0.796890,-5.796890,-8.296890,-10.796890,41.597796,0.661141,-0.796890,-0.700000,-8.669172,-6.252372,false,false,false,80.272049,0.000000,0.000000
BTCContext60,btc_flat,trend_up,short,60m,DISCOVERY_REJECTED,48622,30859,-0.797273,-5.797273,-8.297273,-10.797273,47.577228,0.798074,-0.797273,2.200000,-18.564615,-6.983442,false,false,false,0.000000,50.356356,0.000000
TakerBuyRatio,taker_buy_heavy,compressed_up,long,5m,DISCOVERY_REJECTED,8839,8142,-0.798772,-5.798772,-8.298772,-10.798772,38.748727,0.576066,-0.798772,-0.300000,-8.831917,-6.893000,false,false,false,0.000000,0.000000,0.000000
TrendSlope20,slope_up_strong,trend_up,short,120m,DISCOVERY_REJECTED,68487,34304,-0.798910,-5.798910,-8.298910,-10.798910,48.533298,0.864411,-0.798910,2.300000,-16.652419,-278.479633,false,false,false,0.000000,48.890795,0.000000
CloseRelativeEMA20,near_ema20,trend_down,short,120m,DISCOVERY_REJECTED,47739,31374,-0.804245,-5.804245,-8.304245,-10.804245,44.445841,0.842336,-0.804245,-3.600000,-16.162536,-7.356448,false,false,false,0.000000,88.225586,0.000000
CompositeRegime,trend_down,trend_down,short,60m,DISCOVERY_REJECTED,117282,55506,-0.804458,-5.804458,-8.304458,-10.804458,43.245340,0.833862,-0.804458,-4.600000,-19.044989,-7.430317,false,false,false,0.000000,59.260397,0.000000
Return15,return15_up,range,long,5m,DISCOVERY_REJECTED,64270,43953,-0.806735,-5.806735,-8.306735,-10.806735,36.807220,0.501271,-0.806735,-0.800000,-6.922588,-6.147815,false,false,false,0.000000,0.000000,0.000000
CloseRelativeEMA20,above_ema20,trend_up,short,120m,DISCOVERY_REJECTED,54940,35721,-0.807362,-5.807362,-8.307362,-10.807362,49.559519,0.870140,-0.807362,4.100000,-21.062023,-8.788406,false,false,false,0.000000,47.844709,0.000000
SessionUTC,us,trend_down,long,5m,DISCOVERY_REJECTED,35007,17366,-0.809404,-5.809404,-8.309404,-10.809404,43.125661,0.620436,-0.809404,1.200000,-11.159028,-7.212614,false,false,false,0.000000,0.000000,0.000000
TrendSlope20,slope_up_strong,compressed_down,long,60m,DISCOVERY_REJECTED,7930,6987,-0.810976,-5.810976,-8.310976,-10.810976,47.944515,0.830798,-0.810976,2.100000,-18.138096,-6.823188,false,false,false,100.000000,44.991126,100.000000
ETHContext60,eth_down,compressed_down,long,60m,DISCOVERY_REJECTED,14985,12760,-0.817210,-5.817210,-8.317210,-10.817210,47.327327,0.824136,-0.817210,1.000000,-17.354446,-8.124145,false,false,false,0.000000,35.486822,100.000000
TrendSlope20,slope_up_strong,range,long,60m,DISCOVERY_REJECTED,60984,35788,-0.823952,-5.823952,-8.323952,-10.823952,46.658140,0.812493,-0.823952,0.900000,-11.902061,-7.769535,false,false,false,100.000000,50.034105,0.000000
RealizedVol60,realized_vol_60_mid,trend_down,short,15m,DISCOVERY_REJECTED,18013,9618,-0.828559,-5.828559,-8.328559,-10.828559,43.646255,0.838790,-0.828559,-6.600000,-19.390631,-8.366228,false,false,false,0.000000,41.761435,0.000000
SessionUTC,europe,compressed_up,long,60m,DISCOVERY_REJECTED,10335,7460,-0.832812,-5.832812,-8.332812,-10.832812,43.609095,0.811275,-0.832812,-3.300000,-27.946236,-9.586542,false,false,false,0.000000,33.145643,100.000000
VolumeRatio20,volume_ratio_normal,trend_down,short,60m,DISCOVERY_REJECTED,43789,30955,-0.833542,-5.833542,-8.333542,-10.833542,43.378474,0.837650,-0.833542,-4.600000,-21.050411,-8.591898,false,false,false,0.000000,50.050773,0.000000
VolumeRatio20,volume_ratio_normal,compressed_up,short,120m,DISCOVERY_REJECTED,19087,16220,-0.834081,-5.834081,-8.334081,-10.834081,47.650233,0.878771,-0.834081,0.000000,-19.792251,-7.874758,false,false,false,0.000000,40.155353,100.000000
SessionUTC,europe,trend_up,long,30m,DISCOVERY_REJECTED,30756,15080,-0.835207,-5.835207,-8.335207,-10.835207,40.622968,0.741523,-0.835207,-3.500000,-13.653468,-7.551491,false,false,false,0.000000,100.000000,0.000000
TrendSlope20,slope_flat,range,short,120m,DISCOVERY_REJECTED,74161,36150,-0.839013,-5.839013,-8.339013,-10.839013,46.790092,0.862207,-0.839013,-0.900000,-35.460043,-37.834621,false,false,false,0.000000,76.566259,0.000000
Return15,return15_up_strong,trend_up,long,5m,DISCOVERY_REJECTED,27060,19225,-0.839125,-5.839125,-8.339125,-10.839125,40.424982,0.684769,-0.839125,-2.700000,-10.390317,-6.421078,false,false,false,0.000000,0.000000,0.000000
BTCContext60,btc_down,compressed_down,long,240m,DISCOVERY_REJECTED,28763,23014,-0.839256,-5.839256,-8.339256,-10.839256,48.412892,0.911318,-0.839256,0.500000,-36.239757,-11.211530,false,false,false,0.000000,36.235576,56.252335
CompositeRegime,trend_down,trend_down,short,30m,DISCOVERY_REJECTED,117282,55506,-0.843126,-5.843126,-8.343126,-10.843126,41.551133,0.777627,-0.843126,-3.700000,-13.331070,-6.483158,false,false,false,0.000000,100.000000,0.000000
CloseRelativeEMA20,below_ema20,range,short,30m,DISCOVERY_REJECTED,51248,36653,-0.843953,-5.843953,-8.343953,-10.843953,44.304168,0.759748,-0.843953,-1.200000,-10.974234,-7.934118,false,false,false,0.000000,0.000000,0.000000
VolumeRatio20,volume_ratio_normal,trend_down,short,30m,DISCOVERY_REJECTED,43789,30955,-0.848046,-5.848046,-8.348046,-10.848046,41.782183,0.782169,-0.848046,-3.600000,-14.668071,-7.260744,false,false,false,0.000000,100.000000,0.000000
BTCContext60,btc_up_strong,trend_up,long,5m,DISCOVERY_REJECTED,17436,10827,-0.856784,-5.856784,-8.356784,-10.856784,39.521679,0.642506,-0.856784,-2.000000,-10.287672,-7.201617,false,false,false,0.000000,100.000000,0.000000
RealizedVol60,realized_vol_60_mid,trend_up,long,15m,DISCOVERY_REJECTED,15023,8195,-0.861271,-5.861271,-8.361271,-10.861271,43.240365,0.826428,-0.861271,-6.100000,-17.346376,-7.443785,false,false,false,0.000000,67.575525,0.000000
TakerBuyRatio,taker_buy_heavy,trend_down,long,5m,DISCOVERY_REJECTED,21255,17602,-0.868606,-5.868606,-8.368606,-10.868606,41.797224,0.596629,-0.868606,0.700000,-11.283218,-7.014965,false,false,false,0.000000,0.000000,0.000000
CloseRelativeEMA20,below_ema20,compressed_down,long,60m,DISCOVERY_REJECTED,8958,8058,-0.869614,-5.869614,-8.369614,-10.869614,49.229739,0.859897,-0.869614,3.500000,-29.096070,-8.897251,false,false,false,0.000000,30.162598,100.000000
ETHContext60,eth_flat,compressed_down,long,240m,DISCOVERY_REJECTED,9366,7741,-0.870715,-5.870715,-8.370715,-10.870715,48.409139,0.904391,-0.870715,1.050000,-39.641413,-16.506315,false,false,false,100.000000,30.750748,58.056359
TakerBuyRatio,taker_balanced,compressed_down,long,15m,DISCOVERY_REJECTED,5250,4978,-0.871394,-5.871394,-8.371394,-10.871394,45.085714,0.745514,-0.871394,0.200000,-15.388533,-7.484764,false,false,false,0.000000,41.692261,0.000000
CloseRelativeEMA20,below_ema20,trend_up,long,60m,DISCOVERY_REJECTED,1748,1700,-0.873364,-5.873364,-8.373364,-10.873364,46.109840,0.866832,-0.873364,-4.450000,-45.074161,-16.147945,false,false,false,74.862996,48.908815,100.000000
TrendSlope20,slope_flat,trend_up,long,30m,DISCOVERY_REJECTED,33335,17630,-0.873542,-5.873542,-8.373542,-10.873542,40.965952,0.745114,-0.873542,-3.500000,-13.462695,-43.397435,false,false,false,100.000000,100.000000,0.000000
ATRPct14,atr_pct_14_mid,trend_up,long,30m,DISCOVERY_REJECTED,39048,22034,-0.874300,-5.874300,-8.374300,-10.874300,43.300553,0.829820,-0.874300,-6.300000,-13.134350,-6.720547,false,false,false,0.000000,67.751159,0.000000
ETHContext60,eth_down_strong,compressed_down,long,30m,DISCOVERY_REJECTED,11580,9296,-0.881276,-5.881276,-8.381276,-10.881276,47.037997,0.827283,-0.881276,0.700000,-24.132702,-6.968929,false,false,false,0.000000,49.583021,94.681545
TrendSlope20,slope_flat,range,short,240m,DISCOVERY_REJECTED,74161,36150,-0.882661,-5.882661,-8.382661,-10.882661,47.937595,0.902327,-0.882661,0.000000,-62.911032,-54.218775,false,false,false,100.000000,25.775341,58.645313
SessionUTC,us,compressed_up,short,60m,DISCOVERY_REJECTED,15929,10923,-0.883020,-5.883020,-8.383020,-10.883020,47.253437,0.848124,-0.883020,0.800000,-23.702753,-12.399535,false,false,false,0.000000,55.091004,0.000000
Return15,return15_down,trend_down,short,30m,DISCOVERY_REJECTED,64104,39511,-0.883343,-5.883343,-8.383343,-10.883343,41.250156,0.739406,-0.883343,-3.400000,-9.892451,-6.611223,false,false,false,0.000000,100.000000,0.000000
Return15,return15_up_strong,trend_up,short,30m,DISCOVERY_REJECTED,27060,19225,-0.883701,-5.883701,-8.383701,-10.883701,50.506282,0.833643,-0.883701,5.800000,-14.489686,-7.648196,false,false,false,0.000000,100.000000,0.000000
ATRPct14,atr_pct_14_mid,trend_up,long,15m,DISCOVERY_REJECTED,39048,22034,-0.889613,-5.889613,-8.389613,-10.889613,42.071297,0.773699,-0.889613,-5.000000,-10.043350,-6.768652,false,false,false,0.000000,0.000000,0.000000
BTCContext60,btc_down_strong,range,short,15m,DISCOVERY_REJECTED,9567,7600,-0.893329,-5.893329,-8.393329,-10.893329,43.900909,0.785544,-0.893329,-2.700000,-16.503011,-7.973899,false,false,false,0.000000,75.976421,0.000000
TrendSlope20,slope_up,compressed_up,short,60m,DISCOVERY_REJECTED,4673,4171,-0.896169,-5.896169,-8.396169,-10.896169,48.555532,0.839135,-0.896169,2.500000,-26.618103,-25.928465,false,false,false,0.000000,50.393135,0.000000
TrendSlope20,slope_up,compressed_up,long,30m,DISCOVERY_REJECTED,4673,4171,-0.897209,-5.897209,-8.397209,-10.897209,42.221271,0.783244,-0.897209,-4.100000,-13.020615,-54.573220,false,false,false,0.000000,68.822611,0.000000
SessionUTC,us,trend_down,long,120m,DISCOVERY_REJECTED,35007,17366,-0.897352,-5.897352,-8.397352,-10.897352,50.561316,0.889596,-0.897352,6.100000,-50.489879,-12.968557,false,false,false,100.000000,25.197921,38.440503
TakerBuyRatio,taker_buy_heavy,compressed_down,long,5m,DISCOVERY_REJECTED,7157,6698,-0.903590,-5.903590,-8.403590,-10.903590,40.994830,0.600331,-0.903590,0.000000,-10.462207,-7.879705,false,false,false,0.000000,0.000000,0.000000
BTCContext60,btc_down_strong,range,short,30m,DISCOVERY_REJECTED,9567,7600,-0.905062,-5.905062,-8.405062,-10.905062,43.869552,0.841437,-0.905062,-4.800000,-25.076133,-8.070729,false,false,false,0.000000,24.602125,100.000000
TakerBuyRatio,taker_buy_heavy,trend_down,short,60m,DISCOVERY_REJECTED,21255,17602,-0.908488,-5.908488,-8.408488,-10.908488,43.556810,0.843340,-0.908488,-5.200000,-19.218213,-10.108786,false,false,false,0.000000,76.249930,0.000000
TakerBuyRatio,taker_balanced,trend_up,short,60m,DISCOVERY_REJECTED,15926,13764,-0.909761,-5.909761,-8.409761,-10.909761,49.560467,0.832408,-0.909761,4.300000,-17.748083,-11.719864,false,false,false,0.000000,51.789409,0.000000
TrendSlope20,slope_down,trend_down,short,30m,DISCOVERY_REJECTED,19465,12644,-0.911573,-5.911573,-8.411573,-10.911573,42.111482,0.801381,-0.911573,-4.100000,-15.427865,-7.407942,false,false,false,0.000000,97.308976,0.000000
VolumeRatio20,volume_ratio_normal,compressed_up,short,30m,DISCOVERY_REJECTED,19087,16220,-0.911673,-5.911673,-8.411673,-10.911673,45.973699,0.767967,-0.911673,0.800000,-13.620519,-6.929574,false,false,false,0.000000,65.369734,0.000000
BTCContext60,btc_up,compressed_up,short,60m,DISCOVERY_REJECTED,35294,26890,-0.917093,-5.917093,-8.417093,-10.917093,46.002153,0.812220,-0.917093,0.000000,-23.790043,-6.868430,false,false,false,0.000000,38.197183,0.000000
SessionUTC,us,trend_up,long,30m,DISCOVERY_REJECTED,32725,16493,-0.924932,-5.924932,-8.424932,-10.924932,42.554622,0.784997,-0.924932,-2.600000,-13.452133,-8.245399,false,false,false,0.000000,100.000000,0.000000
TakerBuyRatio,taker_buy_heavy_strong,range,long,5m,DISCOVERY_REJECTED,60588,45105,-0.925636,-5.925636,-8.425636,-10.925636,35.941110,0.471073,-0.925636,-0.400000,-8.894177,-6.443053,false,false,false,0.000000,0.000000,0.000000
BBWidthPctRank60,bb_width_high,trend_down,short,30m,DISCOVERY_REJECTED,48250,34344,-0.926925,-5.926925,-8.426925,-10.926925,41.117098,0.790408,-0.926925,-4.700000,-15.218512,-6.881310,false,false,false,0.000000,100.000000,0.000000
Return15,return15_up,trend_down,short,30m,DISCOVERY_REJECTED,2136,2111,-0.927250,-5.927250,-8.427250,-10.927250,42.930712,0.802463,-0.927250,-3.950000,-26.569246,-8.308097,false,false,false,100.000000,37.848674,69.189048
ATRPct14,atr_pct_14_mid,compressed_down,long,5m,DISCOVERY_REJECTED,14955,11158,-0.929025,-5.929025,-8.429025,-10.929025,44.379806,0.681701,-0.929025,0.000000,-10.581765,-7.459954,false,false,false,0.000000,100.000000,0.000000
Return15,return15_up,range,long,60m,DISCOVERY_REJECTED,64270,43953,-0.931694,-5.931694,-8.431694,-10.931694,46.461802,0.803047,-0.931694,0.300000,-9.867850,-7.562047,false,false,false,0.000000,72.255635,0.000000
BTCContext60,btc_down,trend_up,long,60m,DISCOVERY_REJECTED,10313,8385,-0.936470,-5.936470,-8.436470,-10.936470,44.681470,0.833279,-0.936470,-2.200000,-16.474861,-8.758714,false,false,false,0.000000,46.961075,100.000000
VolumeRatio20,volume_ratio_normal,trend_down,long,5m,DISCOVERY_REJECTED,43789,30955,-0.941071,-5.941071,-8.441071,-10.941071,41.574368,0.577864,-0.941071,0.800000,-11.630289,-7.062070,false,false,false,0.000000,0.000000,0.000000
ETHContext60,eth_up_strong,trend_up,short,120m,DISCOVERY_REJECTED,25344,15253,-0.942292,-5.942292,-8.442292,-10.942292,49.940814,0.885655,-0.942292,4.800000,-35.665599,-7.922544,false,false,false,0.000000,56.161883,100.000000
Return15,return15_down_strong,range,short,60m,DISCOVERY_REJECTED,16644,13830,-0.942765,-5.942765,-8.442765,-10.942765,46.617400,0.871537,-0.942765,-2.700000,-18.107279,-8.024992,false,false,false,0.000000,33.090197,0.000000
CloseRelativeEMA20,below_ema20,range,short,120m,DISCOVERY_REJECTED,51248,36653,-0.945231,-5.945231,-8.445231,-10.945231,47.073057,0.874130,-0.945231,-1.500000,-23.065810,-10.705950,false,false,false,0.000000,34.794119,62.316194
CloseRelativeEMA20,near_ema20,compressed_down,long,30m,DISCOVERY_REJECTED,22983,18922,-0.948602,-5.948602,-8.448602,-10.948602,46.155854,0.745549,-0.948602,1.100000,-11.596540,-6.843459,false,false,false,0.000000,73.913595,0.000000
ETHContext60,eth_down,trend_down,short,30m,DISCOVERY_REJECTED,36425,24133,-0.950289,-5.950289,-8.450289,-10.950289,41.704873,0.750928,-0.950289,-3.300000,-11.874298,-7.056543,false,false,false,0.000000,87.224847,0.000000
ETHContext60,eth_down_strong,compressed_down,short,15m,DISCOVERY_REJECTED,11580,9296,-0.950474,-5.950474,-8.450474,-10.950474,43.601036,0.770543,-0.950474,-2.100000,-21.362953,-7.692759,false,false,false,0.000000,49.249729,0.000000
BBWidthPctRank60,bb_width_high,trend_down,long,5m,DISCOVERY_REJECTED,48250,34344,-0.951674,-5.951674,-8.451674,-10.951674,42.916062,0.605001,-0.951674,1.300000,-16.991421,-7.462807,false,false,false,0.000000,0.000000,0.000000
SessionUTC,us,trend_up,long,60m,DISCOVERY_REJECTED,32725,16493,-0.951701,-5.951701,-8.451701,-10.951701,44.018335,0.842105,-0.951701,-3.700000,-20.791216,-7.784068,false,false,false,0.000000,57.255916,100.000000
Return15,return15_flat,compressed_down,long,30m,DISCOVERY_REJECTED,15786,13763,-0.952464,-5.952464,-8.452464,-10.952464,46.154821,0.735754,-0.952464,1.450000,-13.971534,-7.297464,false,false,false,0.000000,100.000000,0.000000
CloseRelativeEMA20,above_ema20,range,long,30m,DISCOVERY_REJECTED,50321,36553,-0.954384,-5.954384,-8.454384,-10.954384,45.164047,0.759555,-0.954384,-0.400000,-10.547117,-8.144756,false,false,false,0.000000,0.000000,0.000000
CloseRelativeEMA20,above_ema20_strong,trend_up,long,5m,DISCOVERY_REJECTED,12304,9129,-0.958515,-5.958515,-8.458515,-10.958515,42.148895,0.731880,-0.958515,-3.000000,-12.849437,-7.130022,false,false,false,0.000000,0.000000,0.000000
CloseRelativeEMA20,below_ema20,range,short,15m,DISCOVERY_REJECTED,51248,36653,-0.962011,-5.962011,-8.462011,-10.962011,42.444583,0.678611,-0.962011,-1.200000,-8.599634,-6.750305,false,false,false,0.000000,0.000000,0.000000
TakerBuyRatio,taker_buy_heavy_strong,trend_up,short,120m,DISCOVERY_REJECTED,31671,23959,-0.962431,-5.962431,-8.462431,-10.962431,48.937514,0.852797,-0.962431,3.200000,-22.225045,-8.466218,false,false,false,0.000000,29.457350,0.000000
TrendSlope20,slope_down,compressed_down,short,15m,DISCOVERY_REJECTED,3761,3427,-0.964330,-5.964330,-8.464330,-10.964330,43.233183,0.729921,-0.964330,-1.300000,-17.415817,-79.758497,false,false,false,0.000000,41.324984,100.000000
SessionUTC,asia,trend_up,short,60m,DISCOVERY_REJECTED,36588,17818,-0.965945,-5.965945,-8.465945,-10.965945,48.010277,0.799187,-0.965945,2.600000,-19.009358,-6.822401,false,false,false,0.000000,65.635299,0.000000
TrendSlope20,slope_flat,trend_up,long,15m,DISCOVERY_REJECTED,33335,17630,-0.967312,-5.967312,-8.467312,-10.967312,39.100045,0.660180,-0.967312,-2.500000,-9.930189,-62.143151,false,false,false,100.000000,0.000000,0.000000
Return15,return15_up,range,long,15m,DISCOVERY_REJECTED,64270,43953,-0.968038,-5.968038,-8.468038,-10.968038,41.966703,0.640705,-0.968038,-0.600000,-8.418459,-6.611837,false,false,false,0.000000,0.000000,0.000000
TrendSlope20,slope_down_strong,trend_down,short,30m,DISCOVERY_REJECTED,65376,32832,-0.968586,-5.968586,-8.468586,-10.968586,41.261319,0.773883,-0.968586,-3.800000,-13.654531,-801.756566,false,false,false,0.000000,100.000000,0.000000
ETHContext60,eth_down_strong,trend_down,short,15m,DISCOVERY_REJECTED,28667,16397,-0.973087,-5.973087,-8.473087,-10.973087,41.612307,0.790894,-0.973087,-5.800000,-15.563519,-7.036514,false,false,false,0.000000,100.000000,0.000000
VolumeRatio20,volume_ratio_high,trend_up,short,60m,DISCOVERY_REJECTED,36160,27339,-0.975070,-5.975070,-8.475070,-10.975070,49.128872,0.817642,-0.975070,3.800000,-14.268154,-7.035072,false,false,false,0.000000,78.347276,0.000000
Return15,return15_down,range,short,60m,DISCOVERY_REJECTED,68379,46101,-0.975784,-5.975784,-8.475784,-10.975784,45.470100,0.799444,-0.975784,-0.800000,-14.414690,-7.167665,false,false,false,0.000000,100.000000,0.000000
SessionUTC,europe,trend_down,short,60m,DISCOVERY_REJECTED,30170,14730,-0.975873,-5.975873,-8.475873,-10.975873,43.752072,0.805863,-0.975873,-3.200000,-21.996922,-8.048674,false,false,false,0.000000,48.131102,100.000000
RealizedVol60,realized_vol_60_low,compressed_down,long,60m,DISCOVERY_REJECTED,28359,21606,-0.981031,-5.981031,-8.481031,-10.981031,47.854297,0.799649,-0.981031,2.100000,-19.568823,-8.464023,false,false,false,0.000000,41.163629,0.000000
ETHContext60,eth_up_strong,compressed_up,short,30m,DISCOVERY_REJECTED,15140,11284,-0.987932,-5.987932,-8.487932,-10.987932,47.311757,0.790224,-0.987932,1.800000,-19.741550,-8.409321,false,false,false,0.000000,54.965225,0.000000
TakerBuyRatio,taker_buy_heavy_strong,trend_up,long,5m,DISCOVERY_REJECTED,31671,23959,-0.988632,-5.988632,-8.488632,-10.988632,34.760506,0.498057,-0.988632,-1.300000,-8.013842,-6.843703,false,false,false,0.000000,0.000000,0.000000
ETHContext60,eth_down_strong,range,short,15m,DISCOVERY_REJECTED,16679,12476,-0.991911,-5.991911,-8.491911,-10.991911,43.257989,0.760830,-0.991911,-2.300000,-12.046056,-7.155316,false,false,false,0.000000,100.000000,0.000000
BBWidthPctRank60,bb_width_low,trend_up,long,30m,DISCOVERY_REJECTED,16486,13976,-0.994933,-5.994933,-8.494933,-10.994933,41.332039,0.711610,-0.994933,-2.100000,-12.376432,-7.615187,false,false,false,0.000000,52.415275,0.000000
BBWidthPctRank60,bb_width_mid,trend_down,short,30m,DISCOVERY_REJECTED,54405,35906,-1.003714,-6.003714,-8.503714,-11.003714,41.654260,0.769701,-1.003714,-3.700000,-12.892763,-6.947571,false,false,false,0.000000,100.000000,0.000000
BTCContext60,btc_up_strong,range,short,30m,DISCOVERY_REJECTED,10002,7967,-1.004760,-6.004760,-8.504760,-11.004760,47.060588,0.808611,-1.004760,1.200000,-20.445405,-8.932635,false,false,false,0.000000,32.893843,100.000000
TrendSlope20,slope_up,compressed_up,long,15m,DISCOVERY_REJECTED,4673,4171,-1.016107,-6.016107,-8.516107,-11.016107,40.402311,0.700300,-1.016107,-3.200000,-9.815770,-32.485850,false,false,false,0.000000,82.797675,0.000000
CloseRelativeEMA20,above_ema20,range,short,120m,DISCOVERY_REJECTED,50321,36553,-1.016715,-6.016715,-8.516715,-11.016715,46.477614,0.872491,-1.016715,-2.700000,-27.325325,-7.882260,false,false,false,0.000000,60.717745,0.000000
TakerBuyRatio,taker_buy_heavy_strong,range,short,120m,DISCOVERY_REJECTED,60588,45105,-1.017111,-6.017111,-8.517111,-11.017111,46.040470,0.848132,-1.017111,-1.800000,-26.948149,-8.956055,false,false,false,0.000000,58.655141,0.000000
TakerBuyRatio,taker_balanced,range,short,240m,DISCOVERY_REJECTED,29607,25604,-1.019437,-6.019437,-8.519437,-11.019437,47.505657,0.909592,-1.019437,-2.100000,-37.625625,-10.091808,false,false,false,0.000000,30.209796,74.500134
BBWidthPctRank60,bb_width_low,trend_up,long,60m,DISCOVERY_REJECTED,16486,13976,-1.025259,-6.025259,-8.525259,-11.025259,43.200291,0.781406,-1.025259,-2.700000,-17.789184,-8.688572,false,false,false,0.000000,71.626747,0.000000
TakerBuyRatio,taker_buy_heavy,compressed_up,short,60m,DISCOVERY_REJECTED,8839,8142,-1.025753,-6.025753,-8.525753,-11.025753,47.211223,0.833926,-1.025753,0.200000,-19.079787,-14.367543,false,false,false,0.000000,54.303935,0.000000
SessionUTC,us,trend_up,long,120m,DISCOVERY_REJECTED,32725,16493,-1.027307,-6.027307,-8.527307,-11.027307,45.757066,0.883778,-1.027307,-3.400000,-38.942581,-9.004411,false,false,false,0.000000,24.160883,0.000000
ETHContext60,eth_down,compressed_down,long,5m,DISCOVERY_REJECTED,14985,12760,-1.030136,-6.030136,-8.530136,-11.030136,40.387054,0.521146,-1.030136,0.000000,-12.727695,-6.947973,false,false,false,0.000000,0.000000,0.000000
ETHContext60,eth_flat,trend_up,short,240m,DISCOVERY_REJECTED,44266,27627,-1.031997,-6.031997,-8.531997,-11.031997,48.958569,0.891353,-1.031997,2.600000,-33.782101,-9.057837,false,false,false,0.000000,22.662310,100.000000
TakerBuyRatio,taker_buy_heavy,compressed_down,long,30m,DISCOVERY_REJECTED,7157,6698,-1.032822,-6.032822,-8.532822,-11.032822,46.625681,0.790979,-1.032822,0.700000,-17.509275,-10.442730,false,false,false,0.000000,68.972923,0.000000
SessionUTC,asia,compressed_down,short,15m,DISCOVERY_REJECTED,10318,7817,-1.035308,-6.035308,-8.535308,-11.035308,41.849196,0.700524,-1.035308,-1.700000,-19.791025,-7.379208,false,false,false,0.000000,100.000000,0.000000
ATRPct14,atr_pct_14_mid,compressed_down,short,15m,DISCOVERY_REJECTED,14955,11158,-1.035944,-6.035944,-8.535944,-11.035944,45.128719,0.788468,-1.035944,-2.300000,-17.934577,-8.312850,false,false,false,0.000000,100.000000,0.000000
Return15,return15_down_strong,range,short,5m,DISCOVERY_REJECTED,16644,13830,-1.040161,-6.040161,-8.540161,-11.040161,41.095890,0.662697,-1.040161,-1.800000,-13.268320,-7.207922,false,false,false,0.000000,0.000000,0.000000
CloseRelativeEMA20,near_ema20,trend_up,long,30m,DISCOVERY_REJECTED,51603,33500,-1.041516,-6.041516,-8.541516,-11.041516,40.633297,0.682147,-1.041516,-1.900000,-9.749204,-7.442382,false,false,false,0.000000,0.000000,0.000000
BTCContext60,btc_flat,trend_up,short,120m,DISCOVERY_REJECTED,48622,30859,-1.041799,-6.041799,-8.541799,-11.041799,48.393731,0.848519,-1.041799,2.400000,-34.449963,-8.142652,false,false,false,0.000000,48.200860,100.000000
CloseRelativeEMA20,above_ema20,range,short,240m,DISCOVERY_REJECTED,50321,36553,-1.045117,-6.045117,-8.545117,-11.045117,47.244689,0.907448,-1.045117,-3.500000,-48.399654,-10.430469,false,false,false,0.000000,32.066500,54.400701
BTCContext60,btc_flat,range,short,120m,DISCOVERY_REJECTED,119071,68033,-1.047390,-6.047390,-8.547390,-11.047390,46.281630,0.844865,-1.047390,-1.100000,-25.877382,-6.845812,false,false,false,0.000000,46.134151,0.000000
TrendSlope20,slope_down_strong,compressed_up,short,15m,DISCOVERY_REJECTED,9108,7921,-1.059167,-6.059167,-8.559167,-11.059167,42.171717,0.666396,-1.059167,-0.350000,-11.827903,-8.858889,false,false,false,100.000000,100.000000,0.000000
TakerBuyRatio,taker_balanced,trend_down,short,15m,DISCOVERY_REJECTED,15801,13594,-1.059570,-6.059570,-8.559570,-11.059570,40.959433,0.736702,-1.059570,-3.000000,-12.016387,-9.542327,false,false,false,0.000000,100.000000,0.000000
TrendSlope20,slope_up_strong,range,long,30m,DISCOVERY_REJECTED,60984,35788,-1.063589,-6.063589,-8.563589,-11.063589,44.259150,0.733741,-1.063589,-0.200000,-9.958993,-103.583977,false,false,false,0.000000,0.000000,0.000000
TrendSlope20,slope_up,trend_up,short,120m,DISCOVERY_REJECTED,18838,12454,-1.064230,-6.064230,-8.564230,-11.064230,50.217645,0.881770,-1.064230,5.600000,-33.560568,-7.053683,false,false,false,61.241192,58.090223,100.000000
SessionUTC,europe,compressed_up,long,120m,DISCOVERY_REJECTED,10335,7460,-1.064679,-6.064679,-8.564679,-11.064679,45.873246,0.860763,-1.064679,-3.200000,-31.153931,-12.253987,false,false,false,100.000000,23.981894,50.982675
TakerBuyRatio,taker_balanced,compressed_down,long,30m,DISCOVERY_REJECTED,5250,4978,-1.065040,-6.065040,-8.565040,-11.065040,46.457143,0.803872,-1.065040,0.700000,-19.595144,-9.400101,false,false,false,0.000000,70.507258,100.000000
BTCContext60,btc_down,trend_up,long,30m,DISCOVERY_REJECTED,10313,8385,-1.065561,-6.065561,-8.565561,-11.065561,42.974886,0.771657,-1.065561,-1.900000,-14.139449,-8.894254,false,false,false,0.000000,49.023759,0.000000
BTCContext60,btc_down_strong,compressed_down,long,5m,DISCOVERY_REJECTED,9137,7263,-1.067170,-6.067170,-8.567170,-11.067170,43.602933,0.659328,-1.067170,0.000000,-13.299589,-7.048874,false,false,false,0.000000,34.292661,100.000000
TakerBuyRatio,taker_buy_heavy,trend_down,short,30m,DISCOVERY_REJECTED,21255,17602,-1.067186,-6.067186,-8.567186,-11.067186,41.900729,0.785937,-1.067186,-4.200000,-13.557834,-7.488574,false,false,false,0.000000,100.000000,0.000000
ATRPct14,atr_pct_14_mid,compressed_up,short,120m,DISCOVERY_REJECTED,15927,11173,-1.069350,-6.069350,-8.569350,-11.069350,47.975137,0.907807,-1.069350,-1.400000,-27.602798,-18.262871,false,false,false,0.000000,31.664512,92.789036
TrendSlope20,slope_down_strong,compressed_down,long,30m,DISCOVERY_REJECTED,9731,8341,-1.071573,-6.071573,-8.571573,-11.071573,47.024972,0.772289,-1.071573,1.900000,-20.124073,-227.507285,false,false,false,0.000000,52.047559,0.000000
BTCContext60,btc_up,trend_up,long,60m,DISCOVERY_REJECTED,43361,28304,-1.074538,-6.074538,-8.574538,-11.074538,42.434446,0.803270,-1.074538,-4.700000,-14.894843,-8.101587,false,false,false,0.000000,55.848003,0.000000
ATRPct14,atr_pct_14_low,compressed_down,long,30m,DISCOVERY_REJECTED,22712,17912,-1.076345,-6.076345,-8.576345,-11.076345,46.006516,0.696297,-1.076345,1.500000,-12.905196,-7.491283,false,false,false,0.000000,0.000000,0.000000
ETHContext60,eth_flat,compressed_down,long,30m,DISCOVERY_REJECTED,9366,7741,-1.076629,-6.076629,-8.576629,-11.076629,46.871663,0.736493,-1.076629,2.050000,-14.746802,-9.703320,false,false,false,0.000000,44.651422,0.000000
TrendSlope20,slope_flat,compressed_down,short,60m,DISCOVERY_REJECTED,13339,10268,-1.079574,-6.079574,-8.579574,-11.079574,45.520654,0.838394,-1.079574,-2.200000,-30.801603,-24.685544,false,false,false,0.000000,33.588873,100.000000
ATRPct14,atr_pct_14_mid,trend_down,short,30m,DISCOVERY_REJECTED,44654,24466,-1.082259,-6.082259,-8.582259,-11.082259,42.766605,0.832533,-1.082259,-7.800000,-16.399249,-6.959297,false,false,false,0.000000,49.424889,0.000000
TakerBuyRatio,taker_sell_heavy,compressed_up,short,15m,DISCOVERY_REJECTED,9060,8314,-1.082838,-6.082838,-8.582838,-11.082838,44.150110,0.696451,-1.082838,0.100000,-14.038683,-9.081975,false,false,false,0.000000,100.000000,0.000000
Return15,return15_up_strong,range,long,5m,DISCOVERY_REJECTED,19019,15548,-1.085101,-6.085101,-8.585101,-11.085101,40.443767,0.655540,-1.085101,-1.800000,-12.159596,-7.132355,false,false,false,0.000000,0.000000,0.000000
BBWidthPctRank60,bb_width_high,trend_up,short,60m,DISCOVERY_REJECTED,46994,34217,-1.086718,-6.086718,-8.586718,-11.086718,48.999872,0.820140,-1.086718,3.600000,-11.932364,-7.318534,false,false,false,0.000000,100.000000,0.000000
CloseRelativeEMA20,near_ema20,trend_down,short,240m,DISCOVERY_REJECTED,47739,31374,-1.097349,-6.097349,-8.597349,-11.097349,45.817885,0.884213,-1.097349,-4.500000,-26.941910,-8.517601,false,false,false,0.000000,41.007382,100.000000
BBWidthPctRank60,bb_width_mid,range,short,120m,DISCOVERY_REJECTED,124950,76776,-1.101884,-6.101884,-8.601884,-11.101884,46.672269,0.861772,-1.101884,-1.400000,-23.045734,-7.528806,false,false,false,0.000000,51.824535,0.000000
VolumeRatio20,volume_ratio_low,compressed_up,short,15m,DISCOVERY_REJECTED,18592,15813,-1.102003,-6.102003,-8.602003,-11.102003,43.201377,0.669998,-1.102003,0.000000,-10.674827,-7.024145,false,false,false,0.000000,0.000000,0.000000
CloseRelativeEMA20,above_ema20,compressed_down,long,30m,DISCOVERY_REJECTED,4917,4574,-1.102899,-6.102899,-8.602899,-11.102899,47.061216,0.804180,-1.102899,0.700000,-26.538558,-14.528655,false,false,false,0.000000,36.814565,100.000000
VolumeRatio20,volume_ratio_normal,compressed_up,short,60m,DISCOVERY_REJECTED,19087,16220,-1.105401,-6.105401,-8.605401,-11.105401,46.796249,0.825701,-1.105401,0.400000,-19.757714,-7.612865,false,false,false,0.000000,36.231006,100.000000
Return15,return15_down,trend_up,short,15m,DISCOVERY_REJECTED,2286,2245,-1.109931,-6.109931,-8.609931,-11.109931,44.313211,0.709946,-1.109931,0.150000,-18.559040,-12.270796,false,false,false,100.000000,38.777494,100.000000
Return15,return15_down,range,short,15m,DISCOVERY_REJECTED,68379,46101,-1.112231,-6.112231,-8.612231,-11.112231,41.403062,0.630678,-1.112231,-1.000000,-8.644874,-6.964960,false,false,false,0.000000,0.000000,0.000000
ATRPct14,atr_pct_14_mid,trend_down,short,60m,DISCOVERY_REJECTED,44654,24466,-1.112514,-6.112514,-8.612514,-11.112514,43.749720,0.874026,-1.112514,-9.600000,-23.468052,-8.402875,false,false,false,0.000000,34.655877,0.000000
BBWidthPctRank60,bb_width_low,compressed_up,short,30m,DISCOVERY_REJECTED,47721,32604,-1.114368,-6.114368,-8.614368,-11.114368,45.690576,0.755622,-1.114368,0.600000,-14.000793,-7.017880,false,false,false,0.000000,0.000000,0.000000
CompositeRegime,compressed_up,compressed_up,short,30m,DISCOVERY_REJECTED,47721,32604,-1.114368,-6.114368,-8.614368,-11.114368,45.690576,0.755622,-1.114368,0.600000,-14.000793,-7.017880,false,false,false,0.000000,0.000000,0.000000
TakerBuyRatio,taker_balanced,compressed_down,short,60m,DISCOVERY_REJECTED,5250,4978,-1.115176,-6.115176,-8.615176,-11.115176,45.657143,0.849292,-1.115176,-2.300000,-30.439412,-10.526093,false,false,false,100.000000,49.953697,100.000000
TakerBuyRatio,taker_buy_heavy,compressed_down,short,60m,DISCOVERY_REJECTED,7157,6698,-1.117731,-6.117731,-8.617731,-11.117731,45.815286,0.843586,-1.117731,-3.300000,-29.017679,-16.052842,false,false,false,100.000000,43.321663,0.000000
TakerBuyRatio,taker_sell_heavy_strong,range,short,120m,DISCOVERY_REJECTED,64482,47166,-1.120750,-6.120750,-8.620750,-11.120750,46.569585,0.849159,-1.120750,-0.900000,-23.736653,-8.257684,false,false,false,0.000000,42.203610,0.000000
RealizedVol60,realized_vol_60_mid,compressed_up,short,15m,DISCOVERY_REJECTED,9772,6723,-1.123758,-6.123758,-8.623758,-11.123758,47.410970,0.790888,-1.123758,1.000000,-18.560388,-12.016990,false,false,false,0.000000,39.571877,0.000000
ETHContext60,eth_down_strong,trend_up,long,60m,DISCOVERY_REJECTED,1665,1438,-1.128040,-6.128040,-8.628040,-11.128040,44.264264,0.877252,-1.128040,-6.600000,-55.265940,-18.859956,false,false,false,100.000000,28.838768,100.000000
CloseRelativeEMA20,below_ema20_strong,trend_down,short,30m,DISCOVERY_REJECTED,13207,9671,-1.130733,-6.130733,-8.630733,-11.130733,42.469902,0.871592,-1.130733,-11.500000,-24.843098,-10.095825,false,false,false,0.000000,20.455398,100.000000
CloseRelativeEMA20,below_ema20_strong,trend_down,short,15m,DISCOVERY_REJECTED,13207,9671,-1.132764,-6.132764,-8.632764,-11.132764,41.977739,0.831929,-1.132764,-8.700000,-18.341995,-8.728723,false,false,false,0.000000,49.512550,100.000000
SessionUTC,late_us,trend_down,short,15m,DISCOVERY_REJECTED,18635,9488,-1.138826,-6.138826,-8.638826,-11.138826,39.774618,0.703876,-1.138826,-2.900000,-12.349987,-7.116262,false,false,false,0.000000,0.000000,0.000000
Return15,return15_flat,compressed_up,short,60m,DISCOVERY_REJECTED,20805,17343,-1.142123,-6.142123,-8.642123,-11.142123,46.349435,0.785679,-1.142123,0.700000,-21.077375,-7.715663,false,false,false,0.000000,39.682735,0.000000
TakerBuyRatio,taker_sell_heavy_strong,trend_down,short,120m,DISCOVERY_REJECTED,32354,24211,-1.150862,-6.150862,-8.650862,-11.150862,44.436546,0.860484,-1.150862,-5.400000,-31.667772,-7.648248,false,false,false,0.000000,24.058272,100.000000
CloseRelativeEMA20,above_ema20,range,long,15m,DISCOVERY_REJECTED,50321,36553,-1.153539,-6.153539,-8.653539,-11.153539,42.260686,0.669489,-1.153539,-1.400000,-11.156336,-7.300733,false,false,false,0.000000,0.000000,0.000000
TakerBuyRatio,taker_buy_heavy_strong,trend_down,long,5m,DISCOVERY_REJECTED,25915,20568,-1.155789,-6.155789,-8.655789,-11.155789,38.850087,0.487147,-1.155789,0.200000,-8.449943,-6.853011,false,false,false,0.000000,0.000000,0.000000
ETHContext60,eth_flat,trend_down,long,240m,DISCOVERY_REJECTED,39989,25593,-1.157646,-6.157646,-8.657646,-11.157646,49.996249,0.888425,-1.157646,5.000000,-34.864123,-7.993416,false,false,false,0.000000,26.242647,52.433314
VolumeRatio20,volume_ratio_high,compressed_up,long,120m,DISCOVERY_REJECTED,10023,9362,-1.164904,-6.164904,-8.664904,-11.164904,47.839968,0.864794,-1.164904,0.200000,-52.648094,-10.041890,false,false,false,0.000000,34.076409,86.108484
CloseRelativeEMA20,near_ema20,trend_up,long,60m,DISCOVERY_REJECTED,51603,33500,-1.166578,-6.166578,-8.666578,-11.166578,42.766893,0.760523,-1.166578,-2.600000,-14.146891,-7.945755,false,false,false,0.000000,0.000000,0.000000
VolumeRatio20,volume_ratio_high,range,short,120m,DISCOVERY_REJECTED,55634,43212,-1.170672,-6.170672,-8.670672,-11.170672,46.509329,0.856067,-1.170672,-1.300000,-24.029917,-7.265495,false,false,false,0.000000,81.171069,100.000000
Return15,return15_down_strong,trend_down,long,5m,DISCOVERY_REJECTED,29259,20279,-1.171692,-6.171692,-8.671692,-11.171692,47.404218,0.704465,-1.171692,2.700000,-27.246999,-7.540501,false,false,false,0.000000,100.000000,0.000000
Return15,return15_up,compressed_down,long,15m,DISCOVERY_REJECTED,8811,8194,-1.174471,-6.174471,-8.674471,-11.174471,44.909772,0.708279,-1.174471,0.000000,-14.271775,-6.910191,false,false,false,0.000000,100.000000,0.000000
TrendSlope20,slope_down_strong,trend_down,short,60m,DISCOVERY_REJECTED,65376,32832,-1.176832,-6.176832,-8.676832,-11.176832,42.836821,0.824107,-1.176832,-5.000000,-16.966308,-519.131265,false,false,false,0.000000,45.848424,0.000000
BBWidthPctRank60,bb_width_mid,trend_down,short,60m,DISCOVERY_REJECTED,54405,35906,-1.184855,-6.184855,-8.684855,-11.184855,43.216616,0.822247,-1.184855,-4.700000,-20.634165,-7.597610,false,false,false,0.000000,96.302228,0.000000
Return15,return15_down_strong,compressed_up,short,5m,DISCOVERY_REJECTED,823,788,-1.187807,-6.187807,-8.687807,-11.187807,44.714459,0.729377,-1.187807,0.000000,-21.996804,-18.986899,false,false,false,100.000000,33.387576,100.000000
VolumeRatio20,volume_ratio_normal,range,short,120m,DISCOVERY_REJECTED,87721,59480,-1.204688,-6.204688,-8.704688,-11.204688,46.486018,0.860772,-1.204688,-1.700000,-24.327221,-7.940845,false,false,false,0.000000,64.649341,0.000000
BTCContext60,btc_down_strong,compressed_down,long,120m,DISCOVERY_REJECTED,9137,7263,-1.207883,-6.207883,-8.707883,-11.207883,48.462296,0.904447,-1.207883,1.400000,-51.352783,-12.728749,false,false,false,0.000000,56.977162,82.571903
BTCContext60,btc_up,trend_up,long,120m,DISCOVERY_REJECTED,43361,28304,-1.212258,-6.212258,-8.712258,-11.212258,44.964369,0.855232,-1.212258,-3.900000,-27.370568,-8.368155,false,false,false,0.000000,33.549378,0.000000
CompositeRegime,range,range,short,120m,DISCOVERY_REJECTED,237733,104960,-1.215025,-6.215025,-8.715025,-11.215025,46.476089,0.856706,-1.215025,-1.500000,-23.346055,-7.564821,false,false,false,0.000000,71.797149,0.000000
Return15,return15_flat,trend_up,short,240m,DISCOVERY_REJECTED,24361,18680,-1.219526,-6.219526,-8.719526,-11.219526,48.154838,0.874204,-1.219526,1.600000,-46.081865,-9.887677,false,false,false,0.000000,35.371506,100.000000
VolumeRatio20,volume_ratio_low,range,short,120m,DISCOVERY_REJECTED,94356,64836,-1.222939,-6.222939,-8.722939,-11.222939,46.455975,0.853712,-1.222939,-1.400000,-22.152319,-7.974947,false,false,false,0.000000,81.681266,100.000000
BBWidthPctRank60,bb_width_low,compressed_up,short,120m,DISCOVERY_REJECTED,47721,32604,-1.228389,-6.228389,-8.728389,-11.228389,47.163722,0.867678,-1.228389,-0.500000,-23.295184,-7.859365,false,false,false,0.000000,45.205139,100.000000
CompositeRegime,compressed_up,compressed_up,short,120m,DISCOVERY_REJECTED,47721,32604,-1.228389,-6.228389,-8.728389,-11.228389,47.163722,0.867678,-1.228389,-0.500000,-23.295184,-7.859365,false,false,false,0.000000,45.205139,100.000000
Return15,return15_down,compressed_down,short,15m,DISCOVERY_REJECTED,11217,10153,-1.230536,-6.230536,-8.730536,-11.230536,42.604975,0.722873,-1.230536,-2.500000,-12.620669,-7.387440,false,false,false,0.000000,92.906637,0.000000
BTCContext60,btc_down_strong,trend_down,short,120m,DISCOVERY_REJECTED,19720,11580,-1.233909,-6.233909,-8.733909,-11.233909,44.771805,0.910412,-1.233909,-10.750000,-54.587450,-17.826173,false,false,false,100.000000,29.139522,85.614321
VolumeRatio20,volume_ratio_low,trend_down,short,15m,DISCOVERY_REJECTED,40070,29660,-1.237122,-6.237122,-8.737122,-11.237122,40.094834,0.672671,-1.237122,-2.300000,-10.528761,-7.327377,false,false,false,0.000000,0.000000,0.000000
CloseRelativeEMA20,above_ema20,range,long,5m,DISCOVERY_REJECTED,50321,36553,-1.244938,-6.244938,-8.744938,-11.244938,37.620477,0.521816,-1.244938,-1.400000,-8.421797,-6.831930,false,false,false,0.000000,0.000000,0.000000
ATRPct14,atr_pct_14_mid,compressed_up,short,30m,DISCOVERY_REJECTED,15927,11173,-1.245424,-6.245424,-8.745424,-11.245424,47.843285,0.823285,-1.245424,1.200000,-18.883343,-11.220363,false,false,false,0.000000,26.382480,0.000000
BTCContext60,btc_up,trend_down,long,5m,DISCOVERY_REJECTED,9157,7754,-1.246622,-6.246622,-8.746622,-11.246622,39.576280,0.520878,-1.246622,0.000000,-14.306767,-7.813737,false,false,false,0.000000,0.000000,0.000000
BBWidthPctRank60,bb_width_low,compressed_down,long,240m,DISCOVERY_REJECTED,37900,27941,-1.254294,-6.254294,-8.754294,-11.254294,48.730871,0.912547,-1.254294,1.300000,-43.911622,-10.616946,false,false,false,0.000000,54.771113,61.461566
CompositeRegime,compressed_down,compressed_down,long,240m,DISCOVERY_REJECTED,37900,27941,-1.254294,-6.254294,-8.754294,-11.254294,48.730871,0.912547,-1.254294,1.300000,-43.911622,-10.616946,false,false,false,0.000000,54.771113,61.461566
CloseRelativeEMA20,below_ema20_strong,range,short,60m,DISCOVERY_REJECTED,6205,5393,-1.255658,-6.255658,-8.755658,-11.255658,47.074940,0.887299,-1.255658,-3.700000,-35.561426,-12.288660,false,false,false,100.000000,22.418589,100.000000
TrendSlope20,slope_down_strong,range,short,60m,DISCOVERY_REJECTED,63457,36606,-1.258297,-6.258297,-8.758297,-11.258297,44.828782,0.790935,-1.258297,-1.100000,-11.976600,-47.725998,false,false,false,0.000000,100.000000,0.000000
TrendSlope20,slope_down_strong,range,short,30m,DISCOVERY_REJECTED,63457,36606,-1.266281,-6.266281,-8.766281,-11.266281,42.961375,0.715974,-1.266281,-1.200000,-9.851464,-32.269936,false,false,false,0.000000,0.000000,0.000000
CloseRelativeEMA20,below_ema20,range,short,240m,DISCOVERY_REJECTED,51248,36653,-1.269056,-6.269056,-8.769056,-11.269056,48.405791,0.906632,-1.269056,0.000000,-45.080577,-13.458190,false,false,false,0.000000,23.066274,51.126639
TrendSlope20,slope_flat,compressed_up,short,120m,DISCOVERY_REJECTED,17276,12403,-1.269483,-6.269483,-8.769483,-11.269483,47.210002,0.869830,-1.269483,0.000000,-46.188167,-23.784294,false,false,false,100.000000,39.989116,86.123017
Return15,return15_up,range,long,30m,DISCOVERY_REJECTED,64270,43953,-1.280893,-6.280893,-8.780893,-11.280893,44.299051,0.717431,-1.280893,-0.400000,-9.044047,-7.268300,false,false,false,0.000000,0.000000,0.000000
VolumeRatio20,volume_ratio_normal,compressed_down,short,60m,DISCOVERY_REJECTED,14733,12999,-1.282001,-6.282001,-8.782001,-11.282001,44.838119,0.836094,-1.282001,-3.300000,-21.402297,-10.415919,false,false,false,0.000000,28.175306,100.000000
BTCContext60,btc_up,trend_down,long,60m,DISCOVERY_REJECTED,9157,7754,-1.284312,-6.284312,-8.784312,-11.284312,48.127116,0.815352,-1.284312,2.500000,-36.811047,-10.014620,false,false,false,0.000000,34.543682,100.000000
BTCContext60,btc_down,trend_down,short,60m,DISCOVERY_REJECTED,43741,28130,-1.289882,-6.289882,-8.789882,-11.289882,42.449875,0.812639,-1.289882,-5.700000,-23.702439,-8.431354,false,false,false,0.000000,72.312674,0.000000
TakerBuyRatio,taker_sell_heavy_strong,range,short,240m,DISCOVERY_REJECTED,64482,47166,-1.290158,-6.290158,-8.790158,-11.290158,47.439596,0.890467,-1.290158,-1.400000,-43.476732,-8.567538,false,false,false,0.000000,25.766408,51.306995
SessionUTC,europe,trend_down,short,120m,DISCOVERY_REJECTED,30170,14730,-1.292290,-6.292290,-8.792290,-11.292290,46.360623,0.851427,-1.292290,-1.800000,-25.196666,-10.901254,false,false,false,0.000000,32.504426,100.000000
SessionUTC,late_us,compressed_down,short,30m,DISCOVERY_REJECTED,6263,4772,-1.298342,-6.298342,-8.798342,-11.298342,43.094364,0.758280,-1.298342,-2.500000,-21.880995,-9.836574,false,false,false,0.000000,38.597347,77.009691
VolumeRatio20,volume_ratio_low,range,short,240m,DISCOVERY_REJECTED,94356,64836,-1.299541,-6.299541,-8.799541,-11.299541,47.240239,0.895373,-1.299541,-1.900000,-39.468884,-8.355973,false,false,false,0.000000,48.413240,87.388282
BTCContext60,btc_down_strong,range,long,5m,DISCOVERY_REJECTED,9567,7600,-1.299635,-6.299635,-8.799635,-11.299635,43.796383,0.662477,-1.299635,0.500000,-12.554082,-7.119103,false,false,false,0.000000,98.978916,0.000000
TrendSlope20,slope_down_strong,trend_down,short,120m,DISCOVERY_REJECTED,65376,32832,-1.303882,-6.303882,-8.803882,-11.303882,44.536221,0.867333,-1.303882,-6.000000,-25.965966,-1517.427287,false,false,false,0.000000,30.704979,51.804730
ATRPct14,atr_pct_14_low,trend_down,long,240m,DISCOVERY_REJECTED,71298,37426,-1.305926,-6.305926,-8.805926,-11.305926,49.150046,0.875430,-1.305926,3.150000,-37.118911,-8.727593,false,false,false,0.000000,32.047067,70.598777
ETHContext60,eth_up,trend_up,short,240m,DISCOVERY_REJECTED,38223,25072,-1.316200,-6.316200,-8.816200,-11.316200,49.360333,0.897180,-1.316200,3.300000,-42.905633,-12.967924,false,false,false,0.000000,21.129317,100.000000
Return15,return15_down,trend_up,short,30m,DISCOVERY_REJECTED,2286,2245,-1.319556,-6.319556,-8.819556,-11.319556,45.231846,0.774484,-1.319556,-1.850000,-26.230547,-15.331429,false,false,false,53.959799,31.115896,87.484224
CompositeRegime,trend_down,trend_down,short,120m,DISCOVERY_REJECTED,117282,55506,-1.323781,-6.323781,-8.823781,-11.323781,44.660732,0.867602,-1.323781,-5.600000,-31.208800,-9.472755,false,false,false,0.000000,27.762889,100.000000
ETHContext60,eth_flat,compressed_up,short,60m,DISCOVERY_REJECTED,12086,9678,-1.329170,-6.329170,-8.829170,-11.329170,45.374814,0.795094,-1.329170,-0.450000,-30.114336,-11.892355,false,false,false,0.000000,66.275727,0.000000
ATRPct14,atr_pct_14_mid,trend_down,long,5m,DISCOVERY_REJECTED,44654,24466,-1.340432,-6.340432,-8.840432,-11.340432,45.418104,0.661831,-1.340432,0.900000,-11.249801,-7.895906,false,false,false,0.000000,0.000000,0.000000
Return15,return15_down_strong,trend_down,short,15m,DISCOVERY_REJECTED,29259,20279,-1.343784,-6.343784,-8.843784,-11.343784,41.864042,0.789627,-1.343784,-6.100000,-15.013173,-8.505975,false,false,false,0.000000,50.086458,0.000000
CloseRelativeEMA20,below_ema20,compressed_up,short,30m,DISCOVERY_REJECTED,5531,5079,-1.353743,-6.353743,-8.853743,-11.353743,46.121859,0.794835,-1.353743,-0.300000,-18.205011,-10.043992,false,false,false,0.000000,38.563382,0.000000
TakerBuyRatio,taker_sell_heavy,compressed_up,short,120m,DISCOVERY_REJECTED,9060,8314,-1.353963,-6.353963,-8.853963,-11.353963,47.130243,0.873943,-1.353963,-1.200000,-26.337435,-9.987539,false,false,false,0.000000,62.767361,100.000000
RealizedVol60,realized_vol_60_low,compressed_down,long,30m,DISCOVERY_REJECTED,28359,21606,-1.356278,-6.356278,-8.856278,-11.356278,46.031242,0.715161,-1.356278,1.200000,-13.879336,-7.951594,false,false,false,0.000000,100.000000,0.000000
TrendSlope20,slope_down,trend_down,short,60m,DISCOVERY_REJECTED,19465,12644,-1.358314,-6.358314,-8.858314,-11.358314,43.827382,0.839825,-1.358314,-5.000000,-26.411029,-16.075357,false,false,false,73.237481,59.718021,0.000000
CloseRelativeEMA20,near_ema20,compressed_up,short,240m,DISCOVERY_REJECTED,30161,23507,-1.358680,-6.358680,-8.858680,-11.358680,47.584629,0.891922,-1.358680,-1.000000,-43.731124,-10.047094,false,false,false,0.000000,29.029385,100.000000
Return15,return15_down,range,short,120m,DISCOVERY_REJECTED,68379,46101,-1.371637,-6.371637,-8.871637,-11.371637,46.868191,0.847942,-1.371637,-0.800000,-26.206610,-7.964064,false,false,false,0.000000,22.522267,0.000000
BBWidthPctRank60,bb_width_high,trend_down,short,120m,DISCOVERY_REJECTED,48250,34344,-1.373225,-6.373225,-8.873225,-11.373225,44.107772,0.874384,-1.373225,-7.500000,-29.355801,-9.253775,false,false,false,0.000000,44.655363,70.270554
TrendSlope20,slope_flat,compressed_up,short,60m,DISCOVERY_REJECTED,17276,12403,-1.373746,-6.373746,-8.873746,-11.373746,46.602223,0.818168,-1.373746,0.000000,-35.486163,-8.263949,false,false,false,98.944468,38.003323,100.000000
SessionUTC,late_us,compressed_up,short,15m,DISCOVERY_REJECTED,8395,5804,-1.377660,-6.377660,-8.877660,-11.377660,42.835021,0.655166,-1.377660,0.000000,-19.968622,-8.351715,false,false,false,0.000000,64.244574,0.000000
ETHContext60,eth_down_strong,trend_down,long,5m,DISCOVERY_REJECTED,28667,16397,-1.381826,-6.381826,-8.881826,-11.381826,46.119231,0.676942,-1.381826,1.900000,-26.652218,-8.057980,false,false,false,0.000000,0.000000,0.000000
TakerBuyRatio,taker_sell_heavy_strong,compressed_down,long,30m,DISCOVERY_REJECTED,9624,8842,-1.382218,-6.382218,-8.882218,-11.382218,46.820449,0.751141,-1.382218,1.600000,-27.979206,-9.405770,false,false,false,0.000000,36.595821,0.000000
BBWidthPctRank60,bb_width_low,trend_up,long,120m,DISCOVERY_REJECTED,16486,13976,-1.385548,-6.385548,-8.885548,-11.385548,45.050346,0.837004,-1.385548,-2.700000,-25.830334,-9.658041,false,false,false,0.000000,77.580535,0.000000
SessionUTC,us,compressed_down,long,60m,DISCOVERY_REJECTED,13459,9794,-1.386597,-6.386597,-8.886597,-11.386597,48.933799,0.844263,-1.386597,3.200000,-29.328599,-9.283275,false,false,false,0.000000,34.753381,58.124778
ATRPct14,atr_pct_14_low,compressed_down,long,60m,DISCOVERY_REJECTED,22712,17912,-1.398156,-6.398156,-8.898156,-11.398156,47.441881,0.764944,-1.398156,1.900000,-22.932448,-9.184205,false,false,false,0.000000,56.889826,0.000000
ETHContext60,eth_up_strong,trend_down,short,30m,DISCOVERY_REJECTED,1625,1418,-1.412883,-6.412883,-8.912883,-11.412883,44.800000,0.803228,-1.412883,-1.800000,-37.195904,-10.369880,false,false,false,100.000000,31.893852,67.788124
ETHContext60,eth_up,compressed_down,long,5m,DISCOVERY_REJECTED,1561,1464,-1.413858,-6.413858,-8.913858,-11.413858,40.038437,0.563265,-1.413858,-0.800000,-19.270537,-10.818818,false,false,false,0.000000,79.255920,0.000000
TakerBuyRatio,taker_buy_heavy_strong,range,short,240m,DISCOVERY_REJECTED,60588,45105,-1.414918,-6.414918,-8.914918,-11.414918,47.184261,0.886287,-1.414918,-1.900000,-52.345061,-8.225076,false,false,false,0.000000,38.059892,54.091991
TrendSlope20,slope_flat,compressed_up,short,30m,DISCOVERY_REJECTED,17276,12403,-1.427172,-6.427172,-8.927172,-11.427172,45.815003,0.747317,-1.427172,0.800000,-26.186403,-7.075384,false,false,false,100.000000,76.649782,0.000000
CloseRelativeEMA20,below_ema20,compressed_up,short,120m,DISCOVERY_REJECTED,5531,5079,-1.437159,-6.437159,-8.937159,-11.437159,48.201049,0.886860,-1.437159,0.000000,-44.632692,-15.198201,false,false,false,0.000000,31.558046,79.236783
RealizedVol60,realized_vol_60_mid,compressed_down,short,30m,DISCOVERY_REJECTED,9381,6861,-1.438020,-6.438020,-8.938020,-11.438020,45.965249,0.849166,-1.438020,-4.000000,-22.253040,-8.885789,false,false,false,0.000000,37.212823,100.000000
ETHContext60,eth_up,compressed_up,short,240m,DISCOVERY_REJECTED,18939,15533,-1.441076,-6.441076,-8.941076,-11.441076,48.001478,0.899084,-1.441076,0.000000,-45.554708,-8.614822,false,false,false,0.000000,39.824768,78.389315
BTCContext60,btc_down_strong,trend_up,short,5m,DISCOVERY_REJECTED,928,814,-1.451674,-6.451674,-8.951674,-11.451674,42.025862,0.665751,-1.451674,-1.150000,-50.732557,-14.306524,false,false,false,0.000000,56.788582,0.000000
TrendSlope20,slope_down,range,short,15m,DISCOVERY_REJECTED,19673,14407,-1.458009,-6.458009,-8.958009,-11.458009,42.647283,0.662357,-1.458009,-0.800000,-14.549109,-9.938714,false,false,false,0.000000,0.000000,0.000000
CloseRelativeEMA20,below_ema20_strong,trend_down,long,5m,DISCOVERY_REJECTED,13207,9671,-1.461437,-6.461437,-8.961437,-11.461437,49.322329,0.751735,-1.461437,4.300000,-50.091600,-9.236726,false,false,false,0.000000,85.600300,100.000000
TakerBuyRatio,taker_sell_heavy,trend_down,short,60m,DISCOVERY_REJECTED,21957,18023,-1.461759,-6.461759,-8.961759,-11.461759,42.993123,0.830079,-1.461759,-5.500000,-22.932069,-9.606399,false,false,false,0.000000,71.814116,0.000000
Return15,return15_up,range,long,240m,DISCOVERY_REJECTED,64270,43953,-1.463943,-6.463943,-8.963943,-11.463943,48.243348,0.891743,-1.463943,0.400000,-28.391781,-9.845976,false,false,false,0.000000,33.917933,78.142132
VolumeRatio20,volume_ratio_low,compressed_down,long,120m,DISCOVERY_REJECTED,15215,13295,-1.468003,-6.468003,-8.968003,-11.468003,47.926388,0.874711,-1.468003,0.500000,-26.768414,-10.808275,false,false,false,0.000000,50.949187,100.000000
SessionUTC,late_us,trend_down,long,5m,DISCOVERY_REJECTED,18635,9488,-1.473452,-6.473452,-8.973452,-11.473452,41.990877,0.563886,-1.473452,1.300000,-35.347700,-7.758556,false,false,false,0.000000,0.000000,0.000000
ETHContext60,eth_up,compressed_up,short,30m,DISCOVERY_REJECTED,18939,15533,-1.473577,-6.473577,-8.973577,-11.473577,44.907334,0.723939,-1.473577,0.000000,-12.235142,-7.852154,false,false,false,0.000000,100.000000,0.000000
TrendSlope20,slope_down,range,short,30m,DISCOVERY_REJECTED,19673,14407,-1.486036,-6.486036,-8.986036,-11.486036,45.117674,0.742281,-1.486036,0.000000,-15.469921,-8.934538,false,false,false,100.000000,100.000000,0.000000
RealizedVol60,realized_vol_60_mid,range,short,30m,DISCOVERY_REJECTED,31002,16617,-1.486987,-6.486987,-8.986987,-11.486987,46.667957,0.842644,-1.486987,-1.700000,-18.230016,-8.411118,false,false,false,0.000000,37.012172,0.000000
RealizedVol60,realized_vol_60_mid,trend_down,long,5m,DISCOVERY_REJECTED,18013,9618,-1.487146,-6.487146,-8.987146,-11.487146,47.365791,0.737131,-1.487146,1.900000,-14.483964,-8.112844,false,false,false,0.000000,85.286239,0.000000
TakerBuyRatio,taker_buy_heavy,range,short,120m,DISCOVERY_REJECTED,41156,33832,-1.489663,-6.489663,-8.989663,-11.489663,46.851006,0.861709,-1.489663,-1.400000,-18.337348,-9.978657,false,false,false,0.000000,69.513868,0.000000
VolumeRatio20,volume_ratio_high,trend_up,short,120m,DISCOVERY_REJECTED,36160,27339,-1.495166,-6.495166,-8.995166,-11.495166,49.297566,0.856525,-1.495166,3.800000,-24.703752,-8.416301,false,false,false,0.000000,66.103050,0.000000
Return15,return15_down_strong,trend_down,short,30m,DISCOVERY_REJECTED,29259,20279,-1.503893,-6.503893,-9.003893,-11.503893,42.701391,0.836215,-1.503893,-7.700000,-18.428852,-9.383122,false,false,false,0.000000,38.435807,0.000000
TrendSlope20,slope_down,range,short,60m,DISCOVERY_REJECTED,19673,14407,-1.514569,-6.514569,-9.014569,-11.514569,46.662939,0.811552,-1.514569,0.000000,-20.494756,-11.574719,false,false,false,100.000000,81.014535,0.000000
RealizedVol60,realized_vol_60_mid,trend_down,short,30m,DISCOVERY_REJECTED,18013,9618,-1.521213,-6.521213,-9.021213,-11.521213,43.646255,0.865567,-1.521213,-10.600000,-32.121824,-12.045114,false,false,false,0.000000,34.611288,62.865729
ETHContext60,eth_up,trend_down,short,120m,DISCOVERY_REJECTED,10576,8702,-1.534421,-6.534421,-9.034421,-11.534421,45.858548,0.853491,-1.534421,-3.600000,-32.018555,-11.047188,false,false,false,0.000000,36.948611,100.000000
CloseRelativeEMA20,above_ema20,compressed_up,short,30m,DISCOVERY_REJECTED,10988,9527,-1.535065,-6.535065,-9.035065,-11.535065,46.887514,0.775340,-1.535065,1.100000,-19.375893,-10.921907,false,false,false,0.000000,50.231573,0.000000
Return15,return15_up_strong,range,short,60m,DISCOVERY_REJECTED,19019,15548,-1.542875,-6.542875,-9.042875,-11.542875,47.000368,0.862285,-1.542875,-1.700000,-20.416741,-10.852496,false,false,false,0.000000,36.360748,67.505442
VolumeRatio20,volume_ratio_normal,trend_down,short,120m,DISCOVERY_REJECTED,43789,30955,-1.545797,-6.545797,-9.045797,-11.545797,44.890269,0.866890,-1.545797,-5.500000,-38.837433,-12.588576,false,false,false,0.000000,25.552338,73.241822
SessionUTC,late_us,compressed_up,short,60m,DISCOVERY_REJECTED,8395,5804,-1.552997,-6.552997,-9.052997,-11.552997,46.241811,0.802573,-1.552997,0.000000,-47.445385,-11.215848,false,false,false,100.000000,38.331549,100.000000
TakerBuyRatio,taker_sell_heavy_strong,compressed_down,long,60m,DISCOVERY_REJECTED,9624,8842,-1.558539,-6.558539,-9.058539,-11.558539,47.869909,0.807821,-1.558539,1.700000,-38.964972,-9.050498,false,false,false,0.000000,36.856803,100.000000
TakerBuyRatio,taker_sell_heavy,compressed_down,short,60m,DISCOVERY_REJECTED,7551,7017,-1.564157,-6.564157,-9.064157,-11.564157,44.974176,0.836140,-1.564157,-2.700000,-21.337738,-11.008815,false,false,false,0.000000,43.130978,100.000000
CloseRelativeEMA20,near_ema20,trend_up,long,120m,DISCOVERY_REJECTED,51603,33500,-1.565124,-6.565124,-9.065124,-11.565124,44.797783,0.818902,-1.565124,-2.500000,-19.187690,-9.088680,false,false,false,0.000000,64.801703,0.000000
Return15,return15_up,compressed_up,short,240m,DISCOVERY_REJECTED,14229,12419,-1.565803,-6.565803,-9.065803,-11.565803,47.740530,0.904214,-1.565803,-1.500000,-46.131399,-10.279209,false,false,false,0.000000,22.997936,90.617091
Return15,return15_flat,compressed_up,short,120m,DISCOVERY_REJECTED,20805,17343,-1.568361,-6.568361,-9.068361,-11.568361,46.743571,0.836698,-1.568361,-0.500000,-24.094162,-9.427187,false,false,false,0.000000,43.707150,100.000000
SessionUTC,asia,compressed_up,short,15m,DISCOVERY_REJECTED,13062,9148,-1.569544,-6.569544,-9.069544,-11.569544,42.864799,0.633293,-1.569544,0.000000,-11.310590,-7.800120,false,false,false,0.000000,0.000000,0.000000
VolumeRatio20,volume_ratio_high,compressed_down,long,240m,DISCOVERY_REJECTED,7944,7486,-1.572060,-6.572060,-9.072060,-11.572060,48.967774,0.901182,-1.572060,1.900000,-36.313939,-15.931859,false,false,false,100.000000,31.745882,44.575754
SessionUTC,late_us,range,short,60m,DISCOVERY_REJECTED,39572,18660,-1.572185,-6.572185,-9.072185,-11.572185,44.948448,0.782793,-1.572185,-0.800000,-22.745539,-9.194498,false,false,false,0.000000,74.760390,0.000000
BTCContext60,btc_down,trend_down,short,30m,DISCOVERY_REJECTED,43741,28130,-1.573381,-6.573381,-9.073381,-11.573381,40.675796,0.737878,-1.573381,-4.400000,-14.663786,-8.557969,false,false,false,0.000000,64.137878,0.000000
BBWidthPctRank60,bb_width_mid,range,short,240m,DISCOVERY_REJECTED,124950,76776,-1.575722,-6.575722,-9.075722,-11.575722,47.575830,0.894853,-1.575722,-1.500000,-42.653999,-8.079989,false,false,false,0.000000,44.673985,55.678506
Return15,return15_down,compressed_up,short,60m,DISCOVERY_REJECTED,10593,9639,-1.585485,-6.585485,-9.085485,-11.585485,46.464646,0.825599,-1.585485,-0.900000,-24.471161,-12.205965,false,false,false,0.000000,53.792439,0.000000
BTCContext60,btc_down_strong,trend_down,short,60m,DISCOVERY_REJECTED,19720,11580,-1.587106,-6.587106,-9.087106,-11.587106,43.488844,0.876668,-1.587106,-10.600000,-36.543907,-12.481393,false,false,false,0.000000,33.186906,71.000828
VolumeRatio20,volume_ratio_low,trend_up,short,240m,DISCOVERY_REJECTED,38909,29272,-1.590438,-6.590438,-9.090438,-11.590438,48.908993,0.889077,-1.590438,2.200000,-30.875128,-10.030973,false,false,false,0.000000,41.762640,100.000000
VolumeRatio20,volume_ratio_high,range,short,240m,DISCOVERY_REJECTED,55634,43212,-1.590744,-6.590744,-9.090744,-11.590744,47.616565,0.890600,-1.590744,-1.300000,-49.132609,-9.430840,false,false,false,0.000000,32.498792,53.245911
TrendSlope20,slope_up_strong,compressed_down,long,30m,DISCOVERY_REJECTED,7930,6987,-1.591579,-6.591579,-9.091579,-11.591579,46.052963,0.750273,-1.591579,0.650000,-15.136353,-10.037906,false,false,false,100.000000,56.436828,0.000000
ETHContext60,eth_down,range,short,240m,DISCOVERY_REJECTED,50385,34896,-1.593447,-6.593447,-9.093447,-11.593447,47.051702,0.896086,-1.593447,-3.200000,-61.840086,-9.060267,false,false,false,0.000000,36.172827,52.525110
RealizedVol60,realized_vol_60_low,trend_down,long,240m,DISCOVERY_REJECTED,99011,47972,-1.597497,-6.597497,-9.097497,-11.597497,49.750028,0.885912,-1.597497,4.300000,-46.014674,-11.306438,false,false,false,0.000000,19.871965,50.465005
BBWidthPctRank60,bb_width_mid,trend_down,short,120m,DISCOVERY_REJECTED,54405,35906,-1.600237,-6.600237,-9.100237,-11.600237,44.900285,0.861814,-1.600237,-5.100000,-32.179722,-10.693293,false,false,false,0.000000,39.660988,100.000000
SessionUTC,late_us,compressed_up,short,30m,DISCOVERY_REJECTED,8395,5804,-1.601937,-6.601937,-9.101937,-11.601937,45.086361,0.731358,-1.601937,0.000000,-32.400547,-8.532506,false,false,false,0.000000,63.258479,0.000000
TrendSlope20,slope_down,compressed_up,short,30m,DISCOVERY_REJECTED,4016,3655,-1.604489,-6.604489,-9.104489,-11.604489,46.190239,0.755463,-1.604489,0.350000,-18.513810,-130.567493,false,false,false,0.000000,60.211652,0.000000
SessionUTC,europe,trend_down,short,240m,DISCOVERY_REJECTED,30170,14730,-1.609252,-6.609252,-9.109252,-11.609252,48.694067,0.897290,-1.609252,1.900000,-64.562222,-11.521390,false,false,false,0.000000,26.106853,71.495170
TakerBuyRatio,taker_sell_heavy,compressed_down,short,15m,DISCOVERY_REJECTED,7551,7017,-1.640563,-6.640563,-9.140563,-11.640563,42.749305,0.712661,-1.640563,-2.200000,-14.413375,-10.041593,false,false,false,0.000000,50.339771,0.000000
Return15,return15_down,range,short,30m,DISCOVERY_REJECTED,68379,46101,-1.649091,-6.649091,-9.149091,-11.649091,43.400752,0.699535,-1.649091,-1.100000,-11.590871,-7.484292,false,false,false,0.000000,0.000000,0.000000
ETHContext60,eth_down_strong,trend_down,short,30m,DISCOVERY_REJECTED,28667,16397,-1.667139,-6.667139,-9.167139,-11.667139,41.430914,0.820338,-1.667139,-8.300000,-23.409522,-8.555313,false,false,false,0.000000,54.992128,50.611147
SessionUTC,asia,range,short,60m,DISCOVERY_REJECTED,70306,31991,-1.668573,-6.668573,-9.168573,-11.668573,44.593634,0.779432,-1.668573,-1.800000,-19.628700,-7.646431,false,false,false,0.000000,100.000000,0.000000
BBWidthPctRank60,bb_width_low,trend_up,short,240m,DISCOVERY_REJECTED,16486,13976,-1.676296,-6.676296,-9.176296,-11.676296,48.574548,0.881636,-1.676296,1.900000,-54.675813,-13.267909,false,false,false,0.000000,27.170849,80.439916
TrendSlope20,slope_up,compressed_down,long,5m,DISCOVERY_REJECTED,3139,2893,-1.678993,-6.678993,-9.178993,-11.678993,40.968461,0.570667,-1.678993,-0.500000,-12.449493,-68.063349,false,false,false,0.000000,100.000000,0.000000
SessionUTC,us,range,long,60m,DISCOVERY_REJECTED,66624,31478,-1.693976,-6.693976,-9.193976,-11.693976,46.717399,0.814307,-1.693976,0.200000,-16.032729,-9.227295,false,false,false,0.000000,71.326710,0.000000
Return15,return15_down_strong,range,short,15m,DISCOVERY_REJECTED,16644,13830,-1.695203,-6.695203,-9.195203,-11.695203,43.523192,0.743116,-1.695203,-3.000000,-16.274475,-9.137226,false,false,false,0.000000,0.000000,0.000000
Return15,return15_flat,compressed_down,long,120m,DISCOVERY_REJECTED,15786,13763,-1.698148,-6.698148,-9.198148,-11.698148,48.181933,0.841985,-1.698148,2.000000,-24.325306,-12.030023,false,false,false,0.000000,44.880365,100.000000
RealizedVol60,realized_vol_60_mid,range,short,60m,DISCOVERY_REJECTED,31002,16617,-1.698364,-6.698364,-9.198364,-11.698364,47.051803,0.882272,-1.698364,-3.600000,-23.886215,-9.560485,false,false,false,0.000000,34.802778,85.194602
CloseRelativeEMA20,below_ema20_strong,range,short,30m,DISCOVERY_REJECTED,6205,5393,-1.698638,-6.698638,-9.198638,-11.698638,46.140210,0.839427,-1.698638,-2.700000,-47.032188,-11.724594,false,false,false,0.000000,42.145446,0.000000
VolumeRatio20,volume_ratio_low,compressed_up,short,30m,DISCOVERY_REJECTED,18592,15813,-1.700715,-6.700715,-9.200715,-11.700715,45.035499,0.731436,-1.700715,0.000000,-13.986805,-8.360533,false,false,false,0.000000,0.000000,0.000000
CompositeRegime,range,range,short,240m,DISCOVERY_REJECTED,237733,104960,-1.705354,-6.705354,-9.205354,-11.705354,47.449450,0.890777,-1.705354,-1.700000,-44.033141,-7.856189,false,false,false,0.000000,35.704467,60.831881
TakerBuyRatio,taker_balanced,compressed_down,long,5m,DISCOVERY_REJECTED,5250,4978,-1.710000,-6.710000,-9.210000,-11.710000,42.076190,0.584774,-1.710000,0.000000,-12.988469,-8.175072,false,false,false,0.000000,100.000000,0.000000
CloseRelativeEMA20,below_ema20,compressed_down,long,120m,DISCOVERY_REJECTED,8958,8058,-1.710398,-6.710398,-9.210398,-11.710398,48.783211,0.884643,-1.710398,1.950000,-41.839245,-11.149776,false,false,false,0.000000,33.582107,68.820145
Return15,return15_down,compressed_up,short,30m,DISCOVERY_REJECTED,10593,9639,-1.710548,-6.710548,-9.210548,-11.710548,44.774851,0.755864,-1.710548,-1.200000,-19.089505,-8.680839,false,false,false,0.000000,68.888448,0.000000
ETHContext60,eth_down,trend_down,long,240m,DISCOVERY_REJECTED,36425,24133,-1.711322,-6.711322,-9.211322,-11.711322,49.037749,0.891229,-1.711322,2.400000,-45.446857,-12.555600,false,false,false,0.000000,27.151204,93.016071
BBWidthPctRank60,bb_width_high,trend_up,short,120m,DISCOVERY_REJECTED,46994,34217,-1.712129,-6.712129,-9.212129,-11.712129,49.365876,0.855643,-1.712129,3.800000,-21.811650,-8.774196,false,false,false,0.000000,41.327952,100.000000
SessionUTC,us,compressed_down,long,5m,DISCOVERY_REJECTED,13459,9794,-1.717463,-6.717463,-9.217463,-11.717463,40.849989,0.573528,-1.717463,-0.600000,-12.538213,-7.867143,false,false,false,0.000000,100.000000,0.000000
ETHContext60,eth_up,compressed_up,short,60m,DISCOVERY_REJECTED,18939,15533,-1.725032,-6.725032,-9.225032,-11.725032,46.523048,0.789347,-1.725032,0.000000,-16.606881,-8.388658,false,false,false,0.000000,79.234217,0.000000
BTCContext60,btc_flat,range,short,240m,DISCOVERY_REJECTED,119071,68033,-1.730485,-6.730485,-9.230485,-11.730485,47.193691,0.880308,-1.730485,-1.700000,-49.071662,-8.453198,false,false,false,0.000000,27.319328,90.246027
ETHContext60,eth_up_strong,trend_down,long,60m,DISCOVERY_REJECTED,1625,1418,-1.732940,-6.732940,-9.232940,-11.732940,47.446154,0.849582,-1.732940,1.100000,-47.624492,-17.272733,false,false,false,100.000000,25.560238,54.208105
BTCContext60,btc_down,range,short,240m,DISCOVERY_REJECTED,48253,34843,-1.743258,-6.743258,-9.243258,-11.743258,47.128676,0.895072,-1.743258,-3.200000,-26.859402,-10.042373,false,false,false,0.000000,21.595414,100.000000
ETHContext60,eth_down_strong,compressed_down,short,120m,DISCOVERY_REJECTED,11580,9296,-1.745256,-6.745256,-9.245256,-11.745256,47.288428,0.890062,-1.745256,-2.700000,-70.871635,-10.879743,false,false,false,0.000000,27.357270,61.552631
VolumeRatio20,volume_ratio_low,compressed_down,long,30m,DISCOVERY_REJECTED,15215,13295,-1.770735,-6.770735,-9.270735,-11.770735,46.329280,0.758396,-1.770735,0.800000,-16.354880,-7.244591,false,false,false,0.000000,62.433170,0.000000
VolumeRatio20,volume_ratio_low,trend_down,short,30m,DISCOVERY_REJECTED,40070,29660,-1.779679,-6.779679,-9.279679,-11.779679,41.018218,0.730501,-1.779679,-3.900000,-9.986111,-7.456349,false,false,false,0.000000,0.000000,0.000000
CloseRelativeEMA20,below_ema20,compressed_up,short,60m,DISCOVERY_REJECTED,5531,5079,-1.792451,-6.792451,-9.292451,-11.792451,46.772735,0.844123,-1.792451,-0.600000,-27.048989,-11.353560,false,false,false,0.000000,28.279728,100.000000
BTCContext60,btc_down_strong,trend_down,long,5m,DISCOVERY_REJECTED,19720,11580,-1.797930,-6.797930,-9.297930,-11.797930,46.886410,0.690756,-1.797930,2.200000,-38.778223,-9.250924,false,false,false,0.000000,63.488344,100.000000
TakerBuyRatio,taker_buy_heavy_strong,compressed_up,short,30m,DISCOVERY_REJECTED,11361,10313,-1.799130,-6.799130,-9.299130,-11.799130,44.485521,0.706566,-1.799130,0.000000,-17.651607,-8.237564,false,false,false,0.000000,100.000000,0.000000
VolumeRatio20,volume_ratio_high,compressed_up,short,60m,DISCOVERY_REJECTED,10023,9362,-1.803684,-6.803684,-9.303684,-11.803684,45.904420,0.797629,-1.803684,-0.600000,-32.121896,-9.371685,false,false,false,0.000000,32.990665,0.000000
SessionUTC,us,compressed_down,long,30m,DISCOVERY_REJECTED,13459,9794,-1.816877,-6.816877,-9.316877,-11.816877,47.403225,0.779606,-1.816877,1.700000,-23.261023,-8.581455,false,false,false,0.000000,38.814366,0.000000
TakerBuyRatio,taker_sell_heavy_strong,trend_down,short,240m,DISCOVERY_REJECTED,32354,24211,-1.827372,-6.827372,-9.327372,-11.827372,46.170489,0.888698,-1.827372,-5.300000,-42.509210,-10.796938,false,false,false,0.000000,32.164050,63.646638
TakerBuyRatio,taker_buy_heavy_strong,trend_up,short,240m,DISCOVERY_REJECTED,31671,23959,-1.843220,-6.843220,-9.343220,-11.843220,49.101702,0.881716,-1.843220,2.800000,-45.889964,-9.956915,false,false,false,0.000000,24.716469,100.000000
BBWidthPctRank60,bb_width_low,compressed_up,short,60m,DISCOVERY_REJECTED,47721,32604,-1.857126,-6.857126,-9.357126,-11.857126,46.465916,0.801845,-1.857126,0.000000,-21.060302,-8.557241,false,false,false,0.000000,88.681554,0.000000
CompositeRegime,compressed_up,compressed_up,short,60m,DISCOVERY_REJECTED,47721,32604,-1.857126,-6.857126,-9.357126,-11.857126,46.465916,0.801845,-1.857126,0.000000,-21.060302,-8.557241,false,false,false,0.000000,88.681554,0.000000
SessionUTC,late_us,trend_up,short,60m,DISCOVERY_REJECTED,20591,10345,-1.872390,-6.872390,-9.372390,-11.872390,48.890292,0.772661,-1.872390,3.600000,-19.732339,-11.469865,false,false,false,0.000000,57.401590,100.000000
ETHContext60,eth_up,trend_down,short,240m,DISCOVERY_REJECTED,10576,8702,-1.877203,-6.877203,-9.377203,-11.877203,47.135023,0.891289,-1.877203,-2.700000,-42.582851,-13.395818,false,false,false,100.000000,22.587666,76.007200
TakerBuyRatio,taker_balanced,trend_down,short,60m,DISCOVERY_REJECTED,15801,13594,-1.881599,-6.881599,-9.381599,-11.881599,43.339029,0.829369,-1.881599,-5.600000,-20.536908,-8.900921,false,false,false,0.000000,99.367762,100.000000
BBWidthPctRank60,bb_width_mid,trend_up,short,240m,DISCOVERY_REJECTED,57180,37750,-1.881653,-6.881653,-9.381653,-11.881653,49.074851,0.889694,-1.881653,2.600000,-45.675728,-11.802869,false,false,false,0.000000,22.557347,98.010756
ATRPct14,atr_pct_14_mid,compressed_down,short,120m,DISCOVERY_REJECTED,14955,11158,-1.883141,-6.883141,-9.383141,-11.883141,47.669676,0.901750,-1.883141,-3.000000,-46.031614,-11.748933,false,false,false,0.000000,30.020768,89.195524
BTCContext60,btc_flat,trend_up,short,240m,DISCOVERY_REJECTED,48622,30859,-1.883545,-6.883545,-9.383545,-11.883545,48.737197,0.880690,-1.883545,2.200000,-52.525631,-9.538058,false,false,false,0.000000,42.115707,54.602539
Return15,return15_down,trend_up,short,60m,DISCOVERY_REJECTED,2286,2245,-1.889913,-6.889913,-9.389913,-11.889913,46.675416,0.814461,-1.889913,-0.850000,-29.257353,-17.240808,false,false,false,64.375928,23.834412,100.000000
ETHContext60,eth_down,compressed_up,short,30m,DISCOVERY_REJECTED,1354,1292,-1.893440,-6.893440,-9.393440,-11.893440,45.273264,0.762699,-1.893440,-0.850000,-47.429417,-11.217301,false,false,false,0.000000,25.316476,0.000000
TakerBuyRatio,taker_sell_heavy,compressed_up,short,60m,DISCOVERY_REJECTED,9060,8314,-1.894032,-6.894032,-9.394032,-11.894032,46.490066,0.815527,-1.894032,0.000000,-25.071772,-10.580530,false,false,false,0.000000,36.084522,0.000000
CloseRelativeEMA20,above_ema20,compressed_down,long,5m,DISCOVERY_REJECTED,4917,4574,-1.896331,-6.896331,-9.396331,-11.896331,41.081961,0.580952,-1.896331,-0.500000,-13.806390,-8.305486,false,false,false,0.000000,76.479753,0.000000
TakerBuyRatio,taker_sell_heavy,range,short,120m,DISCOVERY_REJECTED,41900,34274,-1.896752,-6.896752,-9.396752,-11.896752,46.431981,0.852904,-1.896752,-1.900000,-25.430560,-8.476222,false,false,false,0.000000,62.390333,0.000000
CloseRelativeEMA20,below_ema20,trend_up,long,120m,DISCOVERY_REJECTED,1748,1700,-1.915527,-6.915527,-9.415527,-11.915527,45.652174,0.886916,-1.915527,-5.750000,-51.576368,-25.077679,false,false,false,76.752352,39.386936,78.354443
Return15,return15_up,compressed_up,long,120m,DISCOVERY_REJECTED,14229,12419,-1.922407,-6.922407,-9.422407,-11.922407,47.361023,0.859507,-1.922407,-0.900000,-22.086915,-11.909700,false,false,false,0.000000,31.433877,0.000000
TakerBuyRatio,taker_sell_heavy,compressed_up,short,30m,DISCOVERY_REJECTED,9060,8314,-1.928877,-6.928877,-9.428877,-11.928877,45.573951,0.748258,-1.928877,0.000000,-19.683385,-9.970594,false,false,false,0.000000,61.059807,0.000000
SessionUTC,late_us,compressed_up,short,120m,DISCOVERY_REJECTED,8395,5804,-1.947388,-6.947388,-9.447388,-11.947388,46.491959,0.849004,-1.947388,-2.200000,-63.169630,-12.175045,false,false,false,100.000000,26.289141,57.089605
TrendSlope20,slope_flat,trend_down,short,240m,DISCOVERY_REJECTED,32441,17055,-1.949035,-6.949035,-9.449035,-11.949035,45.997349,0.889394,-1.949035,-6.000000,-44.044412,-7.668349,false,false,false,44.275166,42.233154,60.603114
ETHContext60,eth_down_strong,range,short,30m,DISCOVERY_REJECTED,16679,12476,-1.954462,-6.954462,-9.454462,-11.954462,43.551772,0.794123,-1.954462,-3.800000,-17.917211,-8.452660,false,false,false,0.000000,66.278274,0.000000
ETHContext60,eth_down,compressed_down,long,120m,DISCOVERY_REJECTED,14985,12760,-1.959411,-6.959411,-9.459411,-11.959411,48.335002,0.851960,-1.959411,2.000000,-41.037766,-10.539871,false,false,false,0.000000,26.449891,100.000000
Return15,return15_up,trend_down,long,15m,DISCOVERY_REJECTED,2136,2111,-1.964947,-6.964947,-9.464947,-11.964947,45.177903,0.703469,-1.964947,0.000000,-20.497202,-13.208350,false,false,false,0.000000,47.098469,100.000000
VolumeRatio20,volume_ratio_low,trend_down,short,60m,DISCOVERY_REJECTED,40070,29660,-1.978063,-6.978063,-9.478063,-11.978063,42.942351,0.791392,-1.978063,-4.400000,-15.804082,-8.181766,false,false,false,0.000000,0.000000,0.000000
SessionUTC,us,range,long,120m,DISCOVERY_REJECTED,66624,31478,-1.980341,-6.980341,-9.480341,-11.980341,47.912164,0.859824,-1.980341,0.700000,-30.921532,-11.284985,false,false,false,0.000000,41.343414,0.000000
RealizedVol60,realized_vol_60_mid,compressed_down,short,15m,DISCOVERY_REJECTED,9381,6861,-1.992300,-6.992300,-9.492300,-11.992300,44.952564,0.785330,-1.992300,-3.400000,-20.964207,-9.080234,false,false,false,0.000000,57.439746,0.000000
CloseRelativeEMA20,below_ema20,trend_up,long,30m,DISCOVERY_REJECTED,1748,1700,-2.006009,-7.006009,-9.506009,-12.006009,44.679634,0.791160,-2.006009,-2.250000,-31.053133,-19.625634,false,false,false,73.152773,37.079255,0.000000
TrendSlope20,slope_down,compressed_up,short,240m,DISCOVERY_REJECTED,4016,3655,-2.022638,-7.022638,-9.522638,-12.022638,48.232072,0.900677,-2.022638,-0.300000,-53.269567,-45.648344,false,false,false,100.000000,23.389505,52.658639
TakerBuyRatio,taker_buy_heavy,trend_down,short,240m,DISCOVERY_REJECTED,21255,17602,-2.049151,-7.049151,-9.549151,-12.049151,45.697483,0.901083,-2.049151,-8.400000,-38.619686,-13.369420,false,false,false,0.000000,17.134921,64.753512
Return15,return15_up,compressed_down,long,30m,DISCOVERY_REJECTED,8811,8194,-2.049443,-7.049443,-9.549443,-12.049443,45.795029,0.757491,-2.049443,-0.300000,-20.238176,-8.636737,false,false,false,0.000000,53.619799,0.000000
TakerBuyRatio,taker_buy_heavy,compressed_down,short,240m,DISCOVERY_REJECTED,7157,6698,-2.060793,-7.060793,-9.560793,-12.060793,47.701551,0.907841,-2.060793,-2.500000,-80.447975,-12.233465,false,false,false,0.000000,29.106796,84.315149
CloseRelativeEMA20,below_ema20,compressed_down,long,30m,DISCOVERY_REJECTED,8958,8058,-2.068732,-7.068732,-9.568732,-12.068732,47.878991,0.781495,-2.068732,2.500000,-22.286021,-11.128313,false,false,false,0.000000,43.952673,0.000000
TrendSlope20,slope_down_strong,trend_down,short,240m,DISCOVERY_REJECTED,65376,32832,-2.068889,-7.068889,-9.568889,-12.068889,45.732379,0.893058,-2.068889,-6.800000,-37.162692,-1184.270227,false,false,false,0.000000,34.654065,54.805027
TakerBuyRatio,taker_balanced,compressed_up,short,30m,DISCOVERY_REJECTED,6687,6271,-2.074305,-7.074305,-9.574305,-12.074305,46.508150,0.744068,-2.074305,1.000000,-19.679504,-11.163341,false,false,false,0.000000,78.865091,0.000000
VolumeRatio20,volume_ratio_normal,compressed_up,short,240m,DISCOVERY_REJECTED,19087,16220,-2.090896,-7.090896,-9.590896,-12.090896,48.058888,0.896707,-2.090896,-0.200000,-36.819214,-12.226454,false,false,false,0.000000,36.094042,100.000000
SessionUTC,asia,compressed_down,short,60m,DISCOVERY_REJECTED,10318,7817,-2.095864,-7.095864,-9.595864,-12.095864,44.911805,0.806150,-2.095864,-2.600000,-34.557047,-11.456042,false,false,false,0.000000,52.781929,100.000000
SessionUTC,europe,compressed_down,long,30m,DISCOVERY_REJECTED,7860,6073,-2.101642,-7.101642,-9.601642,-12.101642,45.330789,0.721511,-2.101642,0.200000,-32.339498,-8.968778,false,false,false,0.000000,59.864471,0.000000
Return15,return15_down,compressed_down,long,120m,DISCOVERY_REJECTED,11217,10153,-2.102274,-7.102274,-9.602274,-12.102274,48.961398,0.869459,-2.102274,2.500000,-29.847876,-10.479968,false,false,false,0.000000,31.428508,56.629218
Return15,return15_up_strong,compressed_down,long,15m,DISCOVERY_REJECTED,918,888,-2.102865,-7.102865,-9.602865,-12.102865,47.821351,0.809716,-2.102865,0.100000,-59.612955,-17.633394,false,false,false,59.366218,26.483145,100.000000
CloseRelativeEMA20,above_ema20,trend_up,short,240m,DISCOVERY_REJECTED,54940,35721,-2.119557,-7.119557,-9.619557,-12.119557,49.470331,0.888520,-2.119557,3.600000,-43.354831,-11.538454,false,false,false,0.000000,34.428477,81.920238
ATRPct14,atr_pct_14_mid,compressed_down,short,240m,DISCOVERY_REJECTED,14955,11158,-2.149064,-7.149064,-9.649064,-12.149064,47.261785,0.925376,-2.149064,-7.500000,-78.195762,-12.783123,false,false,false,100.000000,31.397231,74.083898
Return15,return15_down,range,short,240m,DISCOVERY_REJECTED,68379,46101,-2.152725,-7.152725,-9.652725,-12.152725,47.829012,0.881269,-2.152725,-0.600000,-45.865180,-9.326154,false,false,false,0.000000,32.794951,52.648265
TakerBuyRatio,taker_balanced,trend_down,short,30m,DISCOVERY_REJECTED,15801,13594,-2.155422,-7.155422,-9.655422,-12.155422,41.320170,0.767006,-2.155422,-5.400000,-14.395261,-9.831669,false,false,false,0.000000,100.000000,0.000000
ETHContext60,eth_down_strong,trend_up,long,30m,DISCOVERY_REJECTED,1665,1438,-2.166716,-7.166716,-9.666716,-12.166716,43.483483,0.807268,-2.166716,-3.200000,-43.987868,-17.355400,false,false,false,100.000000,26.383272,80.766231
VolumeRatio20,volume_ratio_normal,range,short,240m,DISCOVERY_REJECTED,87721,59480,-2.170840,-7.170840,-9.670840,-12.170840,47.580397,0.886824,-2.170840,-1.700000,-46.455358,-9.207963,false,false,false,0.000000,34.575720,100.000000
CompositeRegime,trend_up,trend_up,short,240m,DISCOVERY_REJECTED,120660,57289,-2.187728,-7.187728,-9.687728,-12.187728,49.148019,0.885097,-2.187728,2.800000,-42.092697,-9.362390,false,false,false,0.000000,32.456306,100.000000
VolumeRatio20,volume_ratio_normal,trend_up,short,240m,DISCOVERY_REJECTED,45584,32228,-2.191049,-7.191049,-9.691049,-12.191049,49.346262,0.887952,-2.191049,3.300000,-46.320441,-10.390568,false,false,false,0.000000,30.238012,85.933711
TrendSlope20,slope_up_strong,compressed_up,short,60m,DISCOVERY_REJECTED,12648,10219,-2.199255,-7.199255,-9.699255,-12.199255,46.007274,0.780540,-2.199255,0.000000,-24.414560,-644.089969,false,false,false,0.000000,100.000000,0.000000
BTCContext60,btc_up_strong,trend_up,short,60m,DISCOVERY_REJECTED,17436,10827,-2.202377,-7.202377,-9.702377,-12.202377,50.275292,0.827116,-2.202377,5.450000,-31.626469,-9.421552,false,false,false,0.000000,32.944524,0.000000
BBWidthPctRank60,bb_width_low,range,short,120m,DISCOVERY_REJECTED,52222,39805,-2.215184,-7.215184,-9.715184,-12.215184,45.946153,0.818659,-2.215184,-1.600000,-21.026626,-8.506392,false,false,false,0.000000,100.000000,0.000000
TrendSlope20,slope_down,compressed_up,short,60m,DISCOVERY_REJECTED,4016,3655,-2.225355,-7.225355,-9.725355,-12.225355,47.808765,0.807261,-2.225355,1.450000,-24.410236,-157.237886,false,false,false,0.000000,37.069974,100.000000
Return15,return15_up,compressed_down,long,5m,DISCOVERY_REJECTED,8811,8194,-2.247112,-7.247112,-9.747112,-12.247112,39.677676,0.515626,-2.247112,-0.900000,-11.512301,-8.141257,false,false,false,0.000000,0.000000,0.000000
VolumeRatio20,volume_ratio_normal,trend_down,short,240m,DISCOVERY_REJECTED,43789,30955,-2.253256,-7.253256,-9.753256,-12.253256,45.837996,0.895236,-2.253256,-7.100000,-56.234632,-14.017242,false,false,false,0.000000,26.257380,74.169310
TrendSlope20,slope_down_strong,range,short,120m,DISCOVERY_REJECTED,63457,36606,-2.255069,-7.255069,-9.755069,-12.255069,45.985470,0.827611,-2.255069,-1.900000,-16.573360,-142.944201,false,false,false,0.000000,100.000000,0.000000
SessionUTC,asia,compressed_down,short,120m,DISCOVERY_REJECTED,10318,7817,-2.255170,-7.255170,-9.755170,-12.255170,45.939135,0.852191,-2.255170,-2.800000,-50.137554,-11.604114,false,false,false,0.000000,46.205712,58.944807
TrendSlope20,slope_down_strong,compressed_up,short,30m,DISCOVERY_REJECTED,9108,7921,-2.260509,-7.260509,-9.760509,-12.260509,43.412385,0.707777,-2.260509,-1.500000,-15.043172,-11.686567,false,false,false,100.000000,94.676230,0.000000
Return15,return15_up_strong,compressed_down,long,30m,DISCOVERY_REJECTED,918,888,-2.263474,-7.263474,-9.763474,-12.263474,47.385621,0.850022,-2.263474,-1.850000,-53.555548,-21.457498,false,false,false,39.803396,33.882426,50.937062
VolumeRatio20,volume_ratio_low,trend_down,short,120m,DISCOVERY_REJECTED,40070,29660,-2.287376,-7.287376,-9.787376,-12.287376,44.639381,0.840388,-2.287376,-5.100000,-27.384165,-10.856985,false,false,false,0.000000,34.470970,0.000000
TakerBuyRatio,taker_sell_heavy,range,short,240m,DISCOVERY_REJECTED,41900,34274,-2.289128,-7.289128,-9.789128,-12.289128,47.379475,0.889892,-2.289128,-2.600000,-43.606522,-10.616329,false,false,false,0.000000,45.257768,72.278107
BTCContext60,btc_down_strong,compressed_down,long,30m,DISCOVERY_REJECTED,9137,7263,-2.292188,-7.292188,-9.792188,-12.292188,47.444457,0.800217,-2.292188,1.000000,-29.481825,-10.157381,false,false,false,0.000000,42.366079,95.836635
Return15,return15_up_strong,trend_up,short,60m,DISCOVERY_REJECTED,27060,19225,-2.310612,-7.310612,-9.810612,-12.310612,50.861050,0.846480,-2.310612,6.800000,-19.414480,-9.527306,false,false,false,0.000000,52.269905,0.000000
ETHContext60,eth_down,trend_up,short,240m,DISCOVERY_REJECTED,11162,8904,-2.310732,-7.310732,-9.810732,-12.310732,49.453503,0.890219,-2.310732,3.600000,-57.208649,-19.846848,false,false,false,100.000000,22.223675,53.709000
TakerBuyRatio,taker_balanced,compressed_down,long,240m,DISCOVERY_REJECTED,5250,4978,-2.318146,-7.318146,-9.818146,-12.318146,48.800000,0.906170,-2.318146,0.800000,-43.435599,-15.628994,false,false,false,100.000000,41.396563,51.090409
BTCContext60,btc_up_strong,compressed_up,short,30m,DISCOVERY_REJECTED,12427,9282,-2.353313,-7.353313,-9.853313,-12.353313,46.873743,0.761402,-2.353313,0.900000,-21.176175,-10.664699,false,false,false,0.000000,100.000000,0.000000
CloseRelativeEMA20,below_ema20,compressed_down,long,240m,DISCOVERY_REJECTED,8958,8058,-2.365695,-7.365695,-9.865695,-12.365695,49.720920,0.909100,-2.365695,3.900000,-72.765830,-14.777670,false,false,false,59.146621,38.226732,76.697508
TrendSlope20,slope_down,range,short,120m,DISCOVERY_REJECTED,19673,14407,-2.369190,-7.369190,-9.869190,-12.369190,47.532151,0.847565,-2.369190,0.000000,-33.235574,-13.403686,false,false,false,0.000000,33.392586,100.000000
BTCContext60,btc_down_strong,range,short,60m,DISCOVERY_REJECTED,9567,7600,-2.373673,-7.373673,-9.873673,-12.373673,44.183130,0.854402,-2.373673,-7.600000,-37.739309,-13.420548,false,false,false,0.000000,35.168899,100.000000
SessionUTC,asia,trend_down,short,120m,DISCOVERY_REJECTED,33470,16334,-2.413479,-7.413479,-9.913479,-12.413479,43.866149,0.842107,-2.413479,-6.600000,-37.265166,-13.316347,false,false,false,0.000000,59.109448,100.000000
Return15,return15_down_strong,trend_down,short,60m,DISCOVERY_REJECTED,29259,20279,-2.415157,-7.415157,-9.915157,-12.415157,43.631020,0.859928,-2.415157,-10.400000,-27.513414,-13.554407,false,false,false,0.000000,30.673459,0.000000
Return15,return15_up,compressed_down,long,120m,DISCOVERY_REJECTED,8811,8194,-2.423208,-7.423208,-9.923208,-12.423208,47.633640,0.864578,-2.423208,-0.300000,-33.641402,-13.899665,false,false,false,100.000000,26.253037,100.000000
SessionUTC,europe,compressed_down,long,60m,DISCOVERY_REJECTED,7860,6073,-2.443079,-7.443079,-9.943079,-12.443079,46.844784,0.779650,-2.443079,0.600000,-32.416478,-11.167622,false,false,false,0.000000,31.965847,66.064137
CloseRelativeEMA20,above_ema20,compressed_down,short,60m,DISCOVERY_REJECTED,4917,4574,-2.466971,-7.466971,-9.966971,-12.466971,46.695139,0.827316,-2.466971,-1.300000,-24.943584,-11.630274,false,false,false,0.000000,32.739502,49.156159
ETHContext60,eth_down_strong,trend_up,short,240m,DISCOVERY_REJECTED,1665,1438,-2.487787,-7.487787,-9.987787,-12.487787,50.390390,0.915916,-2.487787,7.600000,-88.425516,-22.079769,false,false,false,100.000000,28.822077,42.304954
TakerBuyRatio,taker_buy_heavy_strong,compressed_down,long,120m,DISCOVERY_REJECTED,8318,7729,-2.497265,-7.497265,-9.997265,-12.497265,48.172638,0.838854,-2.497265,1.650000,-35.572695,-16.590103,false,false,false,100.000000,61.105949,84.862883
TrendSlope20,slope_up,compressed_up,short,240m,DISCOVERY_REJECTED,4673,4171,-2.514762,-7.514762,-10.014762,-12.514762,48.427135,0.895463,-2.514762,-0.400000,-42.610287,-19.018505,false,false,false,63.212088,30.661200,100.000000
VolumeRatio20,volume_ratio_high,trend_down,short,240m,DISCOVERY_REJECTED,33415,25511,-2.517126,-7.517126,-10.017126,-12.517126,45.928475,0.888913,-2.517126,-7.100000,-45.443407,-11.204426,false,false,false,0.000000,25.310188,100.000000
ATRPct14,atr_pct_14_mid,compressed_up,short,60m,DISCOVERY_REJECTED,15927,11173,-2.540581,-7.540581,-10.040581,-12.540581,47.447730,0.847601,-2.540581,-1.300000,-26.879770,-14.107007,false,false,false,0.000000,43.946841,0.000000
BTCContext60,btc_down_strong,compressed_down,long,240m,DISCOVERY_REJECTED,9137,7263,-2.560820,-7.560820,-10.060820,-12.560820,49.731859,0.915397,-2.560820,3.600000,-74.218841,-13.873273,false,false,false,0.000000,44.261895,71.742105
CompositeRegime,trend_down,trend_down,short,240m,DISCOVERY_REJECTED,117282,55506,-2.581119,-7.581119,-10.081119,-12.581119,45.886837,0.886562,-2.581119,-6.700000,-45.891732,-12.325539,false,false,false,0.000000,31.251601,88.694547
ATRPct14,atr_pct_14_mid,compressed_down,short,60m,DISCOVERY_REJECTED,14955,11158,-2.582517,-7.582517,-10.082517,-12.582517,46.298897,0.851559,-2.582517,-4.600000,-28.137259,-10.433915,false,false,false,0.000000,24.641525,100.000000
BBWidthPctRank60,bb_width_mid,trend_down,short,240m,DISCOVERY_REJECTED,54405,35906,-2.589870,-7.589870,-10.089870,-12.589870,46.023343,0.886237,-2.589870,-6.300000,-48.001577,-12.558753,false,false,false,0.000000,37.998327,84.315806
Return15,return15_up,trend_down,long,5m,DISCOVERY_REJECTED,2136,2111,-2.602143,-7.602143,-10.102143,-12.602143,40.121723,0.549142,-2.602143,-0.800000,-21.250767,-11.078429,false,false,false,0.000000,67.732348,100.000000
TrendSlope20,slope_down_strong,compressed_up,short,120m,DISCOVERY_REJECTED,9108,7921,-2.613139,-7.613139,-10.113139,-12.613139,46.003513,0.833787,-2.613139,-2.500000,-29.154566,-92.210904,false,false,false,0.000000,47.170887,0.000000
TrendSlope20,slope_down_strong,compressed_down,long,240m,DISCOVERY_REJECTED,9731,8341,-2.620348,-7.620348,-10.120348,-12.620348,48.905560,0.889105,-2.620348,2.200000,-46.116104,-17.312934,false,false,false,100.000000,18.033569,60.329005
ETHContext60,eth_up_strong,compressed_up,short,60m,DISCOVERY_REJECTED,15140,11284,-2.623547,-7.623547,-10.123547,-12.623547,47.192867,0.810153,-2.623547,0.250000,-29.509883,-10.787513,false,false,false,0.000000,44.142342,100.000000
TakerBuyRatio,taker_balanced,compressed_up,short,120m,DISCOVERY_REJECTED,6687,6271,-2.624951,-7.624951,-10.124951,-12.624951,47.659638,0.850419,-2.624951,-0.200000,-23.338587,-16.112805,false,false,false,100.000000,41.470299,100.000000
TrendSlope20,slope_down_strong,compressed_up,short,60m,DISCOVERY_REJECTED,9108,7921,-2.629564,-7.629564,-10.129564,-12.629564,45.180061,0.775158,-2.629564,-1.400000,-18.142204,-55.534530,false,false,false,0.000000,83.203514,0.000000
VolumeRatio20,volume_ratio_low,compressed_up,short,60m,DISCOVERY_REJECTED,18592,15813,-2.637727,-7.637727,-10.137727,-12.637727,46.460843,0.779931,-2.637727,0.000000,-22.414822,-10.191343,false,false,false,0.000000,100.000000,0.000000
TrendSlope20,slope_up_strong,trend_up,short,240m,DISCOVERY_REJECTED,68487,34304,-2.645284,-7.645284,-10.145284,-12.645284,48.461752,0.874005,-2.645284,1.100000,-22.978127,-234.965934,false,false,false,0.000000,29.426519,0.000000
SessionUTC,us,trend_down,long,240m,DISCOVERY_REJECTED,35007,17366,-2.664755,-7.664755,-10.164755,-12.664755,50.541320,0.893957,-2.664755,6.600000,-93.869565,-16.454886,false,false,false,100.000000,30.101214,31.610783
ETHContext60,eth_up,compressed_down,short,15m,DISCOVERY_REJECTED,1561,1464,-2.673666,-7.673666,-10.173666,-12.673666,44.074311,0.665330,-2.673666,0.000000,-68.279200,-18.181979,false,false,false,0.000000,61.796783,0.000000
TakerBuyRatio,taker_buy_heavy,range,short,240m,DISCOVERY_REJECTED,41156,33832,-2.682548,-7.682548,-10.182548,-12.682548,47.886092,0.884129,-2.682548,-0.800000,-39.637810,-9.902372,false,false,false,0.000000,42.056136,100.000000
CloseRelativeEMA20,above_ema20,compressed_up,short,60m,DISCOVERY_REJECTED,10988,9527,-2.686286,-7.686286,-10.186286,-12.686286,46.104842,0.806877,-2.686286,-1.600000,-29.902310,-13.045589,false,false,false,100.000000,66.623219,100.000000
TakerBuyRatio,taker_sell_heavy,trend_down,short,120m,DISCOVERY_REJECTED,21957,18023,-2.704523,-7.704523,-10.204523,-12.704523,44.650909,0.852225,-2.704523,-7.100000,-39.546586,-14.178123,false,false,false,0.000000,50.362032,100.000000
TakerBuyRatio,taker_balanced,trend_down,short,120m,DISCOVERY_REJECTED,15801,13594,-2.722637,-7.722637,-10.222637,-12.722637,44.465540,0.857576,-2.722637,-7.100000,-39.786658,-10.402595,false,false,false,0.000000,78.844664,100.000000
BBWidthPctRank60,bb_width_high,trend_up,short,240m,DISCOVERY_REJECTED,46994,34217,-2.739561,-7.739561,-10.239561,-12.739561,49.438226,0.880778,-2.739561,3.400000,-34.755306,-11.486611,false,false,false,0.000000,46.327540,100.000000
SessionUTC,late_us,range,short,240m,DISCOVERY_REJECTED,39572,18660,-2.750671,-7.750671,-10.250671,-12.750671,45.951683,0.870666,-2.750671,-4.900000,-74.452559,-15.856914,false,false,false,100.000000,19.262693,61.935417
ETHContext60,eth_down_strong,range,short,60m,DISCOVERY_REJECTED,16679,12476,-2.759645,-7.759645,-10.259645,-12.759645,44.612986,0.830874,-2.759645,-6.100000,-25.323486,-11.107591,false,false,false,0.000000,49.670895,100.000000
Return15,return15_up,trend_down,short,60m,DISCOVERY_REJECTED,2136,2111,-2.763640,-7.763640,-10.263640,-12.763640,44.288390,0.810039,-2.763640,-5.750000,-30.572734,-14.123701,false,false,false,0.000000,28.583739,0.000000
RealizedVol60,realized_vol_60_mid,trend_up,short,120m,DISCOVERY_REJECTED,15023,8195,-2.764909,-7.764909,-10.264909,-12.764909,50.988484,0.903876,-2.764909,9.100000,-36.399585,-18.706750,false,false,false,100.000000,19.884684,57.175602
BTCContext60,btc_up_strong,range,short,60m,DISCOVERY_REJECTED,10002,7967,-2.779481,-7.779481,-10.279481,-12.779481,46.450710,0.821756,-2.779481,-1.150000,-28.583816,-15.257704,false,false,false,0.000000,21.157521,100.000000
CloseRelativeEMA20,near_ema20,compressed_down,long,120m,DISCOVERY_REJECTED,22983,18922,-2.793488,-7.793488,-10.293488,-12.793488,48.000696,0.826269,-2.793488,1.500000,-25.401918,-13.874992,false,false,false,0.000000,57.553423,0.000000
VolumeRatio20,volume_ratio_high,trend_up,short,240m,DISCOVERY_REJECTED,36160,27339,-2.796997,-7.796997,-10.296997,-12.796997,49.164823,0.877922,-2.796997,2.900000,-48.392480,-11.583979,false,false,false,0.000000,34.130681,100.000000
TrendSlope20,slope_up_strong,compressed_up,short,240m,DISCOVERY_REJECTED,12648,10219,-2.814793,-7.814793,-10.314793,-12.814793,47.153700,0.877853,-2.814793,-2.600000,-40.377616,-718.547053,false,false,false,100.000000,21.975539,93.799826
BTCContext60,btc_up_strong,trend_down,short,30m,DISCOVERY_REJECTED,759,705,-2.817257,-7.817257,-10.317257,-12.817257,45.981555,0.788451,-2.817257,-3.000000,-50.124973,-14.519178,false,false,false,100.000000,48.174757,55.373354
TrendSlope20,slope_up,compressed_down,short,120m,DISCOVERY_REJECTED,3139,2893,-2.835218,-7.835218,-10.335218,-12.835218,46.862058,0.858265,-2.835218,-2.200000,-30.232214,-25.830684,false,false,false,66.240269,67.078744,100.000000
SessionUTC,late_us,range,short,120m,DISCOVERY_REJECTED,39572,18660,-2.841513,-7.841513,-10.341513,-12.841513,45.746993,0.814683,-2.841513,-2.300000,-44.164121,-12.773485,false,false,false,100.000000,41.338403,100.000000
ATRPct14,atr_pct_14_low,compressed_down,long,120m,DISCOVERY_REJECTED,22712,17912,-2.843926,-7.843926,-10.343926,-12.843926,47.917400,0.796910,-2.843926,1.600000,-24.978603,-11.932290,false,false,false,0.000000,25.448806,0.000000
VolumeRatio20,volume_ratio_low,compressed_down,long,240m,DISCOVERY_REJECTED,15215,13295,-2.846387,-7.846387,-10.346387,-12.846387,47.959251,0.890948,-2.846387,-0.900000,-36.757559,-12.145878,false,false,false,0.000000,51.748623,96.403159
BTCContext60,btc_up_strong,trend_down,short,60m,DISCOVERY_REJECTED,759,705,-2.861648,-7.861648,-10.361648,-12.861648,44.532279,0.837836,-2.861648,-3.600000,-79.486908,-16.286665,false,false,false,100.000000,54.414091,86.859690
SessionUTC,us,compressed_up,short,240m,DISCOVERY_REJECTED,15929,10923,-2.864002,-7.864002,-10.364002,-12.864002,47.837278,0.890676,-2.864002,-1.700000,-55.666593,-19.702241,false,false,false,0.000000,28.577462,65.880002
VolumeRatio20,volume_ratio_low,compressed_up,short,120m,DISCOVERY_REJECTED,18592,15813,-2.873436,-7.873436,-10.373436,-12.873436,46.729776,0.833807,-2.873436,-1.500000,-27.950886,-11.699654,false,false,false,0.000000,62.510113,0.000000
ATRPct14,atr_pct_14_high,range,long,5m,DISCOVERY_REJECTED,1007,761,-2.876882,-7.876882,-10.376882,-12.876882,47.864945,0.812257,-2.876882,-1.200000,-87.541021,-23.180272,false,false,false,80.401421,48.297596,62.803664
Return15,return15_flat,compressed_up,short,240m,DISCOVERY_REJECTED,20805,17343,-2.886601,-7.886601,-10.386601,-12.886601,47.373228,0.865420,-2.886601,-1.600000,-48.388884,-12.444781,false,false,false,0.000000,27.900682,100.000000
CloseRelativeEMA20,above_ema20,trend_down,long,5m,DISCOVERY_REJECTED,2094,2021,-2.889212,-7.889212,-10.389212,-12.889212,41.547278,0.594148,-2.889212,-2.000000,-20.411397,-12.113546,false,false,false,0.000000,84.914353,0.000000
Return15,return15_down,compressed_up,short,120m,DISCOVERY_REJECTED,10593,9639,-2.897739,-7.897739,-10.397739,-12.897739,47.068819,0.846941,-2.897739,-1.700000,-37.936161,-13.959408,false,false,false,0.000000,42.662044,0.000000
TrendSlope20,slope_down,compressed_up,short,120m,DISCOVERY_REJECTED,4016,3655,-2.912502,-7.912502,-10.412502,-12.912502,47.659363,0.845617,-2.912502,-0.200000,-30.503452,-86.545959,false,false,false,0.000000,26.387865,0.000000
BTCContext60,btc_up_strong,trend_up,short,120m,DISCOVERY_REJECTED,17436,10827,-2.981179,-7.981179,-10.481179,-12.981179,50.160587,0.856594,-2.981179,5.400000,-38.287550,-11.940915,false,false,false,0.000000,38.955816,100.000000
CloseRelativeEMA20,above_ema20_strong,trend_up,short,30m,DISCOVERY_REJECTED,12304,9129,-2.982839,-7.982839,-10.482839,-12.982839,50.674577,0.815412,-2.982839,6.500000,-18.899392,-10.871185,false,false,false,0.000000,53.016219,0.000000
CloseRelativeEMA20,below_ema20_strong,range,short,5m,DISCOVERY_REJECTED,6205,5393,-3.004478,-8.004478,-10.504478,-13.004478,40.419017,0.653801,-3.004478,-4.500000,-25.018790,-9.026877,false,false,false,0.000000,54.085949,0.000000
TakerBuyRatio,taker_sell_heavy,trend_up,short,240m,DISCOVERY_REJECTED,21621,17988,-3.011977,-8.011977,-10.511977,-13.011977,49.539799,0.880633,-3.011977,3.700000,-44.821008,-13.212710,false,false,false,0.000000,48.244933,90.194645
ATRPct14,atr_pct_14_mid,trend_down,short,120m,DISCOVERY_REJECTED,44654,24466,-3.021413,-8.021413,-10.521413,-13.021413,44.808976,0.877943,-3.021413,-11.200000,-41.422359,-14.538362,false,false,false,0.000000,37.553536,96.269539
TakerBuyRatio,taker_buy_heavy_strong,compressed_down,long,240m,DISCOVERY_REJECTED,8318,7729,-3.025969,-8.025969,-10.525969,-13.025969,48.076461,0.877639,-3.025969,0.000000,-41.040897,-21.651392,false,false,false,100.000000,47.610383,70.578651
VolumeRatio20,volume_ratio_low,trend_down,short,240m,DISCOVERY_REJECTED,40070,29660,-3.032663,-8.032663,-10.532663,-13.032663,45.894684,0.873535,-3.032663,-6.000000,-41.841986,-14.778375,false,false,false,0.000000,36.507322,100.000000
CloseRelativeEMA20,below_ema20,compressed_up,short,240m,DISCOVERY_REJECTED,5531,5079,-3.052045,-8.052045,-10.552045,-13.052045,48.888085,0.900284,-3.052045,0.000000,-71.659609,-17.767129,false,false,false,100.000000,30.717857,87.777741
TakerBuyRatio,taker_sell_heavy,compressed_down,short,240m,DISCOVERY_REJECTED,7551,7017,-3.077266,-8.077266,-10.577266,-13.077266,47.397696,0.896758,-3.077266,-3.900000,-81.700058,-26.462974,false,false,false,100.000000,46.741267,100.000000
BTCContext60,btc_down_strong,trend_up,short,30m,DISCOVERY_REJECTED,928,814,-3.105908,-8.105908,-10.605908,-13.105908,46.228448,0.815616,-3.105908,-0.400000,-95.926572,-26.396501,false,false,false,70.303229,29.259942,41.135603
Return15,return15_flat,compressed_down,long,240m,DISCOVERY_REJECTED,15786,13763,-3.107423,-8.107423,-10.607423,-13.107423,47.643482,0.866657,-3.107423,-0.500000,-36.771927,-12.462605,false,false,false,0.000000,33.371786,65.970689
SessionUTC,europe,compressed_down,long,240m,DISCOVERY_REJECTED,7860,6073,-3.129713,-8.129713,-10.629713,-13.129713,45.928753,0.887798,-3.129713,-6.750000,-81.961450,-27.868879,false,false,false,100.000000,18.069021,61.116190
RealizedVol60,realized_vol_60_mid,compressed_up,short,30m,DISCOVERY_REJECTED,9772,6723,-3.160615,-8.160615,-10.660615,-13.160615,47.789603,0.802458,-3.160615,0.400000,-28.804608,-14.822488,false,false,false,0.000000,40.178557,0.000000
TakerBuyRatio,taker_buy_heavy,compressed_down,short,120m,DISCOVERY_REJECTED,7157,6698,-3.163033,-8.163033,-10.663033,-13.163033,46.751432,0.854524,-3.163033,-2.100000,-56.219889,-14.402661,false,false,false,0.000000,39.277390,83.013356
TakerBuyRatio,taker_balanced,trend_up,short,240m,DISCOVERY_REJECTED,15926,13764,-3.176000,-8.176000,-10.676000,-13.176000,49.277910,0.879604,-3.176000,2.800000,-41.570866,-14.081929,false,false,false,100.000000,31.560826,100.000000
ETHContext60,eth_down_strong,trend_up,long,120m,DISCOVERY_REJECTED,1665,1438,-3.188352,-8.188352,-10.688352,-13.188352,46.366366,0.881443,-3.188352,-5.600000,-74.332851,-26.806682,false,false,false,0.000000,21.763860,72.602708
SessionUTC,europe,compressed_up,long,240m,DISCOVERY_REJECTED,10335,7460,-3.257628,-8.257628,-10.757628,-13.257628,45.524915,0.879190,-3.257628,-7.500000,-47.618019,-14.004082,false,false,false,100.000000,25.234944,73.724532
SessionUTC,asia,compressed_up,short,30m,DISCOVERY_REJECTED,13062,9148,-3.296391,-8.296391,-10.796391,-13.296391,43.576788,0.666975,-3.296391,-1.200000,-16.061986,-10.954534,false,false,false,0.000000,100.000000,0.000000
TakerBuyRatio,taker_sell_heavy,compressed_down,short,120m,DISCOVERY_REJECTED,7551,7017,-3.352465,-8.352465,-10.852465,-13.352465,46.470666,0.850860,-3.352465,-3.300000,-37.688970,-15.017042,false,false,false,100.000000,45.884316,100.000000
TakerBuyRatio,taker_buy_heavy,trend_up,short,240m,DISCOVERY_REJECTED,22883,18806,-3.356758,-8.356758,-10.856758,-13.356758,49.062623,0.875974,-3.356758,2.400000,-37.278875,-15.375101,false,false,false,0.000000,33.051258,100.000000
RealizedVol60,realized_vol_60_low,compressed_down,long,120m,DISCOVERY_REJECTED,28359,21606,-3.364702,-8.364702,-10.864702,-13.364702,47.900138,0.805697,-3.364702,1.200000,-24.413711,-12.835370,false,false,false,0.000000,53.240566,0.000000
SessionUTC,late_us,trend_down,short,30m,DISCOVERY_REJECTED,18635,9488,-3.382209,-8.382209,-10.882209,-13.382209,39.522404,0.695864,-3.382209,-5.300000,-19.563876,-9.982909,false,false,false,0.000000,100.000000,0.000000
ETHContext60,eth_down_strong,trend_down,short,60m,DISCOVERY_REJECTED,28667,16397,-3.382655,-8.382655,-10.882655,-13.382655,42.616946,0.830289,-3.382655,-10.600000,-32.565372,-12.052500,false,false,false,0.000000,33.072796,80.764152
ATRPct14,atr_pct_14_mid,range,short,120m,DISCOVERY_REJECTED,68277,38332,-3.397927,-8.397927,-10.897927,-13.397927,47.071488,0.871133,-3.397927,-4.600000,-30.393228,-13.031313,false,false,false,0.000000,40.161685,0.000000
BBWidthPctRank60,bb_width_low,range,short,240m,DISCOVERY_REJECTED,52222,39805,-3.404282,-8.404282,-10.904282,-13.404282,46.756156,0.852784,-3.404282,-2.800000,-43.755757,-11.609803,false,false,false,0.000000,48.749273,93.296095
TakerBuyRatio,taker_balanced,compressed_up,short,60m,DISCOVERY_REJECTED,6687,6271,-3.440122,-8.440122,-10.940122,-13.440122,47.255870,0.780820,-3.440122,0.700000,-23.279003,-20.094589,false,false,false,100.000000,45.759404,0.000000
BBWidthPctRank60,bb_width_high,trend_down,short,240m,DISCOVERY_REJECTED,48250,34344,-3.452668,-8.452668,-10.952668,-13.452668,45.486010,0.880203,-3.452668,-8.400000,-44.581854,-12.407685,false,false,false,0.000000,46.134721,59.986607
SessionUTC,late_us,trend_down,short,60m,DISCOVERY_REJECTED,18635,9488,-3.469830,-8.469830,-10.969830,-13.469830,41.996244,0.761489,-3.469830,-6.200000,-28.268066,-10.545891,false,false,false,0.000000,56.712719,100.000000
TakerBuyRatio,taker_buy_heavy,compressed_up,short,240m,DISCOVERY_REJECTED,8839,8142,-3.483762,-8.483762,-10.983762,-13.483762,47.686390,0.881324,-3.483762,-1.500000,-46.401292,-24.644759,false,false,false,60.827423,33.294770,0.000000
Return15,return15_up_strong,compressed_up,short,120m,DISCOVERY_REJECTED,1271,1178,-3.517469,-8.517469,-11.017469,-13.517469,46.970889,0.903243,-3.517469,-8.200000,-105.864782,-52.973351,false,false,false,72.166829,42.575156,97.589985
TakerBuyRatio,taker_buy_heavy_strong,compressed_up,short,60m,DISCOVERY_REJECTED,11361,10313,-3.526791,-8.526791,-11.026791,-13.526791,45.207288,0.734126,-3.526791,-0.700000,-23.828562,-10.301267,false,false,false,0.000000,52.623408,0.000000
TrendSlope20,slope_down,trend_down,short,120m,DISCOVERY_REJECTED,19465,12644,-3.565014,-8.565014,-11.065014,-13.565014,44.901105,0.843661,-3.565014,-5.700000,-44.645226,-25.357545,false,false,false,82.533618,41.977191,100.000000
CloseRelativeEMA20,below_ema20_strong,trend_down,short,60m,DISCOVERY_REJECTED,13207,9671,-3.567784,-8.567784,-11.067784,-13.567784,42.992353,0.864499,-3.567784,-15.100000,-37.333304,-20.018302,false,false,false,0.000000,44.116393,100.000000
TrendSlope20,slope_up,trend_up,short,240m,DISCOVERY_REJECTED,18838,12454,-3.583736,-8.583736,-11.083736,-13.583736,49.851364,0.881688,-3.583736,4.400000,-56.107718,-11.354465,false,false,false,100.000000,39.393566,60.391376
SessionUTC,late_us,trend_down,short,120m,DISCOVERY_REJECTED,18635,9488,-3.590115,-8.590115,-11.090115,-13.590115,42.849477,0.822951,-3.590115,-8.900000,-44.548971,-14.310087,false,false,false,100.000000,36.740366,68.747055
Return15,return15_up,compressed_down,long,240m,DISCOVERY_REJECTED,8811,8194,-3.623030,-8.623030,-11.123030,-13.623030,48.416752,0.887711,-3.623030,0.000000,-48.416351,-13.406677,false,false,false,0.000000,37.387782,87.459337
TrendSlope20,slope_down,compressed_down,long,120m,DISCOVERY_REJECTED,3761,3427,-3.656766,-8.656766,-11.156766,-13.656766,48.417974,0.847617,-3.656766,1.400000,-62.702757,-88.367081,false,false,false,34.553086,34.223502,85.634749
Return15,return15_up_strong,compressed_up,short,15m,DISCOVERY_REJECTED,1271,1178,-3.684885,-8.684885,-11.184885,-13.684885,47.206924,0.765107,-3.684885,0.000000,-37.551840,-15.915464,false,false,false,0.000000,25.586712,53.242815
TakerBuyRatio,taker_buy_heavy_strong,compressed_up,short,120m,DISCOVERY_REJECTED,11361,10313,-3.733582,-8.733582,-11.233582,-13.733582,46.281137,0.803607,-3.733582,-1.600000,-24.524727,-13.190067,false,false,false,0.000000,54.471038,0.000000
BTCContext60,btc_down,trend_down,short,120m,DISCOVERY_REJECTED,43741,28130,-3.746715,-8.746715,-11.246715,-13.746715,43.533527,0.815834,-3.746715,-7.800000,-29.098948,-11.288017,false,false,false,0.000000,55.858038,100.000000
BBWidthPctRank60,bb_width_low,compressed_up,short,240m,DISCOVERY_REJECTED,47721,32604,-3.747518,-8.747518,-11.247518,-13.747518,47.522055,0.870984,-3.747518,-2.000000,-46.756575,-11.487230,false,false,false,0.000000,34.139898,100.000000
CompositeRegime,compressed_up,compressed_up,short,240m,DISCOVERY_REJECTED,47721,32604,-3.747518,-8.747518,-11.247518,-13.747518,47.522055,0.870984,-3.747518,-2.000000,-46.756575,-11.487230,false,false,false,0.000000,34.139898,100.000000
TakerBuyRatio,taker_buy_heavy_strong,compressed_up,short,240m,DISCOVERY_REJECTED,11361,10313,-3.774330,-8.774330,-11.274330,-13.774330,47.187748,0.860396,-3.774330,-2.500000,-49.525093,-14.995600,false,false,false,0.000000,30.999673,85.471684
SessionUTC,us,compressed_down,long,120m,DISCOVERY_REJECTED,13459,9794,-3.854716,-8.854716,-11.354716,-13.854716,48.822349,0.845816,-3.854716,2.200000,-51.204359,-14.889559,false,false,false,0.000000,25.961889,56.863546
CloseRelativeEMA20,above_ema20,trend_down,short,30m,DISCOVERY_REJECTED,2094,2021,-3.871890,-8.871890,-11.371890,-13.871890,42.120344,0.767618,-3.871890,-7.750000,-37.720481,-13.252010,false,false,false,100.000000,71.805564,84.387187
TakerBuyRatio,taker_sell_heavy_strong,compressed_down,long,120m,DISCOVERY_REJECTED,9624,8842,-3.883086,-8.883086,-11.383086,-13.883086,48.389443,0.817269,-3.883086,1.900000,-48.022999,-13.772806,false,false,false,0.000000,32.596949,52.327035
Return15,return15_down_strong,range,short,120m,DISCOVERY_REJECTED,16644,13830,-3.919754,-8.919754,-11.419754,-13.919754,47.374429,0.863024,-3.919754,-3.300000,-29.805507,-12.170776,false,false,false,0.000000,22.653839,0.000000
RealizedVol60,realized_vol_60_mid,compressed_down,short,60m,DISCOVERY_REJECTED,9381,6861,-3.927429,-8.927429,-11.427429,-13.927429,46.913975,0.845870,-3.927429,-4.700000,-33.485829,-15.388822,false,false,false,0.000000,24.669120,100.000000
BTCContext60,btc_up_strong,trend_down,short,15m,DISCOVERY_REJECTED,759,705,-3.931348,-8.931348,-11.431348,-13.931348,41.370224,0.680405,-3.931348,-4.100000,-46.660373,-17.311103,false,false,false,0.000000,75.929697,100.000000
Return15,return15_down,compressed_up,short,240m,DISCOVERY_REJECTED,10593,9639,-3.956432,-8.956432,-11.456432,-13.956432,47.739073,0.877052,-3.956432,-2.900000,-69.847638,-17.596421,false,false,false,0.000000,31.012049,100.000000
TrendSlope20,slope_down_strong,range,short,240m,DISCOVERY_REJECTED,63457,36606,-3.959468,-8.959468,-11.459468,-13.959468,46.814378,0.851674,-3.959468,-2.800000,-34.069853,-80.339756,false,false,false,0.000000,41.409074,100.000000
ATRPct14,atr_pct_14_mid,trend_up,short,240m,DISCOVERY_REJECTED,39048,22034,-3.976738,-8.976738,-11.476738,-13.976738,50.089633,0.895943,-3.976738,5.400000,-44.441766,-14.949767,false,false,false,0.000000,28.314766,81.674976
ATRPct14,atr_pct_14_high,trend_up,short,5m,DISCOVERY_REJECTED,755,487,-4.032412,-9.032412,-11.532412,-14.032412,49.271523,0.817848,-4.032412,3.500000,-108.668073,-23.433451,false,false,false,69.273530,22.002112,55.041849
Return15,return15_down,compressed_down,long,240m,DISCOVERY_REJECTED,11217,10153,-4.043675,-9.043675,-11.543675,-14.043675,49.389320,0.882247,-4.043675,3.000000,-66.450623,-14.711918,false,false,false,100.000000,39.210116,51.638156
SessionUTC,late_us,trend_up,short,120m,DISCOVERY_REJECTED,20591,10345,-4.078338,-9.078338,-11.578338,-14.078338,49.069982,0.791048,-4.078338,3.300000,-44.726489,-16.258636,false,false,false,0.000000,32.607069,49.063460
SessionUTC,us,trend_up,short,240m,DISCOVERY_REJECTED,32725,16493,-4.080539,-9.080539,-11.580539,-14.080539,48.788388,0.871608,-4.080539,1.600000,-31.608294,-12.425670,false,false,false,0.000000,27.836877,0.000000
CloseRelativeEMA20,below_ema20_strong,range,short,15m,DISCOVERY_REJECTED,6205,5393,-4.109922,-9.109922,-11.609922,-14.109922,42.820306,0.726118,-4.109922,-6.600000,-36.536186,-11.869541,false,false,false,0.000000,31.172150,0.000000
CloseRelativeEMA20,above_ema20_strong,range,short,30m,DISCOVERY_REJECTED,7404,6323,-4.116314,-9.116314,-11.616314,-14.116314,47.757969,0.790510,-4.116314,1.100000,-34.593144,-18.154981,false,false,false,0.000000,34.617536,100.000000
Return15,return15_up_strong,trend_up,short,120m,DISCOVERY_REJECTED,27060,19225,-4.148362,-9.148362,-11.648362,-14.148362,50.476718,0.858194,-4.148362,6.400000,-25.887118,-13.363373,false,false,false,0.000000,36.585630,100.000000
SessionUTC,asia,trend_up,short,120m,DISCOVERY_REJECTED,36588,17818,-4.152418,-9.152418,-11.652418,-14.152418,47.146605,0.779519,-4.152418,0.000000,-40.856635,-10.982020,false,false,false,0.000000,28.250991,0.000000
CloseRelativeEMA20,below_ema20_strong,compressed_down,short,5m,DISCOVERY_REJECTED,686,645,-4.201607,-9.201607,-11.701607,-14.201607,41.107872,0.704753,-4.201607,-6.800000,-35.505271,-22.814188,false,false,false,100.000000,68.996364,64.183554
ETHContext60,eth_up,compressed_down,long,120m,DISCOVERY_REJECTED,1561,1464,-4.272670,-9.272670,-11.772670,-14.272670,46.380525,0.852100,-4.272670,-3.900000,-162.199596,-26.773371,false,false,false,100.000000,52.359216,83.320751
BTCContext60,btc_up_strong,trend_down,short,5m,DISCOVERY_REJECTED,759,705,-4.305162,-9.305162,-11.805162,-14.305162,38.866930,0.524035,-4.305162,-3.800000,-40.640477,-14.467414,false,false,false,0.000000,45.210190,0.000000
TrendSlope20,slope_flat,compressed_up,short,240m,DISCOVERY_REJECTED,17276,12403,-4.328028,-9.328028,-11.828028,-14.328028,47.673072,0.866719,-4.328028,-1.700000,-92.758666,-16.018201,false,false,false,100.000000,27.046646,100.000000
CloseRelativeEMA20,above_ema20_strong,compressed_up,short,5m,DISCOVERY_REJECTED,778,699,-4.345418,-9.345418,-11.845418,-14.345418,47.043702,0.693467,-4.345418,2.200000,-48.610006,-26.603551,false,false,false,100.000000,51.507250,73.353805
Return15,return15_up_strong,compressed_up,short,5m,DISCOVERY_REJECTED,1271,1178,-4.386930,-9.386930,-11.886930,-14.386930,44.531865,0.648756,-4.386930,-1.000000,-26.884878,-13.525690,false,false,false,0.000000,35.616759,0.000000
SessionUTC,europe,trend_up,long,120m,DISCOVERY_REJECTED,30756,15080,-4.474389,-9.474389,-11.974389,-14.474389,43.090779,0.786951,-4.474389,-7.000000,-29.450608,-14.686845,false,false,false,0.000000,57.752090,0.000000
Return15,return15_down,trend_up,short,120m,DISCOVERY_REJECTED,2286,2245,-4.497401,-9.497401,-11.997401,-14.497401,47.025372,0.826177,-4.497401,-2.750000,-56.579055,-22.364924,false,false,false,79.046383,22.138453,82.397268
RealizedVol60,realized_vol_60_mid,compressed_up,short,120m,DISCOVERY_REJECTED,9772,6723,-4.503600,-9.503600,-12.003600,-14.503600,47.277937,0.875618,-4.503600,-4.500000,-43.877657,-27.759760,false,false,false,100.000000,18.072971,0.000000
SessionUTC,late_us,compressed_down,short,60m,DISCOVERY_REJECTED,6263,4772,-4.516025,-9.516025,-12.016025,-14.516025,43.828836,0.736241,-4.516025,-4.200000,-33.245179,-14.797761,false,false,false,0.000000,41.800026,59.782979
BTCContext60,btc_up_strong,compressed_up,short,60m,DISCOVERY_REJECTED,12427,9282,-4.526918,-9.526918,-12.026918,-14.526918,47.783053,0.780447,-4.526918,0.700000,-27.586907,-15.893827,false,false,false,0.000000,42.382850,0.000000
Return15,return15_up,trend_down,short,120m,DISCOVERY_REJECTED,2136,2111,-4.547461,-9.547461,-12.047461,-14.547461,45.271536,0.832178,-4.547461,-9.400000,-41.125275,-18.430709,false,false,false,97.788712,23.569780,100.000000
TrendSlope20,slope_up,compressed_down,short,240m,DISCOVERY_REJECTED,3139,2893,-4.577572,-9.577572,-12.077572,-14.577572,47.562918,0.875779,-4.577572,-3.000000,-56.862869,-34.146195,false,false,false,75.348676,40.552723,100.000000
ATRPct14,atr_pct_14_high,range,short,15m,DISCOVERY_REJECTED,1007,761,-4.597425,-9.597425,-12.097425,-14.597425,44.786495,0.843422,-4.597425,-10.600000,-94.294228,-57.895020,false,false,false,74.563643,42.558401,72.332121
CloseRelativeEMA20,above_ema20_strong,trend_up,short,60m,DISCOVERY_REJECTED,12304,9129,-4.608427,-9.608427,-12.108427,-14.608427,51.389792,0.831807,-4.608427,8.250000,-29.315800,-12.511936,false,false,false,0.000000,24.078127,0.000000
SessionUTC,asia,range,short,120m,DISCOVERY_REJECTED,70306,31991,-4.639366,-9.639366,-12.139366,-14.639366,45.024607,0.774062,-4.639366,-3.900000,-31.754664,-10.832865,false,false,false,0.000000,100.000000,0.000000
ETHContext60,eth_up_strong,compressed_up,short,120m,DISCOVERY_REJECTED,15140,11284,-4.657503,-9.657503,-12.157503,-14.657503,47.173052,0.823376,-4.657503,-1.700000,-38.720010,-13.781616,false,false,false,0.000000,41.169569,100.000000
RealizedVol60,realized_vol_60_mid,trend_down,short,60m,DISCOVERY_REJECTED,18013,9618,-4.721905,-9.721905,-12.221905,-14.721905,43.318714,0.850583,-4.721905,-16.100000,-33.798702,-23.943911,false,false,false,0.000000,27.838258,74.314977
BTCContext60,btc_down,trend_down,short,240m,DISCOVERY_REJECTED,43741,28130,-4.783592,-9.783592,-12.283592,-14.783592,45.264169,0.854757,-4.783592,-8.600000,-41.317859,-13.930030,false,false,false,0.000000,37.181033,100.000000
TrendSlope20,slope_down,range,short,240m,DISCOVERY_REJECTED,19673,14407,-4.810046,-9.810046,-12.310046,-14.810046,48.365781,0.858171,-4.810046,0.000000,-63.842533,-33.344777,false,false,false,100.000000,28.235526,100.000000
CloseRelativeEMA20,above_ema20,compressed_down,short,240m,DISCOVERY_REJECTED,4917,4574,-4.812325,-9.812325,-12.312325,-14.812325,47.264592,0.884160,-4.812325,-3.600000,-55.723732,-20.815907,false,false,false,100.000000,25.416251,63.199398
ETHContext60,eth_up_strong,range,short,120m,DISCOVERY_REJECTED,17543,13106,-4.846411,-9.846411,-12.346411,-14.846411,47.090007,0.824716,-4.846411,-2.400000,-37.670120,-14.954598,false,false,false,0.000000,53.832119,100.000000
SessionUTC,europe,compressed_down,long,120m,DISCOVERY_REJECTED,7860,6073,-4.923506,-9.923506,-12.423506,-14.923506,46.170483,0.799644,-4.923506,-2.250000,-46.950082,-20.164872,false,false,false,0.000000,26.324307,46.614856
SessionUTC,late_us,trend_down,short,240m,DISCOVERY_REJECTED,18635,9488,-4.948726,-9.948726,-12.448726,-14.948726,42.387980,0.853308,-4.948726,-16.900000,-55.391572,-23.402718,false,false,false,100.000000,36.145818,78.507091
CloseRelativeEMA20,near_ema20,compressed_down,long,240m,DISCOVERY_REJECTED,22983,18922,-4.967037,-9.967037,-12.467037,-14.967037,47.765740,0.845452,-4.967037,-0.500000,-43.727295,-19.249940,false,false,false,0.000000,36.011357,100.000000
TakerBuyRatio,taker_sell_heavy_strong,compressed_down,long,240m,DISCOVERY_REJECTED,9624,8842,-5.006546,-10.006546,-12.506546,-15.006546,48.181629,0.853133,-5.006546,0.000000,-62.868016,-22.043567,false,false,false,0.000000,27.093748,42.820657
SessionUTC,asia,compressed_up,short,120m,DISCOVERY_REJECTED,13062,9148,-5.031313,-10.031313,-12.531313,-15.031313,45.268718,0.783231,-5.031313,-4.300000,-32.152877,-12.533530,false,false,false,0.000000,59.877688,100.000000
CloseRelativeEMA20,above_ema20,compressed_down,short,120m,DISCOVERY_REJECTED,4917,4574,-5.078067,-10.078067,-12.578067,-15.078067,47.203579,0.839627,-5.078067,-2.500000,-45.855687,-21.811989,false,false,false,0.000000,36.506749,70.895259
RealizedVol60,realized_vol_60_mid,compressed_up,short,60m,DISCOVERY_REJECTED,9772,6723,-5.081394,-10.081394,-12.581394,-15.081394,47.073271,0.823567,-5.081394,-2.600000,-31.719693,-17.705104,false,false,false,0.000000,25.706315,0.000000
SessionUTC,late_us,trend_up,short,240m,DISCOVERY_REJECTED,20591,10345,-5.092985,-10.092985,-12.592985,-15.092985,49.745034,0.835664,-5.092985,4.600000,-88.870347,-18.979855,false,false,false,100.000000,52.118972,52.183694
Return15,return15_up_strong,compressed_down,long,5m,DISCOVERY_REJECTED,918,888,-5.098068,-10.098068,-12.598068,-15.098068,40.413943,0.613517,-5.098068,-5.550000,-37.658741,-14.794363,false,false,false,0.000000,49.763050,53.103217
TakerBuyRatio,taker_balanced,trend_down,short,240m,DISCOVERY_REJECTED,15801,13594,-5.110466,-10.110466,-12.610466,-15.110466,45.819885,0.867021,-5.110466,-8.700000,-52.498804,-16.406738,false,false,false,0.000000,47.279160,71.268806
BTCContext60,btc_up,trend_down,long,120m,DISCOVERY_REJECTED,9157,7754,-5.135351,-10.135351,-12.635351,-15.135351,48.771432,0.794319,-5.135351,2.200000,-51.460890,-13.971786,false,false,false,0.000000,33.937815,100.000000
ATRPct14,atr_pct_14_low,compressed_down,long,240m,DISCOVERY_REJECTED,22712,17912,-5.210648,-10.210648,-12.710648,-15.210648,47.362628,0.818860,-5.210648,-1.200000,-43.700376,-17.280422,false,false,false,0.000000,36.278628,47.311335
Return15,return15_down_strong,trend_down,short,120m,DISCOVERY_REJECTED,29259,20279,-5.261435,-10.261435,-12.761435,-15.261435,44.235962,0.855835,-5.261435,-12.900000,-45.336489,-18.339620,false,false,false,0.000000,47.099775,73.173753
TrendSlope20,slope_down_strong,compressed_up,short,240m,DISCOVERY_REJECTED,9108,7921,-5.334695,-10.334695,-12.834695,-15.334695,46.969697,0.842433,-5.334695,-3.400000,-59.308065,-170.995880,false,false,false,0.000000,23.651632,100.000000
TrendSlope20,slope_down,trend_down,short,240m,DISCOVERY_REJECTED,19465,12644,-5.354970,-10.354970,-12.854970,-15.354970,46.221423,0.863670,-5.354970,-7.300000,-72.830610,-26.841914,false,false,false,96.502968,29.572203,100.000000
SessionUTC,asia,compressed_up,short,60m,DISCOVERY_REJECTED,13062,9148,-5.368855,-10.368855,-12.868855,-15.368855,43.990201,0.697361,-5.368855,-3.100000,-23.025010,-13.242361,false,false,false,0.000000,100.000000,0.000000
TakerBuyRatio,taker_sell_heavy,trend_down,short,240m,DISCOVERY_REJECTED,21957,18023,-5.397970,-10.397970,-12.897970,-15.397970,45.356834,0.857912,-5.397970,-8.400000,-63.554041,-19.347771,false,false,false,0.000000,37.503520,100.000000
ETHContext60,eth_down_strong,compressed_down,short,240m,DISCOVERY_REJECTED,11580,9296,-5.398041,-10.398041,-12.898041,-15.398041,47.046632,0.880605,-5.398041,-5.750000,-103.693152,-17.561315,false,false,false,0.000000,32.140437,71.620006
ETHContext60,eth_up_strong,trend_up,short,240m,DISCOVERY_REJECTED,25344,15253,-5.446861,-10.446861,-12.946861,-15.446861,48.942551,0.856932,-5.446861,1.600000,-46.622856,-12.567913,false,false,false,0.000000,32.437400,0.000000
Return15,return15_down,trend_up,short,240m,DISCOVERY_REJECTED,2286,2245,-5.511281,-10.511281,-13.011281,-15.511281,47.856518,0.860040,-5.511281,-2.000000,-57.755131,-26.613114,false,false,false,88.938833,29.780804,56.362482
Return15,return15_up_strong,range,short,120m,DISCOVERY_REJECTED,19019,15548,-5.539334,-10.539334,-13.039334,-15.539334,46.195909,0.844614,-5.539334,-6.100000,-43.190358,-17.652054,false,false,false,0.000000,35.477394,76.597304
BTCContext60,btc_up_strong,compressed_up,short,120m,DISCOVERY_REJECTED,12427,9282,-5.561348,-10.561348,-13.061348,-15.561348,47.437032,0.818719,-5.561348,-1.600000,-34.356334,-16.080320,false,false,false,0.000000,32.245193,0.000000
SessionUTC,late_us,compressed_down,short,240m,DISCOVERY_REJECTED,6263,4772,-5.574395,-10.574395,-13.074395,-15.574395,45.840651,0.849611,-5.574395,-6.000000,-93.670740,-31.948378,false,false,false,100.000000,34.918724,87.318356
SessionUTC,europe,range,long,240m,DISCOVERY_REJECTED,61231,27836,-5.584769,-10.584769,-13.084769,-15.584769,45.903219,0.835732,-5.584769,-6.400000,-50.681063,-15.825334,false,false,false,0.000000,58.251104,0.000000
CloseRelativeEMA20,above_ema20,compressed_up,short,240m,DISCOVERY_REJECTED,10988,9527,-5.688611,-10.688611,-13.188611,-15.688611,47.124135,0.861540,-5.688611,-4.400000,-67.133054,-22.136643,false,false,false,0.000000,42.734260,86.157873
BTCContext60,btc_down_strong,range,short,240m,DISCOVERY_REJECTED,9567,7600,-5.694398,-10.694398,-13.194398,-15.694398,45.928713,0.879952,-5.694398,-9.300000,-64.134218,-18.370275,false,false,false,53.804587,23.889894,73.685844
Return15,return15_down_strong,compressed_down,short,15m,DISCOVERY_REJECTED,1168,1104,-5.812327,-10.812327,-13.312327,-15.812327,44.178082,0.744557,-5.812327,-6.850000,-37.455759,-20.645452,false,false,false,0.000000,35.361856,83.214503
ETHContext60,eth_down_strong,trend_down,short,120m,DISCOVERY_REJECTED,28667,16397,-6.055041,-11.055041,-13.555041,-16.055041,43.789026,0.835107,-6.055041,-12.100000,-54.251249,-16.846848,false,false,false,0.000000,40.939115,95.707826
ATRPct14,atr_pct_14_mid,range,short,240m,DISCOVERY_REJECTED,68277,38332,-6.059458,-11.059458,-13.559458,-16.059458,47.338049,0.877124,-6.059458,-6.600000,-53.249601,-18.875957,false,false,false,0.000000,38.174945,88.309213
TakerBuyRatio,taker_balanced,compressed_up,short,240m,DISCOVERY_REJECTED,6687,6271,-6.205930,-11.205930,-13.705930,-16.205930,47.629729,0.849395,-6.205930,-3.000000,-64.898938,-27.401334,false,false,false,100.000000,30.105677,100.000000
ETHContext60,eth_down_strong,range,short,120m,DISCOVERY_REJECTED,16679,12476,-6.211129,-11.211129,-13.711129,-16.211129,44.954733,0.823338,-6.211129,-8.500000,-40.460409,-16.771482,false,false,false,0.000000,37.871839,0.000000
BTCContext60,btc_up,trend_down,long,240m,DISCOVERY_REJECTED,9157,7754,-6.342305,-11.342305,-13.842305,-16.342305,48.258163,0.835172,-6.342305,-1.300000,-119.015126,-23.596304,false,false,false,0.000000,34.719165,78.843573
TakerBuyRatio,taker_sell_heavy,compressed_up,short,240m,DISCOVERY_REJECTED,9060,8314,-6.451872,-11.451872,-13.951872,-16.451872,47.549669,0.844091,-6.451872,-2.800000,-48.791501,-24.958266,false,false,false,0.000000,49.524748,0.000000
BTCContext60,btc_down_strong,trend_up,short,60m,DISCOVERY_REJECTED,928,814,-6.524005,-11.524005,-14.024005,-16.524005,49.030172,0.800812,-6.524005,3.450000,-160.872071,-36.588872,false,false,false,53.284273,29.700723,49.648692
CloseRelativeEMA20,above_ema20_strong,compressed_up,short,15m,DISCOVERY_REJECTED,778,699,-6.674029,-11.674029,-14.174029,-16.674029,45.501285,0.719982,-6.674029,-3.250000,-58.013043,-37.041889,false,false,false,100.000000,40.286279,35.702580
CloseRelativeEMA20,above_ema20_strong,range,short,60m,DISCOVERY_REJECTED,7404,6323,-6.685648,-11.685648,-14.185648,-16.685648,47.568882,0.805239,-6.685648,-1.800000,-32.832553,-21.090696,false,false,false,0.000000,28.659903,56.086313
RealizedVol60,realized_vol_60_low,compressed_down,long,240m,DISCOVERY_REJECTED,28359,21606,-6.689873,-11.689873,-14.189873,-16.689873,47.586304,0.814653,-6.689873,-1.300000,-58.075333,-18.050576,false,false,false,0.000000,47.349032,67.940035
Return15,return15_down_strong,compressed_up,short,15m,DISCOVERY_REJECTED,823,788,-6.740165,-11.740165,-14.240165,-16.740165,46.172539,0.680270,-6.740165,-1.400000,-56.497718,-31.241154,false,false,false,0.000000,45.835255,100.000000
ATRPct14,atr_pct_14_mid,trend_down,short,240m,DISCOVERY_REJECTED,44654,24466,-6.757906,-11.757906,-14.257906,-16.757906,44.992610,0.869722,-6.757906,-16.400000,-62.894436,-23.702250,false,false,false,0.000000,28.076243,100.000000
BTCContext60,btc_down_strong,trend_up,short,15m,DISCOVERY_REJECTED,928,814,-6.764681,-11.764681,-14.264681,-16.764681,42.564655,0.654323,-6.764681,-5.350000,-56.562055,-25.861899,false,false,false,0.000000,25.340964,69.627873
SessionUTC,late_us,compressed_up,short,240m,DISCOVERY_REJECTED,8395,5804,-6.791427,-11.791427,-14.291427,-16.791427,46.146516,0.823491,-6.791427,-6.000000,-127.376820,-23.855353,false,false,false,100.000000,35.135613,98.235494
ETHContext60,eth_down,compressed_down,long,240m,DISCOVERY_REJECTED,14985,12760,-6.794482,-11.794482,-14.294482,-16.794482,47.801134,0.828745,-6.794482,-0.900000,-87.847279,-17.974426,false,false,false,0.000000,26.537654,51.841147
Return15,return15_up_strong,compressed_down,short,60m,DISCOVERY_REJECTED,918,888,-6.877554,-11.877554,-14.377554,-16.877554,48.692810,0.814285,-6.877554,0.000000,-145.990744,-26.001696,false,false,false,0.000000,28.641825,43.995008
CloseRelativeEMA20,below_ema20_strong,trend_down,short,120m,DISCOVERY_REJECTED,13207,9671,-6.887403,-11.887403,-14.387403,-16.887403,43.666238,0.856591,-6.887403,-17.700000,-52.158190,-24.457011,false,false,false,0.000000,38.933511,87.397457
BTCContext60,btc_up_strong,range,short,120m,DISCOVERY_REJECTED,10002,7967,-6.969783,-11.969783,-14.469783,-16.969783,46.860628,0.805051,-6.969783,-3.600000,-39.204247,-16.946338,false,false,false,0.000000,57.533700,100.000000
TrendSlope20,slope_down,compressed_down,long,240m,DISCOVERY_REJECTED,3761,3427,-7.071656,-12.071656,-14.571656,-17.071656,48.072321,0.848675,-7.071656,-1.400000,-78.702124,-96.794249,false,false,false,49.280705,45.547780,74.286765
SessionUTC,asia,compressed_down,short,240m,DISCOVERY_REJECTED,10318,7817,-7.443227,-12.443227,-14.943227,-17.443227,46.995542,0.819555,-7.443227,-3.400000,-77.400488,-18.349167,false,false,false,0.000000,38.006443,100.000000
ETHContext60,eth_up,compressed_down,short,60m,DISCOVERY_REJECTED,1561,1464,-7.457912,-12.457912,-14.957912,-17.457912,44.266496,0.722048,-7.457912,-5.200000,-169.366197,-29.166454,false,false,false,0.000000,50.025896,55.815981
RealizedVol60,realized_vol_60_mid,range,short,120m,DISCOVERY_REJECTED,31002,16617,-7.533456,-12.533456,-15.033456,-17.533456,46.326043,0.844161,-7.533456,-9.550000,-40.589740,-15.388394,false,false,false,0.000000,54.549516,100.000000
VolumeRatio20,volume_ratio_low,compressed_up,short,240m,DISCOVERY_REJECTED,18592,15813,-7.548139,-12.548139,-15.048139,-17.548139,46.649096,0.820299,-7.548139,-4.100000,-53.701823,-14.850743,false,false,false,0.000000,44.275508,100.000000
ETHContext60,eth_up,compressed_down,long,240m,DISCOVERY_REJECTED,1561,1464,-7.611413,-12.611413,-15.111413,-17.611413,47.469571,0.849530,-7.611413,-4.200000,-211.551757,-37.351539,false,false,false,100.000000,35.400769,52.592239
SessionUTC,asia,trend_down,short,240m,DISCOVERY_REJECTED,33470,16334,-7.625731,-12.625731,-15.125731,-17.625731,45.198685,0.806841,-7.625731,-8.300000,-61.766535,-20.571987,false,false,false,0.000000,43.990401,100.000000
ATRPct14,atr_pct_14_high,trend_down,short,15m,DISCOVERY_REJECTED,1330,925,-7.689913,-12.689913,-15.189913,-17.689913,39.398496,0.842855,-7.689913,-31.650000,-106.084582,-31.209287,false,false,false,100.000000,43.029334,51.346313
ETHContext60,eth_up_strong,range,short,240m,DISCOVERY_REJECTED,17543,13106,-7.708880,-12.708880,-15.208880,-17.708880,47.363621,0.835521,-7.708880,-3.700000,-47.559855,-17.353362,false,false,false,0.000000,23.983149,100.000000
BTCContext60,btc_down_strong,range,short,120m,DISCOVERY_REJECTED,9567,7600,-7.727892,-12.727892,-15.227892,-17.727892,45.144768,0.817404,-7.727892,-9.100000,-46.464132,-20.417516,false,false,false,0.000000,36.349897,80.101909
BTCContext60,btc_up_strong,trend_up,short,240m,DISCOVERY_REJECTED,17436,10827,-7.762758,-12.762758,-15.262758,-17.762758,48.474421,0.834343,-7.762758,0.000000,-60.051095,-15.571013,false,false,false,0.000000,39.093912,0.000000
ETHContext60,eth_down_strong,range,short,240m,DISCOVERY_REJECTED,16679,12476,-7.789712,-12.789712,-15.289712,-17.789712,46.003957,0.851860,-7.789712,-9.500000,-66.277188,-17.761917,false,false,false,0.000000,55.104947,75.963340
RealizedVol60,realized_vol_60_mid,compressed_down,short,120m,DISCOVERY_REJECTED,9381,6861,-7.956811,-12.956811,-15.456811,-17.956811,46.860676,0.840040,-7.956811,-6.300000,-61.390704,-21.126962,false,false,false,0.000000,29.991324,59.147670
CloseRelativeEMA20,below_ema20_strong,range,short,120m,DISCOVERY_REJECTED,6205,5393,-8.068902,-13.068902,-15.568902,-18.068902,46.768735,0.834996,-8.068902,-8.700000,-50.653618,-17.372910,false,false,false,0.000000,44.929877,100.000000
Return15,return15_up_strong,trend_up,short,240m,DISCOVERY_REJECTED,27060,19225,-8.074130,-13.074130,-15.574130,-18.074130,49.789357,0.852226,-8.074130,4.300000,-48.574749,-17.207763,false,false,false,0.000000,58.409097,0.000000
ATRPct14,atr_pct_14_mid,compressed_up,short,240m,DISCOVERY_REJECTED,15927,11173,-8.077089,-13.077089,-15.577089,-18.077089,47.592139,0.860813,-8.077089,-5.500000,-64.040743,-41.450085,false,false,false,0.000000,37.456394,100.000000
SessionUTC,asia,compressed_up,short,240m,DISCOVERY_REJECTED,13062,9148,-8.411283,-13.411283,-15.911283,-18.411283,45.444802,0.796048,-8.411283,-7.400000,-55.737695,-16.319127,false,false,false,0.000000,42.383658,0.000000
BTCContext60,btc_up_strong,trend_down,short,240m,DISCOVERY_REJECTED,759,705,-8.467112,-13.467112,-15.967112,-18.467112,45.981555,0.849475,-8.467112,-9.800000,-108.488391,-26.403735,false,false,false,100.000000,26.987059,46.381736
ETHContext60,eth_up_strong,trend_down,long,240m,DISCOVERY_REJECTED,1625,1418,-8.493619,-13.493619,-15.993619,-18.493619,49.476923,0.842369,-8.493619,3.100000,-134.310988,-34.031598,false,false,false,100.000000,25.437466,70.935631
Return15,return15_up_strong,range,short,240m,DISCOVERY_REJECTED,19019,15548,-8.548163,-13.548163,-16.048163,-18.548163,45.785793,0.852435,-8.548163,-12.100000,-56.271912,-23.384828,false,false,false,0.000000,46.331485,73.285681
CloseRelativeEMA20,above_ema20_strong,trend_up,short,120m,DISCOVERY_REJECTED,12304,9129,-8.701589,-13.701589,-16.201589,-18.701589,50.121912,0.821138,-8.701589,5.300000,-39.858937,-17.005668,false,false,false,0.000000,26.862753,100.000000
SessionUTC,asia,range,short,240m,DISCOVERY_REJECTED,70306,31991,-8.714083,-13.714083,-16.214083,-18.714083,45.798367,0.772334,-8.714083,-5.100000,-59.359356,-17.197650,false,false,false,0.000000,52.403631,0.000000
BTCContext60,btc_down_strong,trend_down,short,240m,DISCOVERY_REJECTED,19720,11580,-8.807961,-13.807961,-16.307961,-18.807961,43.793103,0.852525,-8.807961,-20.150000,-70.855878,-29.883957,false,false,false,100.000000,23.339292,90.509821
SessionUTC,asia,trend_up,short,240m,DISCOVERY_REJECTED,36588,17818,-8.958634,-13.958634,-16.458634,-18.958634,46.649175,0.763911,-8.958634,-2.950000,-73.500710,-16.815586,false,false,false,0.000000,31.222848,0.000000
BTCContext60,btc_up_strong,range,short,240m,DISCOVERY_REJECTED,10002,7967,-8.984027,-13.984027,-16.484027,-18.984027,46.770646,0.834748,-8.984027,-6.600000,-78.309537,-24.533448,false,false,false,0.000000,52.600289,60.711217
ETHContext60,eth_down,compressed_up,long,120m,DISCOVERY_REJECTED,1354,1292,-9.079909,-14.079909,-16.579909,-19.079909,44.165436,0.763283,-9.079909,-8.850000,-112.365501,-28.379220,false,false,false,0.000000,45.212420,100.000000
ATRPct14,atr_pct_14_high,trend_down,long,5m,DISCOVERY_REJECTED,1330,925,-9.138430,-14.138430,-16.638430,-19.138430,54.812030,0.766811,-9.138430,14.500000,-611.979999,-24.818480,false,false,false,68.161705,17.936181,40.873991
SessionUTC,late_us,compressed_down,short,120m,DISCOVERY_REJECTED,6263,4772,-9.248359,-14.248359,-16.748359,-19.248359,44.675076,0.733978,-9.248359,-5.800000,-73.856884,-27.941309,false,false,false,0.000000,39.266673,65.066556
Return15,return15_up,trend_down,short,240m,DISCOVERY_REJECTED,2136,2111,-9.250599,-14.250599,-16.750599,-19.250599,44.897004,0.823791,-9.250599,-10.250000,-75.846739,-31.536178,false,false,false,66.852963,34.186522,0.000000
Return15,return15_up_strong,compressed_up,short,30m,DISCOVERY_REJECTED,1271,1178,-9.379691,-14.379691,-16.879691,-19.379691,47.364280,0.735133,-9.379691,-0.700000,-70.088708,-23.620605,false,false,false,0.000000,25.275412,91.749160
CloseRelativeEMA20,above_ema20,trend_down,short,60m,DISCOVERY_REJECTED,2094,2021,-9.484620,-14.484620,-16.984620,-19.484620,43.361987,0.725572,-9.484620,-12.700000,-65.561961,-21.973700,false,false,false,0.000000,59.999826,86.060807
RealizedVol60,realized_vol_60_mid,trend_down,short,120m,DISCOVERY_REJECTED,18013,9618,-9.756257,-14.756257,-17.256257,-19.756257,44.112585,0.831829,-9.756257,-19.900000,-62.190209,-25.030240,false,false,false,0.000000,36.506318,86.459115
SessionUTC,europe,trend_up,long,240m,DISCOVERY_REJECTED,30756,15080,-9.826132,-14.826132,-17.326132,-19.826132,44.186500,0.784901,-9.826132,-10.900000,-61.785735,-25.533076,false,false,false,0.000000,55.255575,0.000000
SessionUTC,us,compressed_down,long,240m,DISCOVERY_REJECTED,13459,9794,-10.004446,-15.004446,-17.504446,-20.004446,48.948659,0.817007,-10.004446,1.600000,-109.497921,-25.833221,false,false,false,0.000000,28.829271,54.883346
Return15,return15_down_strong,range,short,240m,DISCOVERY_REJECTED,16644,13830,-10.418106,-15.418106,-17.918106,-20.418106,47.650805,0.833819,-10.418106,-6.100000,-55.819735,-21.959418,false,false,false,0.000000,38.446950,0.000000
Return15,return15_down_strong,compressed_down,short,30m,DISCOVERY_REJECTED,1168,1104,-10.542746,-15.542746,-18.042746,-20.542746,43.664384,0.733415,-10.542746,-11.100000,-62.443760,-22.906360,false,false,false,100.000000,43.029214,69.938989
ETHContext60,eth_up_strong,compressed_up,short,240m,DISCOVERY_REJECTED,15140,11284,-10.839557,-15.839557,-18.339557,-20.839557,46.241744,0.798053,-10.839557,-6.600000,-57.938821,-22.505913,false,false,false,0.000000,59.565887,0.000000
Return15,return15_down_strong,trend_down,short,240m,DISCOVERY_REJECTED,29259,20279,-11.073773,-16.073773,-18.573773,-21.073773,44.611914,0.834367,-11.073773,-18.700000,-67.121753,-31.499745,false,false,false,0.000000,55.772772,53.115284
CloseRelativeEMA20,above_ema20,trend_down,short,120m,DISCOVERY_REJECTED,2094,2021,-12.070826,-17.070826,-19.570826,-22.070826,44.030564,0.764437,-12.070826,-13.800000,-63.392647,-47.277021,false,false,false,100.000000,30.932776,53.421439
CloseRelativeEMA20,above_ema20_strong,range,short,120m,DISCOVERY_REJECTED,7404,6323,-12.664527,-17.664527,-20.164527,-22.664527,45.813074,0.793943,-12.664527,-10.350000,-72.180859,-34.997710,false,false,false,0.000000,59.411156,100.000000
ATRPct14,atr_pct_14_high,trend_up,short,30m,DISCOVERY_REJECTED,755,487,-12.696366,-17.696366,-20.196366,-22.696366,51.920530,0.821681,-12.696366,11.700000,-164.866007,-59.255074,false,false,false,57.716022,44.756642,71.938177
CloseRelativeEMA20,below_ema20_strong,compressed_down,short,15m,DISCOVERY_REJECTED,686,645,-12.757659,-17.757659,-20.257659,-22.757659,39.504373,0.646162,-12.757659,-18.050000,-77.821381,-31.963702,false,false,false,100.000000,69.477629,100.000000
ATRPct14,atr_pct_14_high,trend_up,short,15m,DISCOVERY_REJECTED,755,487,-12.759558,-17.759558,-20.259558,-22.759558,48.609272,0.771040,-12.759558,2.100000,-112.613053,-36.061206,false,false,false,0.000000,44.820246,96.835911
BTCContext60,btc_down_strong,trend_up,short,120m,DISCOVERY_REJECTED,928,814,-12.940070,-17.940070,-20.440070,-22.940070,48.491379,0.775660,-12.940070,-0.150000,-263.200161,-40.615274,false,false,false,100.000000,24.400396,67.029164
CloseRelativeEMA20,below_ema20_strong,trend_down,short,240m,DISCOVERY_REJECTED,13207,9671,-13.263914,-18.263914,-20.763914,-23.263914,44.453699,0.835052,-13.263914,-22.400000,-74.095540,-37.430102,false,false,false,0.000000,47.847018,69.713843
BTCContext60,btc_up_strong,compressed_up,short,240m,DISCOVERY_REJECTED,12427,9282,-13.458337,-18.458337,-20.958337,-23.458337,46.334594,0.776970,-13.458337,-6.500000,-63.413246,-26.923506,false,false,false,0.000000,53.335137,0.000000
RealizedVol60,realized_vol_60_mid,trend_up,short,240m,DISCOVERY_REJECTED,15023,8195,-13.499618,-18.499618,-20.999618,-23.499618,49.836917,0.835690,-13.499618,4.000000,-59.761126,-48.330723,false,false,false,0.000000,32.618450,0.000000
BTCContext60,btc_down_strong,trend_up,short,240m,DISCOVERY_REJECTED,928,814,-13.523425,-18.523425,-21.023425,-23.523425,51.400862,0.817008,-13.523425,9.650000,-253.963803,-45.189373,false,false,false,100.000000,26.662624,59.698993
ETHContext60,eth_down_strong,trend_down,short,240m,DISCOVERY_REJECTED,28667,16397,-14.138055,-19.138055,-21.638055,-24.138055,43.440193,0.795777,-14.138055,-20.200000,-75.080642,-25.500146,false,false,false,0.000000,27.448682,100.000000
RealizedVol60,realized_vol_60_mid,compressed_down,short,240m,DISCOVERY_REJECTED,9381,6861,-14.484666,-19.484666,-21.984666,-24.484666,45.805351,0.823618,-14.484666,-16.000000,-104.970068,-34.350327,false,false,false,0.000000,32.716958,52.400302
CloseRelativeEMA20,above_ema20_strong,trend_up,short,240m,DISCOVERY_REJECTED,12304,9129,-14.617760,-19.617760,-22.117760,-24.617760,49.463589,0.808326,-14.617760,2.250000,-62.392391,-26.000655,false,false,false,0.000000,31.924359,0.000000
ETHContext60,eth_up_strong,trend_down,long,120m,DISCOVERY_REJECTED,1625,1418,-14.929237,-19.929237,-22.429237,-24.929237,48.000000,0.707728,-14.929237,0.000000,-97.939295,-39.783642,false,false,false,0.000000,41.853644,100.000000
RealizedVol60,realized_vol_60_mid,range,short,240m,DISCOVERY_REJECTED,31002,16617,-14.935552,-19.935552,-22.435552,-24.935552,46.345397,0.820396,-14.935552,-13.500000,-65.421907,-26.664333,false,false,false,0.000000,53.015242,88.196818
Return15,return15_down_strong,compressed_up,short,30m,DISCOVERY_REJECTED,823,788,-15.467128,-20.467128,-22.967128,-25.467128,44.471446,0.628522,-15.467128,-6.800000,-97.439362,-37.588221,false,false,false,0.000000,65.106433,99.625252
CloseRelativeEMA20,above_ema20,trend_down,short,240m,DISCOVERY_REJECTED,2094,2021,-15.876182,-20.876182,-23.376182,-25.876182,45.081184,0.775064,-15.876182,-13.800000,-95.988474,-54.537122,false,false,false,100.000000,30.356034,77.878648
CloseRelativeEMA20,below_ema20_strong,compressed_down,short,30m,DISCOVERY_REJECTED,686,645,-17.376093,-22.376093,-24.876093,-27.376093,42.711370,0.688017,-17.376093,-16.400000,-122.422643,-40.087876,false,false,false,100.000000,65.482852,100.000000
RealizedVol60,realized_vol_60_mid,compressed_up,short,240m,DISCOVERY_REJECTED,9772,6723,-17.784558,-22.784558,-25.284558,-27.784558,46.520671,0.792992,-17.784558,-12.200000,-85.283981,-52.421602,false,false,false,0.000000,39.808283,0.000000
Return15,return15_down_strong,compressed_up,short,60m,DISCOVERY_REJECTED,823,788,-18.266678,-23.266678,-25.766678,-28.266678,44.592953,0.685194,-18.266678,-12.600000,-134.547495,-37.759908,false,false,false,0.000000,60.475581,59.730936
Return15,return15_up_strong,compressed_down,short,120m,DISCOVERY_REJECTED,918,888,-18.382172,-23.382172,-25.882172,-28.382172,45.969499,0.755497,-18.382172,-8.700000,-101.127821,-48.008669,false,false,false,91.586925,23.365446,70.900835
CloseRelativeEMA20,above_ema20_strong,range,short,240m,DISCOVERY_REJECTED,7404,6323,-18.711305,-23.711305,-26.211305,-28.711305,45.583468,0.794756,-18.711305,-17.400000,-92.968352,-44.180387,false,false,false,0.000000,68.964237,66.473084
Return15,return15_up_strong,compressed_up,short,60m,DISCOVERY_REJECTED,1271,1178,-18.963986,-23.963986,-26.463986,-28.963986,43.981117,0.665021,-18.963986,-12.600000,-76.704761,-35.005515,false,false,false,0.000000,34.133525,0.000000
Return15,return15_down_strong,compressed_down,short,60m,DISCOVERY_REJECTED,1168,1104,-19.275063,-24.275063,-26.775063,-29.275063,42.037671,0.702994,-19.275063,-19.250000,-82.793535,-41.519136,false,false,false,65.631388,70.103338,100.000000
CloseRelativeEMA20,below_ema20_strong,range,short,240m,DISCOVERY_REJECTED,6205,5393,-19.331404,-24.331404,-26.831404,-29.331404,46.591459,0.777564,-19.331404,-12.400000,-84.631793,-32.504961,false,false,false,0.000000,55.949254,0.000000
CloseRelativeEMA20,above_ema20_strong,compressed_up,short,30m,DISCOVERY_REJECTED,778,699,-19.763145,-24.763145,-27.263145,-29.763145,43.701799,0.623196,-19.763145,-7.050000,-85.714218,-64.186593,false,false,false,0.000000,22.006810,78.466326
ETHContext60,eth_down,compressed_up,long,240m,DISCOVERY_REJECTED,1354,1292,-20.773165,-25.773165,-28.273165,-30.773165,43.722304,0.721777,-20.773165,-17.550000,-110.550967,-42.225897,false,false,false,0.000000,34.472890,96.245039
ATRPct14,atr_pct_14_high,range,short,30m,DISCOVERY_REJECTED,1007,761,-21.859908,-26.859908,-29.359908,-31.859908,44.786495,0.706711,-21.859908,-16.900000,-172.141923,-120.621319,false,false,false,0.000000,35.521749,60.719067
RealizedVol60,realized_vol_60_mid,trend_down,short,240m,DISCOVERY_REJECTED,18013,9618,-21.994585,-26.994585,-29.494585,-31.994585,43.218786,0.775223,-21.994585,-32.100000,-98.105282,-45.953897,false,false,false,0.000000,48.753900,66.049429
Return15,return15_down_strong,compressed_up,short,120m,DISCOVERY_REJECTED,823,788,-22.087125,-27.087125,-29.587125,-32.087125,45.443499,0.712907,-22.087125,-15.800000,-153.923636,-51.768542,false,false,false,0.000000,30.435618,51.427496
ATRPct14,atr_pct_14_high,trend_down,short,30m,DISCOVERY_REJECTED,1330,925,-22.567377,-27.567377,-30.067377,-32.567377,38.872180,0.729406,-22.567377,-42.900000,-191.373921,-62.188062,false,false,false,0.000000,36.979408,0.000000
CloseRelativeEMA20,below_ema20_strong,compressed_down,short,60m,DISCOVERY_REJECTED,686,645,-22.932610,-27.932610,-30.432610,-32.932610,41.982507,0.712454,-22.932610,-28.950000,-156.486205,-54.057786,false,false,false,89.087180,42.346702,56.113323
Return15,return15_up_strong,compressed_up,short,240m,DISCOVERY_REJECTED,1271,1178,-23.873414,-28.873414,-31.373414,-33.873414,46.341463,0.775730,-23.873414,-17.800000,-123.471637,-59.901938,false,false,false,0.000000,40.568821,72.796561
ATRPct14,atr_pct_14_high,range,short,60m,DISCOVERY_REJECTED,1007,761,-26.615735,-31.615735,-34.115735,-36.615735,45.680238,0.753291,-26.615735,-21.700000,-216.874161,-192.491263,false,false,false,100.000000,48.627715,80.747715
Return15,return15_down_strong,compressed_up,short,240m,DISCOVERY_REJECTED,823,788,-29.460731,-34.460731,-36.960731,-39.460731,46.537060,0.731702,-29.460731,-11.400000,-222.820859,-100.879344,false,false,false,0.000000,54.835863,86.101888
ATRPct14,atr_pct_14_high,trend_up,short,60m,DISCOVERY_REJECTED,755,487,-34.531905,-39.531905,-42.031905,-44.531905,47.814570,0.713767,-34.531905,-12.600000,-227.532764,-88.415179,false,false,false,100.000000,50.663415,81.599962
Return15,return15_up_strong,compressed_down,short,240m,DISCOVERY_REJECTED,918,888,-35.092968,-40.092968,-42.592968,-45.092968,44.662309,0.707343,-35.092968,-25.550000,-341.171086,-70.694550,false,false,false,0.000000,38.636633,44.887886
CloseRelativeEMA20,above_ema20_strong,compressed_up,short,60m,DISCOVERY_REJECTED,778,699,-36.401513,-41.401513,-43.901513,-46.401513,40.359897,0.532728,-36.401513,-21.700000,-119.611102,-81.587125,false,false,false,0.000000,37.854642,0.000000
Return15,return15_down_strong,compressed_down,short,120m,DISCOVERY_REJECTED,1168,1104,-38.935062,-43.935062,-46.435062,-48.935062,41.609589,0.613448,-38.935062,-27.650000,-138.029314,-81.926239,false,false,false,100.000000,70.261490,100.000000
Return15,return15_down_strong,compressed_down,short,240m,DISCOVERY_REJECTED,1168,1104,-39.881080,-44.881080,-47.381080,-49.881080,42.808219,0.685549,-39.881080,-40.200000,-207.490847,-100.896506,false,false,false,100.000000,39.632397,85.773912
CloseRelativeEMA20,above_ema20_strong,compressed_up,short,120m,DISCOVERY_REJECTED,778,699,-41.249935,-46.249935,-48.749935,-51.249935,39.974293,0.606211,-41.249935,-44.000000,-132.296086,-94.026217,false,false,false,0.000000,37.117737,0.000000
CloseRelativeEMA20,below_ema20_strong,compressed_down,short,120m,DISCOVERY_REJECTED,686,645,-46.942095,-51.942095,-54.442095,-56.942095,41.399417,0.597286,-46.942095,-33.850000,-235.939386,-127.632537,false,false,false,0.000000,47.930967,100.000000
ATRPct14,atr_pct_14_high,trend_down,short,60m,DISCOVERY_REJECTED,1330,925,-52.635339,-57.635339,-60.135339,-62.635339,37.894737,0.563260,-52.635339,-52.100000,-198.915244,-112.753774,false,false,false,0.000000,39.191495,100.000000
CloseRelativeEMA20,below_ema20_strong,compressed_down,short,240m,DISCOVERY_REJECTED,686,645,-55.422200,-60.422200,-62.922200,-65.422200,42.565598,0.630681,-55.422200,-51.000000,-314.257712,-128.228257,false,false,false,100.000000,38.480281,100.000000
ATRPct14,atr_pct_14_high,trend_down,short,120m,DISCOVERY_REJECTED,1330,925,-57.095769,-62.095769,-64.595769,-67.095769,41.578947,0.623711,-57.095769,-47.500000,-241.552761,-142.557051,false,false,false,0.000000,69.899696,100.000000
ATRPct14,atr_pct_14_high,trend_up,short,120m,DISCOVERY_REJECTED,755,487,-58.909150,-63.909150,-66.409150,-68.909150,44.768212,0.637835,-58.909150,-33.200000,-321.909737,-115.139930,false,false,false,100.000000,50.399866,75.003467
ATRPct14,atr_pct_14_high,range,short,120m,DISCOVERY_REJECTED,1007,761,-61.637184,-66.637184,-69.137184,-71.637184,42.899702,0.619951,-61.637184,-46.100000,-373.986076,-253.040499,false,false,false,0.000000,39.559201,74.981597
ATRPct14,atr_pct_14_high,trend_down,short,240m,DISCOVERY_REJECTED,1330,925,-70.722666,-75.722666,-78.222666,-80.722666,40.751880,0.643256,-70.722666,-76.600000,-270.907172,-184.109320,false,false,false,0.000000,69.971385,97.049948
CloseRelativeEMA20,above_ema20_strong,compressed_up,short,240m,DISCOVERY_REJECTED,778,699,-75.848453,-80.848453,-83.348453,-85.848453,39.460154,0.516787,-75.848453,-59.450000,-190.417941,-167.581299,false,false,false,0.000000,39.996944,0.000000
ATRPct14,atr_pct_14_high,range,short,240m,DISCOVERY_REJECTED,1007,761,-95.489491,-100.489491,-102.989491,-105.489491,39.920556,0.576615,-95.489491,-82.000000,-370.753267,-206.117176,false,false,false,0.000000,53.136367,100.000000
ATRPct14,atr_pct_14_high,trend_up,short,240m,DISCOVERY_REJECTED,755,487,-107.301970,-112.301970,-114.801970,-117.301970,42.781457,0.503210,-107.301970,-68.000000,-284.753866,-249.094838,false,false,false,100.000000,19.975587,0.000000
RealizedVol60,realized_vol_60_high,trend_up,long,240m,DATA_INSUFFICIENT,90,59,251.187300,246.187300,243.687300,241.187300,68.888889,3.435526,251.187300,139.050000,-386.485674,-72.728668,true,true,true,36.113540,55.372400,61.637553
RealizedVol60,realized_vol_60_high,trend_down,long,240m,DATA_INSUFFICIENT,258,154,250.775697,245.775697,243.275697,240.775697,74.418605,3.500747,250.775697,248.450000,-146.298433,116.653382,true,true,true,20.754912,28.384684,37.141818
RealizedVol60,realized_vol_60_unknown,range,long,240m,DATA_INSUFFICIENT,7,7,224.986245,219.986245,217.486245,214.986245,100.000000,999.000000,224.986245,139.900000,219.986245,64.605568,true,false,false,34.498506,100.000000,100.000000
VolumeRatio20,volume_ratio_unknown,trend_down,short,120m,DATA_INSUFFICIENT,8,8,212.779075,207.779075,205.279075,202.779075,100.000000,999.000000,212.779075,210.700000,207.779075,102.203375,true,false,false,20.995008,100.000000,100.000000
RealizedVol60,realized_vol_60_unknown,trend_up,long,120m,DATA_INSUFFICIENT,1,1,212.733039,207.733039,205.233039,202.733039,100.000000,999.000000,212.733039,212.700000,207.733039,207.733039,false,false,false,100.000000,100.000000,100.000000
RealizedVol60,realized_vol_60_high,trend_down,long,120m,DATA_INSUFFICIENT,258,154,210.262584,205.262584,202.762584,200.262584,68.604651,4.132423,210.262584,166.650000,-63.577017,126.494189,true,true,true,20.466860,27.148163,32.913823
ATRPct14,atr_pct_14_unknown,range,long,240m,DATA_INSUFFICIENT,17,7,202.790311,197.790311,195.290311,192.790311,100.000000,999.000000,202.790311,139.900000,197.790311,53.971384,true,false,false,29.835081,100.000000,100.000000
VolumeRatio20,volume_ratio_unknown,trend_down,short,240m,DATA_INSUFFICIENT,8,8,197.203070,192.203070,189.703070,187.203070,100.000000,999.000000,197.203070,204.550000,192.203070,36.152263,true,false,false,24.035200,100.000000,100.000000
RealizedVol60,realized_vol_60_high,trend_up,long,120m,DATA_INSUFFICIENT,90,59,192.580963,187.580963,185.080963,182.580963,60.000000,2.644576,192.580963,83.550000,-312.484568,-35.327978,true,true,true,38.033351,52.925570,58.721000
RealizedVol60,realized_vol_60_high,trend_up,long,60m,DATA_INSUFFICIENT,90,59,188.775002,183.775002,181.275002,178.775002,65.555556,2.956625,188.775002,116.800000,-299.735290,-15.792708,true,true,true,40.518237,55.230559,61.821488
ATRPct14,atr_pct_14_high,compressed_up,long,240m,DATA_INSUFFICIENT,199,135,187.588154,182.588154,180.088154,177.588154,66.834171,2.509258,187.588154,167.300000,-145.127284,-28.458872,true,true,true,29.520681,34.844917,55.078746
RealizedVol60,realized_vol_60_unknown,trend_up,long,240m,DATA_INSUFFICIENT,1,1,184.497563,179.497563,176.997563,174.497563,100.000000,999.000000,184.497563,184.500000,179.497563,179.497563,false,false,false,100.000000,100.000000,100.000000
CloseRelativeEMA20,above_ema20_strong,trend_down,long,240m,DATA_INSUFFICIENT,107,104,184.382642,179.382642,176.882642,174.382642,67.289720,3.237623,184.382642,127.700000,-196.123551,-84.694354,true,true,true,36.686737,29.417418,31.334182
RealizedVol60,realized_vol_60_high,compressed_up,long,240m,DATA_INSUFFICIENT,136,90,183.477442,178.477442,175.977442,173.477442,65.441176,2.773586,183.477442,147.900000,-322.463904,16.108036,true,true,true,38.478200,48.899433,51.286548
VolumeRatio20,volume_ratio_unknown,range,long,240m,DATA_INSUFFICIENT,22,12,175.985633,170.985633,168.485633,165.985633,100.000000,999.000000,175.985633,128.000000,170.985633,45.915184,true,false,false,30.896078,100.000000,100.000000
RealizedVol60,realized_vol_60_unknown,trend_up,long,60m,DATA_INSUFFICIENT,1,1,174.827880,169.827880,167.327880,164.827880,100.000000,999.000000,174.827880,174.800000,169.827880,169.827880,false,false,false,100.000000,100.000000,100.000000
ATRPct14,atr_pct_14_high,compressed_down,long,240m,DATA_INSUFFICIENT,225,187,166.203899,161.203899,158.703899,156.203899,59.555556,2.128742,166.203899,112.300000,-250.622282,10.678161,true,true,true,38.011099,28.197843,53.557755
ATRPct14,atr_pct_14_unknown,compressed_down,long,240m,DATA_INSUFFICIENT,8,8,158.920364,153.920364,151.420364,148.920364,100.000000,999.000000,158.920364,135.300000,153.920364,29.802784,true,false,false,30.487977,100.000000,100.000000
VolumeRatio20,volume_ratio_unknown,compressed_down,long,240m,DATA_INSUFFICIENT,8,8,158.920364,153.920364,151.420364,148.920364,100.000000,999.000000,158.920364,135.300000,153.920364,29.802784,true,false,false,30.487977,100.000000,100.000000
ATRPct14,atr_pct_14_unknown,trend_up,long,120m,DATA_INSUFFICIENT,7,5,156.865827,151.865827,149.365827,146.865827,100.000000,999.000000,156.865827,169.700000,151.865827,60.738592,true,false,false,56.585572,100.000000,100.000000
VolumeRatio20,volume_ratio_unknown,trend_up,long,120m,DATA_INSUFFICIENT,7,5,156.865827,151.865827,149.365827,146.865827,100.000000,999.000000,156.865827,169.700000,151.865827,60.738592,true,false,false,56.585572,100.000000,100.000000
ATRPct14,atr_pct_14_unknown,trend_up,long,240m,DATA_INSUFFICIENT,7,5,153.246491,148.246491,145.746491,143.246491,100.000000,999.000000,153.246491,166.700000,148.246491,31.736272,true,false,false,49.431642,100.000000,100.000000
VolumeRatio20,volume_ratio_unknown,trend_up,long,240m,DATA_INSUFFICIENT,7,5,153.246491,148.246491,145.746491,143.246491,100.000000,999.000000,153.246491,166.700000,148.246491,31.736272,true,false,false,49.431642,100.000000,100.000000
VolumeRatio20,volume_ratio_unknown,trend_down,short,60m,DATA_INSUFFICIENT,8,8,153.040785,148.040785,145.540785,143.040785,100.000000,999.000000,153.040785,147.050000,148.040785,79.379431,true,false,false,22.378147,100.000000,100.000000
ATRPct14,atr_pct_14_unknown,compressed_down,long,120m,DATA_INSUFFICIENT,8,8,147.722517,142.722517,140.222517,137.722517,100.000000,999.000000,147.722517,133.250000,142.722517,47.204176,true,false,false,22.103370,100.000000,100.000000
VolumeRatio20,volume_ratio_unknown,compressed_down,long,120m,DATA_INSUFFICIENT,8,8,147.722517,142.722517,140.222517,137.722517,100.000000,999.000000,147.722517,133.250000,142.722517,47.204176,true,false,false,22.103370,100.000000,100.000000
VolumeRatio20,volume_ratio_unknown,compressed_up,long,240m,DATA_INSUFFICIENT,19,19,142.862695,137.862695,135.362695,132.862695,94.736842,60.601051,142.862695,111.800000,122.244541,79.773749,true,true,true,25.841374,62.664747,62.664747
ATRPct14,atr_pct_14_unknown,range,long,120m,DATA_INSUFFICIENT,17,7,133.418996,128.418996,125.918996,123.418996,94.117647,33.363357,133.418996,147.000000,128.418996,-27.080626,true,false,false,35.802759,100.000000,100.000000
RealizedVol60,realized_vol_60_high,trend_down,long,60m,DATA_INSUFFICIENT,258,154,132.168898,127.168898,124.668898,122.168898,64.341085,2.560431,132.168898,103.300000,-39.974159,81.197546,true,true,true,21.904725,23.088053,30.142800
RealizedVol60,realized_vol_60_unknown,range,long,120m,DATA_INSUFFICIENT,7,7,126.068439,121.068439,118.568439,116.068439,100.000000,999.000000,126.068439,111.900000,121.068439,13.295376,true,false,false,30.999737,100.000000,100.000000
RealizedVol60,realized_vol_60_unknown,range,long,60m,DATA_INSUFFICIENT,7,7,125.549083,120.549083,118.049083,115.549083,100.000000,999.000000,125.549083,134.600000,120.549083,41.403712,true,false,false,21.378419,100.000000,100.000000
ATRPct14,atr_pct_14_high,compressed_up,long,60m,DATA_INSUFFICIENT,199,135,121.147150,116.147150,113.647150,111.147150,62.311558,2.605132,121.147150,86.200000,-37.388214,21.951100,true,true,true,25.370146,35.053701,36.707111
VolumeRatio20,volume_ratio_unknown,range,long,120m,DATA_INSUFFICIENT,22,12,120.652948,115.652948,113.152948,110.652948,90.909091,20.397928,120.652948,123.250000,115.652948,33.483376,true,false,false,31.481706,100.000000,100.000000
RealizedVol60,realized_vol_60_high,compressed_up,long,60m,DATA_INSUFFICIENT,136,90,119.221709,114.221709,111.721709,109.221709,60.294118,2.487562,119.221709,70.250000,-325.446641,-19.836177,true,true,true,34.177865,43.637599,44.146282
Return15,return15_up_strong,trend_down,long,240m,DATA_INSUFFICIENT,116,116,115.602555,110.602555,108.102555,105.602555,66.379310,2.643225,115.602555,78.200000,-233.543838,38.901484,true,true,true,22.892587,22.582986,24.492273
ATRPct14,atr_pct_14_high,compressed_down,long,120m,DATA_INSUFFICIENT,225,187,114.928953,109.928953,107.428953,104.928953,60.888889,2.023403,114.928953,90.700000,-184.416762,-45.351246,true,true,true,32.190595,22.349091,30.091969
RealizedVol60,realized_vol_60_high,range,long,240m,DATA_INSUFFICIENT,329,215,114.511157,109.511157,107.011157,104.511157,64.741641,1.909760,114.511157,111.900000,-143.493793,18.908562,true,true,true,30.328544,22.837150,32.828320
CloseRelativeEMA20,above_ema20_strong,trend_down,long,120m,DATA_INSUFFICIENT,107,104,108.917112,103.917112,101.417112,98.917112,58.878505,2.662314,108.917112,59.300000,-191.850775,0.281185,true,true,true,34.195747,34.684601,40.089110
ATRPct14,atr_pct_14_high,compressed_up,long,120m,DATA_INSUFFICIENT,199,135,107.385140,102.385140,99.885140,97.385140,59.798995,1.999614,107.385140,95.000000,-148.537726,-23.764759,true,true,true,27.597128,34.044228,39.466655
RealizedVol60,realized_vol_60_high,compressed_up,long,120m,DATA_INSUFFICIENT,136,90,103.416772,98.416772,95.916772,93.416772,58.088235,2.088385,103.416772,59.550000,-314.582582,2.469109,true,true,true,34.927494,46.255426,48.302774
RealizedVol60,realized_vol_60_high,trend_down,long,30m,DATA_INSUFFICIENT,258,154,103.171581,98.171581,95.671581,93.171581,63.953488,2.408052,103.171581,92.450000,-38.610917,50.275039,true,true,true,19.073407,43.639795,51.195450
ATRPct14,atr_pct_14_high,compressed_up,long,30m,DATA_INSUFFICIENT,199,135,100.814044,95.814044,93.314044,90.814044,59.798995,2.509887,100.814044,74.400000,-107.308888,-5.033044,true,true,true,26.719479,24.632367,47.888917
CloseRelativeEMA20,above_ema20_strong,trend_down,long,60m,DATA_INSUFFICIENT,107,104,98.788335,93.788335,91.288335,88.788335,64.485981,2.660552,98.788335,66.400000,-138.431347,30.892276,true,true,true,33.070314,27.129817,31.125249
ATRPct14,atr_pct_14_unknown,range,long,60m,DATA_INSUFFICIENT,17,7,94.444803,89.444803,86.944803,84.444803,100.000000,999.000000,94.444803,96.500000,89.444803,36.569992,true,false,false,24.636454,100.000000,100.000000
RealizedVol60,realized_vol_60_high,range,long,120m,DATA_INSUFFICIENT,329,215,93.105395,88.105395,85.605395,83.105395,61.094225,1.948889,93.105395,89.900000,-221.153258,-8.191000,true,true,true,35.315356,29.718420,42.930896
RealizedVol60,realized_vol_60_high,compressed_up,long,30m,DATA_INSUFFICIENT,136,90,89.456291,84.456291,81.956291,79.456291,54.411765,2.123143,89.456291,37.800000,-183.115008,17.607917,true,true,true,33.709917,30.160513,37.887064
RealizedVol60,realized_vol_60_high,trend_up,long,30m,DATA_INSUFFICIENT,90,59,85.494072,80.494072,77.994072,75.494072,46.666667,1.858823,85.494072,-14.200000,-204.514876,-52.562494,true,true,true,49.636986,49.738498,63.840825
CloseRelativeEMA20,above_ema20_strong,trend_down,long,30m,DATA_INSUFFICIENT,107,104,82.478919,77.478919,74.978919,72.478919,66.355140,3.302498,82.478919,43.000000,-95.957576,48.030099,true,true,true,31.415996,35.644125,38.054822
ETHContext60,eth_down_strong,compressed_up,long,240m,DATA_INSUFFICIENT,202,183,79.056813,74.056813,71.556813,69.056813,60.396040,2.197075,79.056813,42.550000,-287.988357,25.025723,true,true,true,28.950121,23.616868,45.922960
ATRPct14,atr_pct_14_unknown,trend_up,long,60m,DATA_INSUFFICIENT,7,5,74.749390,69.749390,67.249390,64.749390,100.000000,999.000000,74.749390,51.400000,69.749390,0.800464,true,false,false,63.551638,100.000000,100.000000
VolumeRatio20,volume_ratio_unknown,trend_up,long,60m,DATA_INSUFFICIENT,7,5,74.749390,69.749390,67.249390,64.749390,100.000000,999.000000,74.749390,51.400000,69.749390,0.800464,true,false,false,63.551638,100.000000,100.000000
CloseRelativeEMA20,above_ema20_strong,compressed_down,long,240m,DATA_INSUFFICIENT,356,350,73.398126,68.398126,65.898126,63.398126,56.741573,1.670208,73.398126,60.950000,-275.491326,9.203156,true,true,true,31.935163,34.152228,52.757741
VolumeRatio20,volume_ratio_unknown,range,long,60m,DATA_INSUFFICIENT,22,12,71.812542,66.812542,64.312542,61.812542,77.272727,29.999806,71.812542,73.800000,66.812542,22.713328,true,false,false,25.485992,100.000000,100.000000
RealizedVol60,realized_vol_60_high,compressed_down,long,120m,DATA_INSUFFICIENT,160,126,71.179181,66.179181,63.679181,61.179181,61.250000,1.697278,71.179181,78.250000,-289.334069,2.161849,true,true,true,25.635213,45.179713,77.777844
RealizedVol60,realized_vol_60_high,trend_down,short,5m,DATA_INSUFFICIENT,258,154,67.217871,62.217871,59.717871,57.217871,34.108527,1.743896,67.217871,-40.000000,-212.939156,-82.845224,true,false,false,22.822757,94.463511,96.250701
CloseRelativeEMA20,above_ema20_strong,trend_down,long,15m,DATA_INSUFFICIENT,107,104,61.396999,56.396999,53.896999,51.396999,66.355140,2.345717,61.396999,53.700000,-200.710059,24.592455,true,true,true,33.205416,47.640674,51.069584
RealizedVol60,realized_vol_60_high,trend_up,long,15m,DATA_INSUFFICIENT,90,59,59.481158,54.481158,51.981158,49.481158,52.222222,1.767470,59.481158,14.650000,-83.544582,-74.090393,true,true,true,56.977157,40.787246,62.197334
Return15,return15_up_strong,trend_down,long,120m,DATA_INSUFFICIENT,116,116,53.226091,48.226091,45.726091,43.226091,61.206897,1.737291,53.226091,56.150000,-149.568950,5.150875,true,true,true,21.558186,17.559066,20.297744
RealizedVol60,realized_vol_60_high,range,long,60m,DATA_INSUFFICIENT,329,215,52.550642,47.550642,45.050642,42.550642,58.662614,1.494811,52.550642,67.500000,-119.630683,-15.644004,true,true,true,23.205540,25.772455,41.743108
RealizedVol60,realized_vol_60_high,trend_down,long,15m,DATA_INSUFFICIENT,258,154,51.605316,46.605316,44.105316,41.605316,60.852713,1.506075,51.605316,47.700000,-38.965118,5.437627,true,true,true,20.100710,30.749549,47.411718
RealizedVol60,realized_vol_60_unknown,trend_up,long,15m,DATA_INSUFFICIENT,1,1,51.442717,46.442717,43.942717,41.442717,100.000000,999.000000,51.442717,51.400000,46.442717,46.442717,false,false,false,100.000000,100.000000,100.000000
VolumeRatio20,volume_ratio_unknown,compressed_up,long,120m,DATA_INSUFFICIENT,19,19,50.145560,45.145560,42.645560,40.145560,68.421053,5.585517,50.145560,37.900000,33.428190,-13.432445,true,true,true,24.138678,68.823008,68.823008
RealizedVol60,realized_vol_60_unknown,trend_up,long,30m,DATA_INSUFFICIENT,1,1,49.508780,44.508780,42.008780,39.508780,100.000000,999.000000,49.508780,49.500000,44.508780,44.508780,false,false,false,100.000000,100.000000,100.000000
CloseRelativeEMA20,below_ema20_strong,trend_up,short,240m,DATA_INSUFFICIENT,65,63,48.430235,43.430235,40.930235,38.430235,58.461538,1.536830,48.430235,54.800000,-247.984980,-171.388475,true,true,true,49.415370,68.906842,76.059848
Return15,return15_up_strong,trend_down,long,60m,DATA_INSUFFICIENT,116,116,48.019444,43.019444,40.519444,38.019444,56.896552,2.019744,48.019444,23.100000,-100.360721,-19.241660,true,true,true,48.168078,24.909717,27.396630
RealizedVol60,realized_vol_60_unknown,range,long,15m,DATA_INSUFFICIENT,7,7,46.642159,41.642159,39.142159,36.642159,100.000000,999.000000,46.642159,46.800000,41.642159,0.800464,true,false,false,31.398084,100.000000,100.000000
Return15,return15_down_strong,trend_up,short,120m,DATA_INSUFFICIENT,128,128,46.020081,41.020081,38.520081,36.020081,56.250000,1.663996,46.020081,35.150000,-222.810343,-28.321340,true,true,true,35.225671,40.524419,50.700622
CloseRelativeEMA20,below_ema20_strong,trend_up,short,120m,DATA_INSUFFICIENT,65,63,40.532082,35.532082,33.032082,30.532082,53.846154,1.442806,40.532082,40.500000,-42.448829,-125.018584,true,true,true,49.382165,54.283451,54.678504
RealizedVol60,realized_vol_60_high,compressed_down,long,240m,DATA_INSUFFICIENT,160,126,39.373314,34.373314,31.873314,29.373314,50.625000,1.225491,39.373314,9.900000,-404.761695,-9.978216,true,false,false,39.447524,42.122549,75.552715
CloseRelativeEMA20,above_ema20_strong,compressed_down,long,120m,DATA_INSUFFICIENT,356,350,36.419355,31.419355,28.919355,26.419355,56.460674,1.396538,36.419355,26.550000,-246.453613,0.346322,true,true,true,32.593873,29.001129,44.007853
ATRPct14,atr_pct_14_unknown,compressed_down,long,60m,DATA_INSUFFICIENT,8,8,36.090137,31.090137,28.590137,26.090137,87.500000,17.957362,36.090137,42.650000,31.090137,-14.667440,true,false,false,25.555624,100.000000,100.000000
VolumeRatio20,volume_ratio_unknown,compressed_down,long,60m,DATA_INSUFFICIENT,8,8,36.090137,31.090137,28.590137,26.090137,87.500000,17.957362,36.090137,42.650000,31.090137,-14.667440,true,false,false,25.555624,100.000000,100.000000
RealizedVol60,realized_vol_60_unknown,range,long,30m,DATA_INSUFFICIENT,7,7,34.173188,29.173188,26.673188,24.173188,85.714286,14.922833,34.173188,38.000000,29.173188,-14.667440,true,false,false,30.752311,100.000000,100.000000
ATRPct14,atr_pct_14_high,compressed_up,long,15m,DATA_INSUFFICIENT,199,135,34.000620,29.000620,26.500620,24.000620,56.783920,1.508008,34.000620,21.400000,-49.523414,-13.269106,true,true,true,37.500663,28.461242,43.125076
ATRPct14,atr_pct_14_unknown,range,long,30m,DATA_INSUFFICIENT,17,7,33.276907,28.276907,25.776907,23.276907,76.470588,17.203199,33.276907,33.700000,28.276907,-6.933488,true,false,false,23.979917,100.000000,100.000000
ETHContext60,eth_up_strong,compressed_down,long,240m,DATA_INSUFFICIENT,408,370,28.933313,23.933313,21.433313,18.933313,51.225490,1.344465,28.933313,17.800000,-270.374431,-19.565431,true,true,false,31.344878,25.976292,73.829534
RealizedVol60,realized_vol_60_high,compressed_down,short,5m,DATA_INSUFFICIENT,160,126,28.477041,23.477041,20.977041,18.477041,52.500000,1.600957,28.477041,14.750000,-64.047626,-1.525787,true,true,true,37.950442,36.799599,40.666779
RealizedVol60,realized_vol_60_high,compressed_up,long,15m,DATA_INSUFFICIENT,136,90,28.453392,23.453392,20.953392,18.453392,56.617647,1.364934,28.453392,15.350000,-121.299275,-24.159067,true,true,true,42.237734,38.666124,39.553339
RealizedVol60,realized_vol_60_high,range,long,30m,DATA_INSUFFICIENT,329,215,24.440491,19.440491,16.940491,14.440491,55.015198,1.260089,24.440491,25.200000,-137.285634,-4.818128,true,true,true,27.500549,30.325863,42.062100
VolumeRatio20,volume_ratio_unknown,range,long,30m,DATA_INSUFFICIENT,22,12,24.004373,19.004373,16.504373,14.004373,59.090909,5.530800,24.004373,12.600000,19.004373,-6.288992,true,false,false,27.141540,100.000000,100.000000
ATRPct14,atr_pct_14_high,compressed_down,long,60m,DATA_INSUFFICIENT,225,187,21.728128,16.728128,14.228128,11.728128,55.111111,1.140942,21.728128,43.200000,-152.239659,-26.523985,true,true,false,60.458756,28.590318,55.757650
VolumeRatio20,volume_ratio_unknown,compressed_up,long,60m,DATA_INSUFFICIENT,19,19,21.377738,16.377738,13.877738,11.377738,47.368421,3.371688,21.377738,3.900000,-2.561719,-11.185632,true,false,false,37.148245,100.000000,100.000000
VolumeRatio20,volume_ratio_unknown,trend_down,short,30m,DATA_INSUFFICIENT,8,8,20.993179,15.993179,13.493179,10.993179,62.500000,4.318867,20.993179,26.400000,15.993179,-29.898848,true,false,false,30.262922,100.000000,100.000000
Return15,return15_down_strong,trend_up,short,60m,DATA_INSUFFICIENT,128,128,19.878087,14.878087,12.378087,9.878087,55.468750,1.341243,19.878087,17.350000,-156.348980,-21.407852,true,true,true,40.865655,37.440900,49.988481
ATRPct14,atr_pct_14_unknown,range,long,15m,DATA_INSUFFICIENT,17,7,19.205595,14.205595,11.705595,9.205595,41.176471,5.829902,19.205595,0.000000,14.205595,-2.099768,true,false,false,35.216021,100.000000,100.000000
RealizedVol60,realized_vol_60_high,compressed_down,long,60m,DATA_INSUFFICIENT,160,126,18.887713,13.887713,11.387713,8.887713,65.000000,1.139335,18.887713,63.150000,-678.085359,-36.852556,false,true,false,58.132881,23.280895,39.983533
CloseRelativeEMA20,above_ema20_strong,trend_down,long,5m,DATA_INSUFFICIENT,107,104,18.576875,13.576875,11.076875,8.576875,54.205607,1.481046,18.576875,17.800000,-91.028875,-10.954282,true,true,true,28.936366,23.027672,41.972463
CloseRelativeEMA20,below_ema20_strong,trend_up,short,60m,DATA_INSUFFICIENT,65,63,18.486411,13.486411,10.986411,8.486411,49.230769,1.156682,18.486411,-6.700000,-219.626386,-37.859763,true,true,true,42.705605,22.969380,45.348694
RealizedVol60,realized_vol_60_high,compressed_down,short,30m,DATA_INSUFFICIENT,160,126,17.781444,12.781444,10.281444,7.781444,53.125000,1.156587,17.781444,15.550000,-154.308545,-12.500680,true,false,false,43.822765,26.294070,60.972302
ATRPct14,atr_pct_14_high,compressed_down,short,5m,DATA_INSUFFICIENT,225,187,17.623518,12.623518,10.123518,7.623518,49.333333,1.274428,17.623518,0.000000,-94.592897,-16.351033,true,true,true,34.251020,49.515449,57.616598
CloseRelativeEMA20,above_ema20_strong,compressed_down,long,60m,DATA_INSUFFICIENT,356,350,17.539827,12.539827,10.039827,7.539827,53.932584,1.193054,17.539827,28.900000,-113.986499,-23.856081,true,true,true,43.430990,23.312815,44.083826
VolumeRatio20,volume_ratio_unknown,compressed_up,long,15m,DATA_INSUFFICIENT,19,19,17.112525,12.112525,9.612525,7.112525,63.157895,7.499942,17.112525,11.900000,9.906502,-4.159808,true,true,true,39.132546,52.649484,52.649484
CloseRelativeEMA20,above_ema20_strong,compressed_down,long,30m,DATA_INSUFFICIENT,356,350,16.906533,11.906533,9.406533,6.906533,52.808989,1.251601,16.906533,17.550000,-86.170209,-16.411979,true,true,true,42.145024,37.704972,55.608744
ETHContext60,eth_up_strong,compressed_down,long,60m,DATA_INSUFFICIENT,408,370,16.521890,11.521890,9.021890,6.521890,56.372549,1.298580,16.521890,19.250000,-64.497219,-3.207144,true,true,true,45.278446,15.441827,32.923747
ATRPct14,atr_pct_14_high,compressed_up,long,5m,DATA_INSUFFICIENT,199,135,16.051930,11.051930,8.551930,6.051930,53.266332,1.223327,16.051930,20.400000,-34.860151,-71.240147,true,true,true,39.743008,34.289773,37.495086
ETHContext60,eth_down_strong,compressed_up,long,120m,DATA_INSUFFICIENT,202,183,16.046230,11.046230,8.546230,6.046230,54.950495,1.155655,16.046230,22.400000,-319.734424,-30.288644,true,false,false,38.566652,26.117251,45.394394
RealizedVol60,realized_vol_60_high,range,long,15m,DATA_INSUFFICIENT,329,215,14.935848,9.935848,7.435848,4.935848,58.054711,1.187828,14.935848,15.700000,-97.824309,-31.463500,true,true,true,44.576582,28.428429,50.901342
VolumeRatio20,volume_ratio_unknown,range,long,15m,DATA_INSUFFICIENT,22,12,14.423711,9.423711,6.923711,4.423711,31.818182,3.463028,14.423711,0.000000,9.423711,-3.066512,true,false,false,37.651689,100.000000,100.000000
ATRPct14,atr_pct_14_unknown,trend_up,long,30m,DATA_INSUFFICIENT,7,5,14.421642,9.421642,6.921642,4.421642,28.571429,3.638060,14.421642,0.000000,9.421642,-5.000000,false,false,false,100.000000,100.000000,100.000000
VolumeRatio20,volume_ratio_unknown,trend_up,long,30m,DATA_INSUFFICIENT,7,5,14.421642,9.421642,6.921642,4.421642,28.571429,3.638060,14.421642,0.000000,9.421642,-5.000000,false,false,false,100.000000,100.000000,100.000000
RealizedVol60,realized_vol_60_high,compressed_up,long,5m,DATA_INSUFFICIENT,136,90,13.400207,8.400207,5.900207,3.400207,48.529412,1.151889,13.400207,0.250000,-91.701389,-61.709847,true,false,false,47.596075,49.007689,50.590496
Return15,return15_down_strong,trend_up,short,240m,DATA_INSUFFICIENT,128,128,11.516234,6.516234,4.016234,1.516234,52.343750,1.071769,11.516234,34.350000,-310.727284,-76.183629,false,false,true,47.292100,31.198743,37.290490
CloseRelativeEMA20,below_ema20_strong,compressed_up,long,30m,DATA_INSUFFICIENT,263,251,10.836395,5.836395,3.336395,0.836395,45.627376,1.107359,10.836395,-6.200000,-199.670451,-6.867428,true,false,false,39.502908,68.271672,78.573696
ATRPct14,atr_pct_14_high,compressed_down,long,30m,DATA_INSUFFICIENT,225,187,10.295566,5.295566,2.795566,0.295566,51.111111,1.055804,10.295566,11.900000,-108.915188,-108.171209,false,false,false,46.167639,40.128415,74.909989
Return15,return15_down_strong,trend_up,short,30m,DATA_INSUFFICIENT,128,128,10.129401,5.129401,2.629401,0.129401,51.562500,1.121248,10.129401,9.100000,-149.768590,-14.954679,false,true,true,89.718504,22.407628,34.420977
CloseRelativeEMA20,below_ema20_strong,compressed_up,short,5m,DATA_INSUFFICIENT,263,251,9.263199,4.263199,1.763199,-0.736801,52.851711,1.180539,9.263199,10.800000,-84.132978,-31.778672,true,true,true,41.792770,26.298676,38.932569
RealizedVol60,realized_vol_60_high,compressed_down,short,15m,DATA_INSUFFICIENT,160,126,8.606736,3.606736,1.106736,-1.393264,49.375000,1.057688,8.606736,-0.450000,-173.051898,-47.066581,false,false,false,36.693511,27.360285,63.599894
CloseRelativeEMA20,above_ema20_strong,compressed_down,long,15m,DATA_INSUFFICIENT,356,350,8.336089,3.336089,0.836089,-1.663911,53.651685,1.085952,8.336089,15.100000,-98.122285,-19.809171,false,false,false,40.205224,44.188539,70.878878
RealizedVol60,realized_vol_60_high,range,long,5m,DATA_INSUFFICIENT,329,215,8.215233,3.215233,0.715233,-1.784767,54.711246,1.074235,8.215233,19.600000,-120.778495,-17.050499,false,false,false,65.385261,33.838551,51.986514
ETHContext60,eth_down_strong,compressed_up,long,30m,DATA_INSUFFICIENT,202,183,8.105463,3.105463,0.605463,-1.894537,44.554455,1.061452,8.105463,-12.950000,-128.896744,-8.912468,false,false,false,67.016298,30.236605,77.209567
ETHContext60,eth_up_strong,compressed_down,long,120m,DATA_INSUFFICIENT,408,370,8.080760,3.080760,0.580760,-1.919240,49.754902,1.048744,8.080760,4.450000,-180.959570,-18.723867,false,false,false,62.668994,20.634722,41.983674
ETHContext60,eth_up_strong,compressed_down,long,30m,DATA_INSUFFICIENT,408,370,8.046226,3.046226,0.546226,-1.953774,53.186275,1.088349,8.046226,10.200000,-103.328359,-8.027930,false,false,false,66.608274,23.027905,34.880702
CloseRelativeEMA20,below_ema20_strong,compressed_up,long,60m,DATA_INSUFFICIENT,263,251,7.507297,2.507297,0.007297,-2.492703,46.768061,1.034597,7.507297,-5.700000,-105.779373,-36.819666,false,false,false,55.651622,66.001880,66.414615
RealizedVol60,realized_vol_60_high,trend_up,long,5m,DATA_INSUFFICIENT,90,59,7.437499,2.437499,-0.062501,-2.562501,50.000000,1.040370,7.437499,4.200000,-91.396331,-88.768362,false,false,false,64.467893,48.987935,62.958263
ATRPct14,atr_pct_14_unknown,trend_up,long,15m,DATA_INSUFFICIENT,7,5,7.348960,2.348960,-0.151040,-2.651040,14.285714,1.548091,7.348960,0.000000,2.348960,-5.000000,false,false,false,100.000000,100.000000,100.000000
VolumeRatio20,volume_ratio_unknown,trend_up,long,15m,DATA_INSUFFICIENT,7,5,7.348960,2.348960,-0.151040,-2.651040,14.285714,1.548091,7.348960,0.000000,2.348960,-5.000000,false,false,false,100.000000,100.000000,100.000000
ETHContext60,eth_down_strong,compressed_up,short,5m,DATA_INSUFFICIENT,202,183,6.981756,1.981756,-0.518244,-3.018244,42.574257,1.115726,6.981756,0.000000,-104.902270,-3.886427,true,false,false,33.712221,53.017640,64.468286
CloseRelativeEMA20,below_ema20_strong,trend_up,short,5m,DATA_INSUFFICIENT,65,63,6.185545,1.185545,-1.314455,-3.814455,55.384615,1.031607,6.185545,8.600000,-41.605670,-43.006712,false,false,false,56.647890,61.465275,40.894564
ATRPct14,atr_pct_14_high,compressed_down,short,15m,DATA_INSUFFICIENT,225,187,5.927182,0.927182,-1.572818,-4.072818,46.666667,1.013139,5.927182,-14.200000,-151.043280,-26.427548,false,false,false,87.890833,33.603951,39.247776
CloseRelativeEMA20,below_ema20_strong,compressed_up,long,15m,DATA_INSUFFICIENT,263,251,5.739434,0.739434,-1.760566,-4.260566,45.627376,1.020726,5.739434,-2.800000,-83.416584,-22.893218,false,false,false,46.259751,69.407457,72.011515
ETHContext60,eth_down_strong,compressed_up,short,15m,DATA_INSUFFICIENT,202,183,5.415087,0.415087,-2.084913,-4.584913,50.495050,1.014560,5.415087,6.150000,-135.488290,-5.975095,false,false,false,62.580842,43.468808,41.750472
CloseRelativeEMA20,below_ema20_strong,compressed_up,long,120m,DATA_INSUFFICIENT,263,251,5.343217,0.343217,-2.156783,-4.656783,50.950570,1.003461,5.343217,10.100000,-350.053147,-48.215465,false,false,false,32.254330,51.680780,63.215968
VolumeRatio20,volume_ratio_unknown,trend_down,long,15m,DATA_INSUFFICIENT,8,8,5.191485,0.191485,-2.308515,-4.808515,62.500000,1.010626,5.191485,12.250000,0.191485,-96.200600,false,false,false,49.699979,100.000000,100.000000
Return15,return15_up_strong,trend_down,short,5m,DATA_INSUFFICIENT,116,116,4.318050,-0.681950,-3.181950,-5.681950,52.586207,0.972972,4.318050,7.250000,-54.533277,-29.424368,false,false,false,44.772118,28.234337,47.423845
ETHContext60,eth_down_strong,compressed_up,long,60m,DATA_INSUFFICIENT,202,183,3.788026,-1.211974,-3.711974,-6.211974,49.009901,0.980004,3.788026,3.200000,-244.456588,-21.901033,false,false,false,46.263971,34.725270,66.743698
Return15,return15_up_strong,trend_down,long,30m,DATA_INSUFFICIENT,116,116,3.715009,-1.284991,-3.784991,-6.284991,47.413793,0.975811,3.715009,1.500000,-129.331067,-31.603418,false,false,false,62.603166,25.827089,51.783571
ETHContext60,eth_up_strong,compressed_down,long,15m,DATA_INSUFFICIENT,408,370,3.447676,-1.552324,-4.052324,-6.552324,49.019608,0.943728,3.447676,4.550000,-95.880573,-9.523338,false,false,false,64.918059,31.420552,56.688835
Return15,return15_down_strong,trend_up,short,5m,DATA_INSUFFICIENT,128,128,3.253368,-1.746632,-4.246632,-6.746632,49.218750,0.915295,3.253368,1.350000,-47.224694,-20.915320,false,false,false,65.394425,47.203291,98.328550
CloseRelativeEMA20,below_ema20_strong,trend_up,short,15m,DATA_INSUFFICIENT,65,63,3.062925,-1.937075,-4.437075,-6.937075,52.307692,0.966317,3.062925,21.200000,-95.932196,-81.908009,false,false,false,58.574138,34.467368,49.060461
Return15,return15_up_strong,trend_down,long,15m,DATA_INSUFFICIENT,116,116,2.081074,-2.918926,-5.418926,-7.918926,45.689655,0.938027,2.081074,-4.700000,-116.437801,-41.424759,false,false,false,51.559234,37.437267,42.219979
CloseRelativeEMA20,below_ema20_strong,compressed_up,short,240m,DATA_INSUFFICIENT,263,251,2.057978,-2.942022,-5.442022,-7.942022,52.091255,0.978533,2.057978,31.600000,-641.284080,-99.372184,false,false,false,91.764426,26.834579,41.656603
ETHContext60,eth_up_strong,compressed_down,short,5m,DATA_INSUFFICIENT,408,370,1.857218,-3.142782,-5.642782,-8.142782,39.460784,0.844074,1.857218,-3.550000,-25.292865,-13.593329,false,false,false,58.597449,85.272589,96.710118
Return15,return15_down_strong,trend_up,long,15m,DATA_INSUFFICIENT,128,128,1.119736,-3.880264,-6.380264,-8.880264,52.343750,0.890863,1.119736,6.800000,-86.158149,-22.004238,false,false,false,45.103681,30.929677,84.918042
CloseRelativeEMA20,below_ema20_strong,trend_up,long,30m,DATA_INSUFFICIENT,65,63,0.354478,-4.645522,-7.145522,-9.645522,40.000000,0.949389,0.354478,-14.800000,-268.311336,-106.578992,false,false,false,81.153867,51.295611,76.169215
VolumeRatio20,volume_ratio_unknown,compressed_up,short,30m,DATA_INSUFFICIENT,19,19,0.332578,-4.667422,-7.167422,-9.667422,31.578947,0.680466,0.332578,0.000000,-27.322779,-33.468359,false,false,false,69.018736,100.000000,100.000000
VolumeRatio20,volume_ratio_unknown,range,long,5m,DATA_INSUFFICIENT,22,12,0.208488,-4.791512,-7.291512,-9.791512,0.000000,0.000000,0.208488,0.000000,-4.791512,-5.000000,false,false,false,0.000000,0.000000,0.000000
CloseRelativeEMA20,above_ema20_strong,compressed_down,short,5m,DATA_INSUFFICIENT,356,350,0.175058,-4.824942,-7.324942,-9.824942,47.752809,0.827011,0.175058,2.550000,-94.347763,-35.859589,false,false,false,79.777393,36.808126,92.597426
VolumeRatio20,volume_ratio_unknown,compressed_up,long,5m,DATA_INSUFFICIENT,19,19,0.005692,-4.994308,-7.494308,-9.994308,10.526316,0.011715,0.005692,0.000000,-5.000000,-8.713206,false,false,false,0.000000,0.000000,0.000000
ATRPct14,atr_pct_14_unknown,compressed_down,long,15m,DATA_INSUFFICIENT,8,8,0.000000,-5.000000,-7.500000,-10.000000,0.000000,0.000000,0.000000,0.000000,-5.000000,-5.000000,false,false,false,0.000000,0.000000,0.000000
ATRPct14,atr_pct_14_unknown,compressed_down,long,30m,DATA_INSUFFICIENT,8,8,0.000000,-5.000000,-7.500000,-10.000000,0.000000,0.000000,0.000000,0.000000,-5.000000,-5.000000,false,false,false,0.000000,0.000000,0.000000
ATRPct14,atr_pct_14_unknown,compressed_down,long,5m,DATA_INSUFFICIENT,8,8,0.000000,-5.000000,-7.500000,-10.000000,0.000000,0.000000,0.000000,0.000000,-5.000000,-5.000000,false,false,false,0.000000,0.000000,0.000000
ATRPct14,atr_pct_14_unknown,compressed_down,short,15m,DATA_INSUFFICIENT,8,8,0.000000,-5.000000,-7.500000,-10.000000,0.000000,0.000000,0.000000,0.000000,-5.000000,-5.000000,false,false,false,0.000000,0.000000,0.000000
ATRPct14,atr_pct_14_unknown,compressed_down,short,30m,DATA_INSUFFICIENT,8,8,0.000000,-5.000000,-7.500000,-10.000000,0.000000,0.000000,0.000000,0.000000,-5.000000,-5.000000,false,false,false,0.000000,0.000000,0.000000
ATRPct14,atr_pct_14_unknown,compressed_down,short,5m,DATA_INSUFFICIENT,8,8,0.000000,-5.000000,-7.500000,-10.000000,0.000000,0.000000,0.000000,0.000000,-5.000000,-5.000000,false,false,false,0.000000,0.000000,0.000000
ATRPct14,atr_pct_14_unknown,range,long,5m,DATA_INSUFFICIENT,17,7,0.000000,-5.000000,-7.500000,-10.000000,0.000000,0.000000,0.000000,0.000000,-5.000000,-5.000000,false,false,false,0.000000,0.000000,0.000000
ATRPct14,atr_pct_14_unknown,range,short,5m,DATA_INSUFFICIENT,17,7,0.000000,-5.000000,-7.500000,-10.000000,0.000000,0.000000,0.000000,0.000000,-5.000000,-5.000000,false,false,false,0.000000,0.000000,0.000000
ATRPct14,atr_pct_14_unknown,trend_up,long,5m,DATA_INSUFFICIENT,7,5,0.000000,-5.000000,-7.500000,-10.000000,0.000000,0.000000,0.000000,0.000000,-5.000000,-5.000000,false,false,false,0.000000,0.000000,0.000000
ATRPct14,atr_pct_14_unknown,trend_up,short,5m,DATA_INSUFFICIENT,7,5,0.000000,-5.000000,-7.500000,-10.000000,0.000000,0.000000,0.000000,0.000000,-5.000000,-5.000000,false,false,false,0.000000,0.000000,0.000000
RealizedVol60,realized_vol_60_unknown,range,long,5m,DATA_INSUFFICIENT,7,7,0.000000,-5.000000,-7.500000,-10.000000,0.000000,0.000000,0.000000,0.000000,-5.000000,-5.000000,false,false,false,0.000000,0.000000,0.000000
RealizedVol60,realized_vol_60_unknown,range,short,5m,DATA_INSUFFICIENT,7,7,0.000000,-5.000000,-7.500000,-10.000000,0.000000,0.000000,0.000000,0.000000,-5.000000,-5.000000,false,false,false,0.000000,0.000000,0.000000
RealizedVol60,realized_vol_60_unknown,trend_up,long,5m,DATA_INSUFFICIENT,1,1,0.000000,-5.000000,-7.500000,-10.000000,0.000000,0.000000,0.000000,0.000000,-5.000000,-5.000000,false,false,false,0.000000,0.000000,0.000000
RealizedVol60,realized_vol_60_unknown,trend_up,short,5m,DATA_INSUFFICIENT,1,1,0.000000,-5.000000,-7.500000,-10.000000,0.000000,0.000000,0.000000,0.000000,-5.000000,-5.000000,false,false,false,0.000000,0.000000,0.000000
VolumeRatio20,volume_ratio_unknown,compressed_down,long,15m,DATA_INSUFFICIENT,8,8,0.000000,-5.000000,-7.500000,-10.000000,0.000000,0.000000,0.000000,0.000000,-5.000000,-5.000000,false,false,false,0.000000,0.000000,0.000000
VolumeRatio20,volume_ratio_unknown,compressed_down,long,30m,DATA_INSUFFICIENT,8,8,0.000000,-5.000000,-7.500000,-10.000000,0.000000,0.000000,0.000000,0.000000,-5.000000,-5.000000,false,false,false,0.000000,0.000000,0.000000
VolumeRatio20,volume_ratio_unknown,compressed_down,long,5m,DATA_INSUFFICIENT,8,8,0.000000,-5.000000,-7.500000,-10.000000,0.000000,0.000000,0.000000,0.000000,-5.000000,-5.000000,false,false,false,0.000000,0.000000,0.000000
VolumeRatio20,volume_ratio_unknown,compressed_down,short,15m,DATA_INSUFFICIENT,8,8,0.000000,-5.000000,-7.500000,-10.000000,0.000000,0.000000,0.000000,0.000000,-5.000000,-5.000000,false,false,false,0.000000,0.000000,0.000000
VolumeRatio20,volume_ratio_unknown,compressed_down,short,30m,DATA_INSUFFICIENT,8,8,0.000000,-5.000000,-7.500000,-10.000000,0.000000,0.000000,0.000000,0.000000,-5.000000,-5.000000,false,false,false,0.000000,0.000000,0.000000
VolumeRatio20,volume_ratio_unknown,compressed_down,short,5m,DATA_INSUFFICIENT,8,8,0.000000,-5.000000,-7.500000,-10.000000,0.000000,0.000000,0.000000,0.000000,-5.000000,-5.000000,false,false,false,0.000000,0.000000,0.000000
VolumeRatio20,volume_ratio_unknown,trend_down,long,5m,DATA_INSUFFICIENT,8,8,0.000000,-5.000000,-7.500000,-10.000000,0.000000,0.000000,0.000000,0.000000,-5.000000,-5.000000,false,false,false,0.000000,0.000000,0.000000
VolumeRatio20,volume_ratio_unknown,trend_down,short,5m,DATA_INSUFFICIENT,8,8,0.000000,-5.000000,-7.500000,-10.000000,0.000000,0.000000,0.000000,0.000000,-5.000000,-5.000000,false,false,false,0.000000,0.000000,0.000000
VolumeRatio20,volume_ratio_unknown,trend_up,long,5m,DATA_INSUFFICIENT,7,5,0.000000,-5.000000,-7.500000,-10.000000,0.000000,0.000000,0.000000,0.000000,-5.000000,-5.000000,false,false,false,0.000000,0.000000,0.000000
VolumeRatio20,volume_ratio_unknown,trend_up,short,5m,DATA_INSUFFICIENT,7,5,0.000000,-5.000000,-7.500000,-10.000000,0.000000,0.000000,0.000000,0.000000,-5.000000,-5.000000,false,false,false,0.000000,0.000000,0.000000
VolumeRatio20,volume_ratio_unknown,compressed_up,short,5m,DATA_INSUFFICIENT,19,19,-0.005692,-5.005692,-7.505692,-10.005692,10.526316,0.041407,-0.005692,0.000000,-5.009832,-7.985075,false,false,false,0.000000,0.000000,0.000000
CloseRelativeEMA20,above_ema20_strong,compressed_down,long,5m,DATA_INSUFFICIENT,356,350,-0.175058,-5.175058,-7.675058,-10.175058,45.224719,0.816903,-0.175058,-2.550000,-48.807637,-22.534581,false,false,false,49.381590,22.097766,97.717659
VolumeRatio20,volume_ratio_unknown,range,short,5m,DATA_INSUFFICIENT,22,12,-0.208488,-5.208488,-7.708488,-10.208488,0.000000,0.000000,-0.208488,0.000000,-5.208488,-6.146684,false,false,false,0.000000,0.000000,0.000000
VolumeRatio20,volume_ratio_unknown,compressed_up,long,30m,DATA_INSUFFICIENT,19,19,-0.332578,-5.332578,-7.832578,-10.332578,31.578947,0.630755,-0.332578,0.000000,-21.809202,-29.700935,false,false,false,64.745614,100.000000,100.000000
CloseRelativeEMA20,below_ema20_strong,trend_up,short,30m,DATA_INSUFFICIENT,65,63,-0.354478,-5.354478,-7.854478,-10.354478,58.461538,0.941275,-0.354478,14.800000,-211.442792,-115.458923,false,false,false,37.841949,39.352812,41.536172
Return15,return15_down_strong,trend_up,short,15m,DATA_INSUFFICIENT,128,128,-1.119736,-6.119736,-8.619736,-11.119736,44.531250,0.834894,-1.119736,-6.800000,-60.512958,-33.038498,false,false,false,51.558594,24.870227,47.680160
ETHContext60,eth_up_strong,compressed_down,long,5m,DATA_INSUFFICIENT,408,370,-1.857218,-6.857218,-9.357218,-11.857218,48.529412,0.682024,-1.857218,3.550000,-359.274193,-17.608913,false,false,false,44.353682,25.633196,49.870152
CloseRelativeEMA20,below_ema20_strong,compressed_up,long,240m,DATA_INSUFFICIENT,263,251,-2.057978,-7.057978,-9.557978,-12.057978,46.387833,0.949371,-2.057978,-31.600000,-206.955097,-71.124509,false,false,false,65.686461,51.792760,63.600951
Return15,return15_up_strong,trend_down,short,15m,DATA_INSUFFICIENT,116,116,-2.081074,-7.081074,-9.581074,-12.081074,50.000000,0.855373,-2.081074,4.700000,-140.070914,-43.971196,false,false,false,53.729677,42.558820,55.286413
CloseRelativeEMA20,below_ema20_strong,trend_up,long,15m,DATA_INSUFFICIENT,65,63,-3.062925,-8.062925,-10.562925,-13.062925,46.153846,0.867621,-3.062925,-21.200000,-138.178470,-55.992262,false,false,false,60.987980,47.106981,77.342652
Return15,return15_down_strong,trend_up,long,5m,DATA_INSUFFICIENT,128,128,-3.253368,-8.253368,-10.753368,-13.253368,43.750000,0.656338,-3.253368,-1.350000,-64.223514,-28.144193,false,false,false,58.729035,33.777137,48.725410
ETHContext60,eth_up_strong,compressed_down,short,15m,DATA_INSUFFICIENT,408,370,-3.447676,-8.447676,-10.947676,-13.447676,43.382353,0.730403,-3.447676,-4.550000,-53.361371,-18.637180,false,false,false,0.000000,34.911842,72.859299
Return15,return15_up_strong,trend_down,short,30m,DATA_INSUFFICIENT,116,116,-3.715009,-8.715009,-11.215009,-13.715009,45.689655,0.846888,-3.715009,-1.500000,-106.826150,-65.299301,false,false,false,37.227026,38.175446,52.781847
ETHContext60,eth_down_strong,compressed_up,short,60m,DATA_INSUFFICIENT,202,183,-3.788026,-8.788026,-11.288026,-13.788026,47.524752,0.863801,-3.788026,-3.200000,-250.853450,-28.656453,false,false,false,56.170158,48.482403,62.379558
Return15,return15_up_strong,trend_down,long,5m,DATA_INSUFFICIENT,116,116,-4.318050,-9.318050,-11.818050,-14.318050,37.931034,0.692164,-4.318050,-7.250000,-105.696433,-61.996373,false,false,false,100.000000,35.619177,78.461928
VolumeRatio20,volume_ratio_unknown,trend_down,short,15m,DATA_INSUFFICIENT,8,8,-5.191485,-10.191485,-12.691485,-15.191485,25.000000,0.586219,-5.191485,-12.250000,-10.191485,-82.413906,false,false,false,74.626494,0.000000,0.000000
CloseRelativeEMA20,below_ema20_strong,compressed_up,short,120m,DATA_INSUFFICIENT,263,251,-5.343217,-10.343217,-12.843217,-15.343217,46.768061,0.901211,-5.343217,-10.100000,-497.228714,-200.066035,false,false,false,45.805797,29.788522,43.189464
ETHContext60,eth_down_strong,compressed_up,long,15m,DATA_INSUFFICIENT,202,183,-5.415087,-10.415087,-12.915087,-15.415087,41.089109,0.696750,-5.415087,-6.150000,-74.534282,-21.228646,false,false,false,0.000000,47.967994,62.450466
CloseRelativeEMA20,below_ema20_strong,compressed_up,short,15m,DATA_INSUFFICIENT,263,251,-5.739434,-10.739434,-13.239434,-15.739434,48.669202,0.739771,-5.739434,2.800000,-249.195852,-100.181321,false,false,false,75.406618,32.198360,89.361460
ATRPct14,atr_pct_14_high,compressed_down,long,15m,DATA_INSUFFICIENT,225,187,-5.927182,-10.927182,-13.427182,-15.927182,52.000000,0.856609,-5.927182,14.200000,-75.057239,-51.932443,false,false,false,48.089719,53.769679,61.624479
CloseRelativeEMA20,below_ema20_strong,trend_up,long,5m,DATA_INSUFFICIENT,65,63,-6.185545,-11.185545,-13.685545,-16.185545,43.076923,0.747407,-6.185545,-8.600000,-140.521002,-57.627718,false,false,false,63.693541,81.272873,93.386558
ETHContext60,eth_down_strong,compressed_up,long,5m,DATA_INSUFFICIENT,202,183,-6.981756,-11.981756,-14.481756,-16.981756,46.039604,0.501283,-6.981756,0.000000,-70.009194,-17.890993,false,false,false,0.000000,47.499141,88.147014
ATRPct14,atr_pct_14_unknown,trend_up,short,15m,DATA_INSUFFICIENT,7,5,-7.348960,-12.348960,-14.848960,-17.348960,0.000000,0.000000,-7.348960,0.000000,-12.348960,-22.147572,false,false,false,0.000000,0.000000,0.000000
VolumeRatio20,volume_ratio_unknown,trend_up,short,15m,DATA_INSUFFICIENT,7,5,-7.348960,-12.348960,-14.848960,-17.348960,0.000000,0.000000,-7.348960,0.000000,-12.348960,-22.147572,false,false,false,0.000000,0.000000,0.000000
RealizedVol60,realized_vol_60_high,trend_up,short,5m,DATA_INSUFFICIENT,90,59,-7.437499,-12.437499,-14.937499,-17.437499,47.777778,0.816891,-7.437499,-4.200000,-72.780453,-59.362675,false,false,false,52.133443,48.897605,56.524720
CloseRelativeEMA20,below_ema20_strong,compressed_up,short,60m,DATA_INSUFFICIENT,263,251,-7.507297,-12.507297,-15.007297,-17.507297,50.570342,0.843343,-7.507297,5.700000,-533.170378,-155.725857,false,false,false,73.589395,25.040005,34.521870
ETHContext60,eth_up_strong,compressed_down,short,30m,DATA_INSUFFICIENT,408,370,-8.046226,-13.046226,-15.546226,-18.046226,41.911765,0.697206,-8.046226,-10.200000,-67.657507,-31.485072,false,false,false,0.000000,25.085020,51.806328
ETHContext60,eth_up_strong,compressed_down,short,120m,DATA_INSUFFICIENT,408,370,-8.080760,-13.080760,-15.580760,-18.080760,47.794118,0.816846,-8.080760,-4.450000,-131.625422,-43.680938,false,false,false,73.787370,29.338787,71.225303
ETHContext60,eth_down_strong,compressed_up,short,30m,DATA_INSUFFICIENT,202,183,-8.105463,-13.105463,-15.605463,-18.105463,52.475248,0.774903,-8.105463,12.950000,-300.294530,-34.743812,false,false,false,0.000000,35.436875,52.798244
RealizedVol60,realized_vol_60_high,range,short,5m,DATA_INSUFFICIENT,329,215,-8.215233,-13.215233,-15.715233,-18.215233,41.033435,0.746801,-8.215233,-19.600000,-119.035404,-31.797423,false,false,false,55.665400,53.405842,62.752461
CloseRelativeEMA20,above_ema20_strong,compressed_down,short,15m,DATA_INSUFFICIENT,356,350,-8.336089,-13.336089,-15.836089,-18.336089,42.696629,0.720300,-8.336089,-15.100000,-96.951738,-42.707079,false,false,false,79.454251,34.554425,100.000000
RealizedVol60,realized_vol_60_high,compressed_down,long,15m,DATA_INSUFFICIENT,160,126,-8.606736,-13.606736,-16.106736,-18.606736,48.750000,0.808704,-8.606736,0.450000,-94.818867,-82.936026,false,false,false,43.670312,35.765313,96.472512
CloseRelativeEMA20,below_ema20_strong,compressed_up,long,5m,DATA_INSUFFICIENT,263,251,-9.263199,-14.263199,-16.763199,-19.263199,41.825095,0.573642,-9.263199,-10.800000,-53.983767,-27.906973,false,false,false,61.407401,42.551948,48.849994
Return15,return15_down_strong,trend_up,long,30m,DATA_INSUFFICIENT,128,128,-10.129401,-15.129401,-17.629401,-20.129401,42.187500,0.713557,-10.129401,-9.100000,-89.621010,-55.046061,false,false,false,89.581509,29.534049,49.507962
ATRPct14,atr_pct_14_high,compressed_down,short,30m,DATA_INSUFFICIENT,225,187,-10.295566,-15.295566,-17.795566,-20.295566,48.000000,0.854788,-10.295566,-11.900000,-108.191375,-88.954774,false,false,false,58.385913,38.922103,44.266560
CloseRelativeEMA20,below_ema20_strong,compressed_up,short,30m,DATA_INSUFFICIENT,263,251,-10.836395,-15.836395,-18.336395,-20.836395,50.190114,0.756078,-10.836395,6.200000,-337.273953,-103.421299,false,false,false,0.000000,44.140824,96.800788
Return15,return15_down_strong,trend_up,long,240m,DATA_INSUFFICIENT,128,128,-11.516234,-16.516234,-19.016234,-21.516234,46.093750,0.839035,-11.516234,-34.350000,-294.431687,-124.948338,false,false,false,66.054495,29.514910,77.438993
RealizedVol60,realized_vol_60_high,compressed_up,short,5m,DATA_INSUFFICIENT,136,90,-13.400207,-18.400207,-20.900207,-23.400207,48.529412,0.732247,-13.400207,-0.250000,-138.197277,-46.536903,false,false,false,51.911557,68.341537,97.144554
ATRPct14,atr_pct_14_unknown,trend_up,short,30m,DATA_INSUFFICIENT,7,5,-14.421642,-19.421642,-21.921642,-24.421642,0.000000,0.000000,-14.421642,0.000000,-19.421642,-38.650499,false,false,false,0.000000,0.000000,0.000000
VolumeRatio20,volume_ratio_unknown,trend_up,short,30m,DATA_INSUFFICIENT,7,5,-14.421642,-19.421642,-21.921642,-24.421642,0.000000,0.000000,-14.421642,0.000000,-19.421642,-38.650499,false,false,false,0.000000,0.000000,0.000000
VolumeRatio20,volume_ratio_unknown,range,short,15m,DATA_INSUFFICIENT,22,12,-14.423711,-19.423711,-21.923711,-24.423711,4.545455,0.009672,-14.423711,0.000000,-19.423711,-37.174626,false,false,false,0.000000,0.000000,0.000000
RealizedVol60,realized_vol_60_high,range,short,15m,DATA_INSUFFICIENT,329,215,-14.935848,-19.935848,-22.435848,-24.935848,39.817629,0.709840,-14.935848,-15.700000,-126.713988,-41.340318,false,false,false,72.003545,36.040640,91.095075
ETHContext60,eth_down_strong,compressed_up,short,120m,DATA_INSUFFICIENT,202,183,-16.046230,-21.046230,-23.546230,-26.046230,44.554455,0.759510,-16.046230,-22.400000,-368.593586,-44.599774,false,false,false,100.000000,49.309087,61.356897
ATRPct14,atr_pct_14_high,compressed_up,short,5m,DATA_INSUFFICIENT,199,135,-16.051930,-21.051930,-23.551930,-26.051930,43.718593,0.680934,-16.051930,-20.400000,-87.760332,-42.347344,false,false,false,100.000000,49.509784,69.865956
ETHContext60,eth_up_strong,compressed_down,short,60m,DATA_INSUFFICIENT,408,370,-16.521890,-21.521890,-24.021890,-26.521890,40.196078,0.615055,-16.521890,-19.250000,-97.924847,-43.025865,false,false,false,0.000000,64.556393,86.194918
CloseRelativeEMA20,above_ema20_strong,compressed_down,short,30m,DATA_INSUFFICIENT,356,350,-16.906533,-21.906533,-24.406533,-26.906533,44.382022,0.660942,-16.906533,-17.550000,-114.317660,-55.531546,false,false,false,61.088916,38.471500,0.000000
VolumeRatio20,volume_ratio_unknown,compressed_up,short,15m,DATA_INSUFFICIENT,19,19,-17.112525,-22.112525,-24.612525,-27.112525,0.000000,0.000000,-17.112525,-11.900000,-25.145807,-57.471182,false,false,false,0.000000,0.000000,0.000000
CloseRelativeEMA20,above_ema20_strong,compressed_down,short,60m,DATA_INSUFFICIENT,356,350,-17.539827,-22.539827,-25.039827,-27.539827,44.662921,0.728221,-17.539827,-28.900000,-96.954476,-55.824804,false,false,false,100.000000,26.425603,70.303462
ATRPct14,atr_pct_14_high,compressed_down,long,5m,DATA_INSUFFICIENT,225,187,-17.623518,-22.623518,-25.123518,-27.623518,48.444444,0.644628,-17.623518,0.000000,-167.396166,-92.660264,false,false,false,65.328765,41.562071,100.000000
RealizedVol60,realized_vol_60_high,compressed_down,long,30m,DATA_INSUFFICIENT,160,126,-17.781444,-22.781444,-25.281444,-27.781444,46.250000,0.771604,-17.781444,-15.550000,-295.708075,-115.849138,false,false,false,100.000000,18.389686,56.491718
CloseRelativeEMA20,below_ema20_strong,trend_up,long,60m,DATA_INSUFFICIENT,65,63,-18.486411,-23.486411,-25.986411,-28.486411,50.769231,0.775217,-18.486411,6.700000,-256.975446,-119.391988,false,false,false,77.008866,61.064747,59.265613
CloseRelativeEMA20,above_ema20_strong,trend_down,short,5m,DATA_INSUFFICIENT,107,104,-18.576875,-23.576875,-26.076875,-28.576875,35.514019,0.506463,-18.576875,-17.800000,-92.593176,-47.985918,false,false,false,52.201938,46.732914,58.854286
RealizedVol60,realized_vol_60_high,compressed_down,short,60m,DATA_INSUFFICIENT,160,126,-18.887713,-23.887713,-26.387713,-28.887713,33.125000,0.801201,-18.887713,-63.150000,-162.133274,-117.581732,false,false,false,54.464543,60.361816,70.163690
ATRPct14,atr_pct_14_unknown,range,short,15m,DATA_INSUFFICIENT,17,7,-19.205595,-24.205595,-26.705595,-29.205595,0.000000,0.000000,-19.205595,0.000000,-24.205595,-53.261939,false,false,false,0.000000,0.000000,0.000000
Return15,return15_down_strong,trend_up,long,60m,DATA_INSUFFICIENT,128,128,-19.878087,-24.878087,-27.378087,-29.878087,42.187500,0.612623,-19.878087,-17.350000,-146.924227,-49.944617,false,false,false,82.524181,53.542057,82.024260
VolumeRatio20,volume_ratio_unknown,trend_down,long,30m,DATA_INSUFFICIENT,8,8,-20.993179,-25.993179,-28.493179,-30.993179,12.500000,0.087335,-20.993179,-26.400000,-25.993179,-60.386666,false,false,false,100.000000,0.000000,0.000000
VolumeRatio20,volume_ratio_unknown,compressed_up,short,60m,DATA_INSUFFICIENT,19,19,-21.377738,-26.377738,-28.877738,-31.377738,15.789474,0.110965,-21.377738,-3.900000,-52.419492,-76.012310,false,false,false,100.000000,0.000000,0.000000
ATRPct14,atr_pct_14_high,compressed_down,short,60m,DATA_INSUFFICIENT,225,187,-21.728128,-26.728128,-29.228128,-31.728128,44.000000,0.810422,-21.728128,-43.200000,-148.785464,-73.005460,false,false,false,100.000000,58.572453,60.255131
VolumeRatio20,volume_ratio_unknown,range,short,30m,DATA_INSUFFICIENT,22,12,-24.004373,-29.004373,-31.504373,-34.004373,9.090909,0.055197,-24.004373,-12.600000,-29.004373,-49.532844,false,false,false,0.000000,0.000000,0.000000
RealizedVol60,realized_vol_60_high,range,short,30m,DATA_INSUFFICIENT,329,215,-24.440491,-29.440491,-31.940491,-34.440491,44.376900,0.704722,-24.440491,-25.200000,-230.147013,-49.003727,false,false,false,0.000000,33.915463,93.636354
RealizedVol60,realized_vol_60_high,compressed_up,short,15m,DATA_INSUFFICIENT,136,90,-28.453392,-33.453392,-35.953392,-38.453392,41.176471,0.642250,-28.453392,-15.350000,-297.849545,-73.182859,false,false,false,100.000000,76.692192,97.333585
RealizedVol60,realized_vol_60_high,compressed_down,long,5m,DATA_INSUFFICIENT,160,126,-28.477041,-33.477041,-35.977041,-38.477041,45.625000,0.506713,-28.477041,-14.750000,-225.599973,-65.229435,false,false,false,0.000000,51.403276,37.229867
ETHContext60,eth_up_strong,compressed_down,short,240m,DATA_INSUFFICIENT,408,370,-28.933313,-33.933313,-36.433313,-38.933313,46.078431,0.656114,-28.933313,-17.800000,-250.058945,-70.377389,false,false,false,100.000000,17.647066,50.847340
ATRPct14,atr_pct_14_unknown,range,short,30m,DATA_INSUFFICIENT,17,7,-33.276907,-38.276907,-40.776907,-43.276907,5.882353,0.007122,-33.276907,-33.700000,-38.276907,-65.566405,false,false,false,0.000000,0.000000,0.000000
ATRPct14,atr_pct_14_high,compressed_up,short,15m,DATA_INSUFFICIENT,199,135,-34.000620,-39.000620,-41.500620,-44.000620,40.703518,0.575716,-34.000620,-21.400000,-96.033260,-58.572255,false,false,false,100.000000,83.130304,100.000000
RealizedVol60,realized_vol_60_unknown,range,short,30m,DATA_INSUFFICIENT,7,7,-34.173188,-39.173188,-41.673188,-44.173188,14.285714,0.016736,-34.173188,-38.000000,-39.173188,-77.310583,false,false,false,100.000000,0.000000,0.000000
ATRPct14,atr_pct_14_unknown,compressed_down,short,60m,DATA_INSUFFICIENT,8,8,-36.090137,-41.090137,-43.590137,-46.090137,12.500000,0.014000,-36.090137,-42.650000,-41.090137,-77.310583,false,false,false,100.000000,0.000000,0.000000
VolumeRatio20,volume_ratio_unknown,compressed_down,short,60m,DATA_INSUFFICIENT,8,8,-36.090137,-41.090137,-43.590137,-46.090137,12.500000,0.014000,-36.090137,-42.650000,-41.090137,-77.310583,false,false,false,100.000000,0.000000,0.000000
CloseRelativeEMA20,above_ema20_strong,compressed_down,short,120m,DATA_INSUFFICIENT,356,350,-36.419355,-41.419355,-43.919355,-46.419355,41.011236,0.644298,-36.419355,-26.550000,-168.748127,-75.102131,false,false,false,0.000000,51.009449,100.000000
RealizedVol60,realized_vol_60_high,compressed_down,short,240m,DATA_INSUFFICIENT,160,126,-39.373314,-44.373314,-46.873314,-49.373314,48.125000,0.768843,-39.373314,-9.900000,-625.963441,-115.102008,false,false,false,0.000000,32.826037,55.631203
CloseRelativeEMA20,below_ema20_strong,trend_up,long,120m,DATA_INSUFFICIENT,65,63,-40.532082,-45.532082,-48.032082,-50.532082,40.000000,0.625724,-40.532082,-40.500000,-317.713214,-88.378897,false,false,false,55.755409,100.000000,100.000000
Return15,return15_down_strong,trend_up,long,120m,DATA_INSUFFICIENT,128,128,-46.020081,-51.020081,-53.520081,-56.020081,40.625000,0.530234,-46.020081,-35.150000,-243.335251,-133.686770,false,false,false,92.918710,34.494827,53.182067
RealizedVol60,realized_vol_60_unknown,range,short,15m,DATA_INSUFFICIENT,7,7,-46.642159,-51.642159,-54.142159,-56.642159,0.000000,0.000000,-46.642159,-46.800000,-51.642159,-101.523879,false,false,false,0.000000,0.000000,0.000000
Return15,return15_up_strong,trend_down,short,60m,DATA_INSUFFICIENT,116,116,-48.019444,-53.019444,-55.519444,-58.019444,40.517241,0.417540,-48.019444,-23.100000,-303.471464,-171.483125,false,false,false,100.000000,49.237935,100.000000
CloseRelativeEMA20,below_ema20_strong,trend_up,long,240m,DATA_INSUFFICIENT,65,63,-48.430235,-53.430235,-55.930235,-58.430235,40.000000,0.589726,-48.430235,-54.800000,-362.061633,-174.876307,false,false,false,70.866751,93.166072,80.416736
RealizedVol60,realized_vol_60_unknown,trend_up,short,30m,DATA_INSUFFICIENT,1,1,-49.508780,-54.508780,-57.008780,-59.508780,0.000000,0.000000,-49.508780,-49.500000,-54.508780,-54.508780,false,false,false,0.000000,0.000000,0.000000
VolumeRatio20,volume_ratio_unknown,compressed_up,short,120m,DATA_INSUFFICIENT,19,19,-50.145560,-55.145560,-57.645560,-60.145560,26.315789,0.111423,-50.145560,-37.900000,-63.667283,-116.769057,false,false,false,100.000000,0.000000,0.000000
RealizedVol60,realized_vol_60_unknown,trend_up,short,15m,DATA_INSUFFICIENT,1,1,-51.442717,-56.442717,-58.942717,-61.442717,0.000000,0.000000,-51.442717,-51.400000,-56.442717,-56.442717,false,false,false,0.000000,0.000000,0.000000
RealizedVol60,realized_vol_60_high,trend_down,short,15m,DATA_INSUFFICIENT,258,154,-51.605316,-56.605316,-59.105316,-61.605316,38.372093,0.609129,-51.605316,-47.700000,-299.928486,-96.319207,false,false,false,0.000000,82.902867,100.000000
RealizedVol60,realized_vol_60_high,range,short,60m,DATA_INSUFFICIENT,329,215,-52.550642,-57.550642,-60.050642,-62.550642,40.121581,0.615195,-52.550642,-67.500000,-241.827869,-97.093566,false,false,false,100.000000,66.311348,76.918297
Return15,return15_up_strong,trend_down,short,120m,DATA_INSUFFICIENT,116,116,-53.226091,-58.226091,-60.726091,-63.226091,37.931034,0.513923,-53.226091,-56.150000,-291.110525,-88.863429,false,false,false,0.000000,68.941148,100.000000
RealizedVol60,realized_vol_60_high,trend_up,short,15m,DATA_INSUFFICIENT,90,59,-59.481158,-64.481158,-66.981158,-69.481158,45.555556,0.506876,-59.481158,-14.650000,-335.391022,-124.066859,false,false,false,54.441230,51.884468,52.979431
CloseRelativeEMA20,above_ema20_strong,trend_down,short,15m,DATA_INSUFFICIENT,107,104,-61.396999,-66.396999,-68.896999,-71.396999,31.775701,0.367892,-61.396999,-53.700000,-710.479774,-121.320767,false,false,false,0.000000,78.166869,100.000000
RealizedVol60,realized_vol_60_high,trend_down,long,5m,DATA_INSUFFICIENT,258,154,-67.217871,-72.217871,-74.717871,-77.217871,62.015504,0.516851,-67.217871,40.000000,-1621.811947,-140.898167,false,false,false,57.349314,25.747180,63.088427
RealizedVol60,realized_vol_60_high,compressed_down,short,120m,DATA_INSUFFICIENT,160,126,-71.179181,-76.179181,-78.679181,-81.179181,38.750000,0.544424,-71.179181,-78.250000,-441.632995,-187.353409,false,false,false,0.000000,25.229207,79.037541
VolumeRatio20,volume_ratio_unknown,range,short,60m,DATA_INSUFFICIENT,22,12,-71.812542,-76.812542,-79.312542,-81.812542,4.545455,0.012093,-71.812542,-73.800000,-76.812542,-134.870821,false,false,false,0.000000,0.000000,0.000000
CloseRelativeEMA20,above_ema20_strong,compressed_down,short,240m,DATA_INSUFFICIENT,356,350,-73.398126,-78.398126,-80.898126,-83.398126,42.134831,0.555002,-73.398126,-60.950000,-357.150112,-148.859409,false,false,false,0.000000,34.353761,100.000000
ATRPct14,atr_pct_14_unknown,trend_up,short,60m,DATA_INSUFFICIENT,7,5,-74.749390,-79.749390,-82.249390,-84.749390,0.000000,0.000000,-74.749390,-51.400000,-79.749390,-113.429386,false,false,false,0.000000,0.000000,0.000000
VolumeRatio20,volume_ratio_unknown,trend_up,short,60m,DATA_INSUFFICIENT,7,5,-74.749390,-79.749390,-82.249390,-84.749390,0.000000,0.000000,-74.749390,-51.400000,-79.749390,-113.429386,false,false,false,0.000000,0.000000,0.000000
ETHContext60,eth_down_strong,compressed_up,short,240m,DATA_INSUFFICIENT,202,183,-79.056813,-84.056813,-86.556813,-89.056813,37.128713,0.408531,-79.056813,-42.550000,-537.317718,-133.736755,false,false,false,0.000000,45.396428,91.123093
CloseRelativeEMA20,above_ema20_strong,trend_down,short,30m,DATA_INSUFFICIENT,107,104,-82.478919,-87.478919,-89.978919,-92.478919,28.971963,0.258820,-82.478919,-43.000000,-658.766665,-154.692380,false,false,false,0.000000,60.965663,74.306410
RealizedVol60,realized_vol_60_high,trend_up,short,30m,DATA_INSUFFICIENT,90,59,-85.494072,-90.494072,-92.994072,-95.494072,53.333333,0.494127,-85.494072,14.200000,-256.468872,-270.531879,false,false,false,73.282476,37.883890,47.480002
RealizedVol60,realized_vol_60_high,compressed_up,short,30m,DATA_INSUFFICIENT,136,90,-89.456291,-94.456291,-96.956291,-99.456291,45.588235,0.427863,-89.456291,-37.800000,-523.236367,-172.014407,false,false,false,0.000000,58.968809,76.876978
RealizedVol60,realized_vol_60_high,range,short,120m,DATA_INSUFFICIENT,329,215,-93.105395,-98.105395,-100.605395,-103.105395,37.082067,0.475881,-93.105395,-89.900000,-490.386458,-126.852616,false,false,false,0.000000,57.112326,100.000000
ATRPct14,atr_pct_14_unknown,range,short,60m,DATA_INSUFFICIENT,17,7,-94.444803,-99.444803,-101.944803,-104.444803,0.000000,0.000000,-94.444803,-96.500000,-99.444803,-134.870821,false,false,false,0.000000,0.000000,0.000000
CloseRelativeEMA20,above_ema20_strong,trend_down,short,60m,DATA_INSUFFICIENT,107,104,-98.788335,-103.788335,-106.288335,-108.788335,32.710280,0.338486,-98.788335,-66.400000,-614.045068,-194.373464,false,false,false,0.000000,32.222923,100.000000
ATRPct14,atr_pct_14_high,compressed_up,short,30m,DATA_INSUFFICIENT,199,135,-100.814044,-105.814044,-108.314044,-110.814044,38.693467,0.360166,-100.814044,-74.400000,-302.532427,-177.658047,false,false,false,0.000000,42.776783,100.000000
RealizedVol60,realized_vol_60_high,trend_down,short,30m,DATA_INSUFFICIENT,258,154,-103.171581,-108.171581,-110.671581,-113.171581,33.720930,0.379707,-103.171581,-92.450000,-790.207709,-154.691342,false,false,false,0.000000,95.456529,100.000000
RealizedVol60,realized_vol_60_high,compressed_up,short,120m,DATA_INSUFFICIENT,136,90,-103.416772,-108.416772,-110.916772,-113.416772,40.441176,0.443120,-103.416772,-59.550000,-712.434951,-321.662244,false,false,false,0.000000,60.845856,72.667368
ATRPct14,atr_pct_14_high,compressed_up,short,120m,DATA_INSUFFICIENT,199,135,-107.385140,-112.385140,-114.885140,-117.385140,39.195980,0.466988,-107.385140,-95.000000,-290.751475,-227.820272,false,false,false,100.000000,71.397459,81.319827
CloseRelativeEMA20,above_ema20_strong,trend_down,short,120m,DATA_INSUFFICIENT,107,104,-108.917112,-113.917112,-116.417112,-118.917112,39.252336,0.339441,-108.917112,-59.300000,-926.783421,-221.237217,false,false,false,0.000000,49.500180,100.000000
RealizedVol60,realized_vol_60_high,range,short,240m,DATA_INSUFFICIENT,329,215,-114.511157,-119.511157,-122.011157,-124.511157,33.738602,0.494486,-114.511157,-111.900000,-415.280158,-198.669910,false,false,false,0.000000,78.044770,100.000000
ATRPct14,atr_pct_14_high,compressed_down,short,120m,DATA_INSUFFICIENT,225,187,-114.928953,-119.928953,-122.428953,-124.928953,37.777778,0.463443,-114.928953,-90.700000,-563.387085,-227.160605,false,false,false,100.000000,100.000000,100.000000
Return15,return15_up_strong,trend_down,short,240m,DATA_INSUFFICIENT,116,116,-115.602555,-120.602555,-123.102555,-125.602555,31.034483,0.346673,-115.602555,-78.200000,-466.143840,-205.806348,false,false,false,0.000000,75.396892,100.000000
RealizedVol60,realized_vol_60_high,compressed_up,short,60m,DATA_INSUFFICIENT,136,90,-119.221709,-124.221709,-126.721709,-129.221709,37.500000,0.370103,-119.221709,-70.250000,-667.023492,-281.920310,false,false,false,100.000000,42.940997,88.146650
VolumeRatio20,volume_ratio_unknown,range,short,120m,DATA_INSUFFICIENT,22,12,-120.652948,-125.652948,-128.152948,-130.652948,9.090909,0.038660,-120.652948,-123.250000,-125.652948,-277.003153,false,false,false,0.000000,0.000000,0.000000
ATRPct14,atr_pct_14_high,compressed_up,short,60m,DATA_INSUFFICIENT,199,135,-121.147150,-126.147150,-128.647150,-131.147150,35.678392,0.352694,-121.147150,-86.200000,-300.652494,-235.086598,false,false,false,0.000000,85.260672,100.000000
RealizedVol60,realized_vol_60_unknown,range,short,60m,DATA_INSUFFICIENT,7,7,-125.549083,-130.549083,-133.049083,-135.549083,0.000000,0.000000,-125.549083,-134.600000,-130.549083,-190.400416,false,false,false,0.000000,0.000000,0.000000
RealizedVol60,realized_vol_60_unknown,range,short,120m,DATA_INSUFFICIENT,7,7,-126.068439,-131.068439,-133.568439,-136.068439,0.000000,0.000000,-126.068439,-111.900000,-131.068439,-272.716284,false,false,false,0.000000,0.000000,0.000000
RealizedVol60,realized_vol_60_high,trend_down,short,60m,DATA_INSUFFICIENT,258,154,-132.168898,-137.168898,-139.668898,-142.168898,32.170543,0.362660,-132.168898,-103.300000,-522.178259,-174.732043,false,false,false,0.000000,100.000000,0.000000
ATRPct14,atr_pct_14_unknown,range,short,120m,DATA_INSUFFICIENT,17,7,-133.418996,-138.418996,-140.918996,-143.418996,5.882353,0.023835,-133.418996,-147.000000,-138.418996,-277.003153,false,false,false,100.000000,0.000000,0.000000
VolumeRatio20,volume_ratio_unknown,compressed_up,short,240m,DATA_INSUFFICIENT,19,19,-142.862695,-147.862695,-150.362695,-152.862695,5.263158,0.011940,-142.862695,-111.800000,-159.221352,-348.443340,false,false,false,0.000000,0.000000,0.000000
ATRPct14,atr_pct_14_unknown,compressed_down,short,120m,DATA_INSUFFICIENT,8,8,-147.722517,-152.722517,-155.222517,-157.722517,0.000000,0.000000,-147.722517,-133.250000,-152.722517,-262.371883,false,false,false,0.000000,0.000000,0.000000
VolumeRatio20,volume_ratio_unknown,compressed_down,short,120m,DATA_INSUFFICIENT,8,8,-147.722517,-152.722517,-155.222517,-157.722517,0.000000,0.000000,-147.722517,-133.250000,-152.722517,-262.371883,false,false,false,0.000000,0.000000,0.000000
VolumeRatio20,volume_ratio_unknown,trend_down,long,60m,DATA_INSUFFICIENT,8,8,-153.040785,-158.040785,-160.540785,-163.040785,0.000000,0.000000,-153.040785,-147.050000,-158.040785,-275.030272,false,false,false,0.000000,0.000000,0.000000
ATRPct14,atr_pct_14_unknown,trend_up,short,240m,DATA_INSUFFICIENT,7,5,-153.246491,-158.246491,-160.746491,-163.246491,0.000000,0.000000,-153.246491,-166.700000,-158.246491,-347.565138,false,false,false,0.000000,0.000000,0.000000
VolumeRatio20,volume_ratio_unknown,trend_up,short,240m,DATA_INSUFFICIENT,7,5,-153.246491,-158.246491,-160.746491,-163.246491,0.000000,0.000000,-153.246491,-166.700000,-158.246491,-347.565138,false,false,false,0.000000,0.000000,0.000000
ATRPct14,atr_pct_14_unknown,trend_up,short,120m,DATA_INSUFFICIENT,7,5,-156.865827,-161.865827,-164.365827,-166.865827,0.000000,0.000000,-156.865827,-169.700000,-161.865827,-210.513009,false,false,false,0.000000,0.000000,0.000000
VolumeRatio20,volume_ratio_unknown,trend_up,short,120m,DATA_INSUFFICIENT,7,5,-156.865827,-161.865827,-164.365827,-166.865827,0.000000,0.000000,-156.865827,-169.700000,-161.865827,-210.513009,false,false,false,0.000000,0.000000,0.000000
ATRPct14,atr_pct_14_unknown,compressed_down,short,240m,DATA_INSUFFICIENT,8,8,-158.920364,-163.920364,-166.420364,-168.920364,0.000000,0.000000,-158.920364,-135.300000,-163.920364,-385.417639,false,false,false,0.000000,0.000000,0.000000
VolumeRatio20,volume_ratio_unknown,compressed_down,short,240m,DATA_INSUFFICIENT,8,8,-158.920364,-163.920364,-166.420364,-168.920364,0.000000,0.000000,-158.920364,-135.300000,-163.920364,-385.417639,false,false,false,0.000000,0.000000,0.000000
ATRPct14,atr_pct_14_high,compressed_down,short,240m,DATA_INSUFFICIENT,225,187,-166.203899,-171.203899,-173.703899,-176.203899,40.000000,0.447754,-166.203899,-112.300000,-528.550283,-297.228311,false,false,false,0.000000,95.158217,100.000000
RealizedVol60,realized_vol_60_unknown,trend_up,short,60m,DATA_INSUFFICIENT,1,1,-174.827880,-179.827880,-182.327880,-184.827880,0.000000,0.000000,-174.827880,-174.800000,-179.827880,-179.827880,false,false,false,0.000000,0.000000,0.000000
VolumeRatio20,volume_ratio_unknown,range,short,240m,DATA_INSUFFICIENT,22,12,-175.985633,-180.985633,-183.485633,-185.985633,0.000000,0.000000,-175.985633,-128.000000,-180.985633,-397.404265,false,false,false,0.000000,0.000000,0.000000
RealizedVol60,realized_vol_60_high,compressed_up,short,240m,DATA_INSUFFICIENT,136,90,-183.477442,-188.477442,-190.977442,-193.477442,34.558824,0.340186,-183.477442,-147.900000,-710.802003,-425.613970,false,false,false,0.000000,48.282431,99.221403
CloseRelativeEMA20,above_ema20_strong,trend_down,short,240m,DATA_INSUFFICIENT,107,104,-184.382642,-189.382642,-191.882642,-194.382642,29.906542,0.289022,-184.382642,-127.700000,-713.637459,-416.737530,false,false,false,100.000000,56.433095,0.000000
RealizedVol60,realized_vol_60_unknown,trend_up,short,240m,DATA_INSUFFICIENT,1,1,-184.497563,-189.497563,-191.997563,-194.497563,0.000000,0.000000,-184.497563,-184.500000,-189.497563,-189.497563,false,false,false,0.000000,0.000000,0.000000
ATRPct14,atr_pct_14_high,compressed_up,short,240m,DATA_INSUFFICIENT,199,135,-187.588154,-192.588154,-195.088154,-197.588154,32.663317,0.379321,-187.588154,-167.300000,-689.993012,-399.227850,false,false,false,100.000000,51.782205,53.765182
RealizedVol60,realized_vol_60_high,trend_up,short,60m,DATA_INSUFFICIENT,90,59,-188.775002,-193.775002,-196.275002,-198.775002,33.333333,0.318484,-188.775002,-116.800000,-491.337322,-462.491538,false,false,false,100.000000,45.508143,63.060343
RealizedVol60,realized_vol_60_high,trend_up,short,120m,DATA_INSUFFICIENT,90,59,-192.580963,-197.580963,-200.080963,-202.580963,40.000000,0.357756,-192.580963,-83.550000,-518.273722,-465.380854,false,false,false,100.000000,38.213831,61.571281
VolumeRatio20,volume_ratio_unknown,trend_down,long,240m,DATA_INSUFFICIENT,8,8,-197.203070,-202.203070,-204.703070,-207.203070,0.000000,0.000000,-197.203070,-204.550000,-202.203070,-379.571140,false,false,false,0.000000,0.000000,0.000000
ATRPct14,atr_pct_14_unknown,range,short,240m,DATA_INSUFFICIENT,17,7,-202.790311,-207.790311,-210.290311,-212.790311,0.000000,0.000000,-202.790311,-139.900000,-207.790311,-511.592644,false,false,false,0.000000,0.000000,0.000000
RealizedVol60,realized_vol_60_high,trend_down,short,120m,DATA_INSUFFICIENT,258,154,-210.262584,-215.262584,-217.762584,-220.262584,29.844961,0.225017,-210.262584,-166.650000,-983.509886,-294.969735,false,false,false,0.000000,79.794941,100.000000
RealizedVol60,realized_vol_60_unknown,trend_up,short,120m,DATA_INSUFFICIENT,1,1,-212.733039,-217.733039,-220.233039,-222.733039,0.000000,0.000000,-212.733039,-212.700000,-217.733039,-217.733039,false,false,false,0.000000,0.000000,0.000000
VolumeRatio20,volume_ratio_unknown,trend_down,long,120m,DATA_INSUFFICIENT,8,8,-212.779075,-217.779075,-220.279075,-222.779075,0.000000,0.000000,-212.779075,-210.700000,-217.779075,-358.985873,false,false,false,0.000000,0.000000,0.000000
RealizedVol60,realized_vol_60_unknown,range,short,240m,DATA_INSUFFICIENT,7,7,-224.986245,-229.986245,-232.486245,-234.986245,0.000000,0.000000,-224.986245,-139.900000,-229.986245,-541.243770,false,false,false,0.000000,0.000000,0.000000
RealizedVol60,realized_vol_60_high,trend_down,short,240m,DATA_INSUFFICIENT,258,154,-250.775697,-255.775697,-258.275697,-260.775697,24.806202,0.272387,-250.775697,-248.450000,-897.117834,-375.575462,false,false,false,0.000000,84.124187,92.546771
RealizedVol60,realized_vol_60_high,trend_up,short,240m,DATA_INSUFFICIENT,90,59,-251.187300,-256.187300,-258.687300,-261.187300,30.000000,0.276838,-251.187300,-139.050000,-754.144233,-586.109395,false,false,false,100.000000,45.941479,83.379637
